# Utah Teapot Model
# Source: https://graphics.cs.utah.edu/teapot/
# Version: 2026 - Cem Yuksel
# Triangle Mesh Resolution: 8 (9006 faces)
# Settings: z-up triangle mesh, Blinn scale, circular, trimmed, chamfer, curvature continuous, round bottom, Cem Yuksel interior, welded vertices
o Utah Teapot

v -1.851899 0 2.249121
v -1.851761 -0.0984375 2.239472
v -1.851398 -0.16875 2.214034
v -1.850884 -0.2109375 2.178069
v -1.850295 -0.225 2.136841
v -1.849706 -0.2109375 2.095613
v -1.849192 -0.16875 2.059648
v -1.848829 -0.0984375 2.034209
v -1.848691 0 2.02456
v -2.158227 0 2.242969
v -2.154429 -0.0984375 2.233452
v -2.144414 -0.16875 2.208362
v -2.130256 -0.2109375 2.17289
v -2.114026 -0.225 2.132227
v -2.097795 -0.2109375 2.091563
v -2.083637 -0.16875 2.056091
v -2.073623 -0.0984375 2.031001
v -2.069824 0 2.021484
v -2.418697 0 2.22627
v -2.411958 -0.0984375 2.217111
v -2.394189 -0.16875 2.192967
v -2.369068 -0.2109375 2.158833
v -2.340271 -0.225 2.119703
v -2.311474 -0.2109375 2.080572
v -2.286352 -0.16875 2.046437
v -2.268584 -0.0984375 2.022293
v -2.261844 0 2.013135
v -2.632031 0 2.19375
v -2.623001 -0.0984375 2.18529
v -2.599195 -0.16875 2.162988
v -2.565536 -0.2109375 2.131458
v -2.526953 -0.225 2.095313
v -2.48837 -0.2109375 2.059168
v -2.454712 -0.16875 2.027637
v -2.430905 -0.0984375 2.005335
v -2.421875 0 1.996875
v -2.796787 0 2.140137
v -2.786047 -0.0984375 2.132829
v -2.75773 -0.16875 2.113564
v -2.717697 -0.2109375 2.086326
v -2.671805 -0.225 2.055103
v -2.625913 -0.2109375 2.023879
v -2.58588 -0.16875 1.996642
v -2.557564 -0.0984375 1.977376
v -2.546823 0 1.970068
v -2.912183 0 2.060156
v -2.90025 -0.0984375 2.054567
v -2.86879 -0.16875 2.039832
v -2.824314 -0.2109375 2.018999
v -2.773328 -0.225 1.995117
v -2.722342 -0.2109375 1.971236
v -2.677865 -0.16875 1.950403
v -2.646405 -0.0984375 1.935668
v -2.634473 0 1.930078
v -2.978918 0 1.948535
v -2.96627 -0.0984375 1.945344
v -2.932928 -0.16875 1.936931
v -2.885789 -0.2109375 1.925037
v -2.831752 -0.225 1.911402
v -2.777714 -0.2109375 1.897766
v -2.730575 -0.16875 1.885872
v -2.697233 -0.0984375 1.877459
v -2.684586 0 1.874268
v -3 0 1.8
v -2.987109 -0.0984375 1.8
v -2.953125 -0.16875 1.8
v -2.905078 -0.2109375 1.8
v -2.85 -0.225 1.8
v -2.794922 -0.2109375 1.8
v -2.746875 -0.16875 1.8
v -2.712891 -0.0984375 1.8
v -2.7 0 1.8
v -1.63197 0 2.249671
v -1.625767 -0.0984375 2.240031
v -1.634615 -0.16875 2.214557
v -1.656266 -0.2059608 2.182765
v -1.659208 -0.2109375 2.178513
v -1.694311 -0.225 2.137183
v -1.73457 -0.2109375 2.09585
v -1.741835 -0.2025135 2.088651
v -1.769448 -0.16875 2.059801
v -1.796251 -0.0984375 2.034305
v -1.814213 0 2.024632
v -1.586046 0 2.255082
v -1.557787 0 2.27531
v -1.537853 0 2.317037
v -1.58025 -0.1009264 2.244897
v -1.552254 -0.1071519 2.263992
v -1.532265 -0.1191591 2.303561
v -1.589288 -0.1753509 2.216265
v -1.561388 -0.1894641 2.230718
v -1.541422 -0.2157437 2.262643
v -1.610356 -0.2153226 2.177865
v -1.582138 -0.23598 2.183793
v -1.563038 -0.2745612 2.202569
v -1.612929 -0.2205224 2.172735
v -1.584631 -0.2421283 2.177587
v -1.565646 -0.2823282 2.194627
v -1.645271 -0.2322559 2.121365
v -1.616086 -0.2577537 2.111936
v -1.600426 -0.3070886 2.106975
v -1.680534 -0.2107095 2.074101
v -1.649882 -0.2340338 2.049243
v -1.640028 -0.2829758 2.019305
v -1.686881 -0.2007483 2.066862
v -1.6558 -0.2225727 2.039708
v -1.647131 -0.2697066 2.005653
v -1.709713 -0.1628183 2.038889
v -1.677626 -0.1788938 2.002021
v -1.674444 -0.2162804 1.950667
v -1.732059 -0.09323458 2.016797
v -1.698869 -0.1005552 1.973523
v -1.700488 -0.1194815 1.909498
v -1.748313 0 2.008638
v -1.714557 0 1.963723
v -1.717654 0 1.896037
v -1.851761 0.0984375 2.239472
v -1.851398 0.16875 2.214034
v -1.850884 0.2109375 2.178069
v -1.850295 0.225 2.136841
v -1.849706 0.2109375 2.095613
v -1.849192 0.16875 2.059648
v -1.848829 0.0984375 2.034209
v -2.154429 0.0984375 2.233452
v -2.144414 0.16875 2.208362
v -2.130256 0.2109375 2.17289
v -2.114026 0.225 2.132227
v -2.097795 0.2109375 2.091563
v -2.083637 0.16875 2.056091
v -2.073623 0.0984375 2.031001
v -2.411958 0.0984375 2.217111
v -2.394189 0.16875 2.192967
v -2.369068 0.2109375 2.158833
v -2.340271 0.225 2.119703
v -2.311474 0.2109375 2.080572
v -2.286352 0.16875 2.046437
v -2.268584 0.0984375 2.022293
v -2.623001 0.0984375 2.18529
v -2.599195 0.16875 2.162988
v -2.565536 0.2109375 2.131458
v -2.526953 0.225 2.095313
v -2.48837 0.2109375 2.059168
v -2.454712 0.16875 2.027637
v -2.430905 0.0984375 2.005335
v -2.786047 0.0984375 2.132829
v -2.75773 0.16875 2.113564
v -2.717697 0.2109375 2.086326
v -2.671805 0.225 2.055103
v -2.625913 0.2109375 2.023879
v -2.58588 0.16875 1.996642
v -2.557564 0.0984375 1.977376
v -2.90025 0.0984375 2.054567
v -2.86879 0.16875 2.039832
v -2.824314 0.2109375 2.018999
v -2.773328 0.225 1.995117
v -2.722342 0.2109375 1.971236
v -2.677865 0.16875 1.950403
v -2.646405 0.0984375 1.935668
v -2.96627 0.0984375 1.945344
v -2.932928 0.16875 1.936931
v -2.885789 0.2109375 1.925037
v -2.831752 0.225 1.911402
v -2.777714 0.2109375 1.897766
v -2.730575 0.16875 1.885872
v -2.697233 0.0984375 1.877459
v -2.987109 0.0984375 1.8
v -2.953125 0.16875 1.8
v -2.905078 0.2109375 1.8
v -2.85 0.225 1.8
v -2.794922 0.2109375 1.8
v -2.746875 0.16875 1.8
v -2.712891 0.0984375 1.8
v -1.625767 0.0984375 2.240031
v -1.634615 0.16875 2.214557
v -1.656266 0.2059608 2.182765
v -1.659208 0.2109375 2.178513
v -1.694311 0.225 2.137183
v -1.73457 0.2109375 2.09585
v -1.741835 0.2025135 2.088651
v -1.769448 0.16875 2.059801
v -1.796251 0.0984375 2.034305
v -1.58025 0.1009264 2.244897
v -1.552254 0.1071519 2.263992
v -1.532265 0.1191591 2.303561
v -1.589288 0.1753509 2.216265
v -1.561388 0.1894641 2.230718
v -1.541422 0.2157437 2.262643
v -1.610356 0.2153226 2.177865
v -1.582138 0.23598 2.183793
v -1.563038 0.2745612 2.202569
v -1.612929 0.2205224 2.172735
v -1.584631 0.2421283 2.177587
v -1.565646 0.2823282 2.194627
v -1.645271 0.2322559 2.121365
v -1.616086 0.2577537 2.111936
v -1.600426 0.3070886 2.106975
v -1.680534 0.2107095 2.074101
v -1.649882 0.2340338 2.049243
v -1.640028 0.2829758 2.019305
v -1.686881 0.2007483 2.066862
v -1.6558 0.2225727 2.039708
v -1.647131 0.2697066 2.005653
v -1.709713 0.1628183 2.038889
v -1.677626 0.1788938 2.002021
v -1.674444 0.2162804 1.950667
v -1.732059 0.09323458 2.016797
v -1.698869 0.1005552 1.973523
v -1.700488 0.1194815 1.909498
v -2.981141 0 1.633081
v -2.968514 -0.0984375 1.636213
v -2.935227 -0.16875 1.644468
v -2.888165 -0.2109375 1.65614
v -2.834215 -0.225 1.669519
v -2.780266 -0.2109375 1.682899
v -2.733204 -0.16875 1.69457
v -2.699916 -0.0984375 1.702826
v -2.687289 0 1.705957
v -2.927661 0 1.470117
v -2.91586 -0.0984375 1.47553
v -2.884749 -0.16875 1.489801
v -2.840765 -0.2109375 1.509977
v -2.790345 -0.225 1.533105
v -2.739923 -0.2109375 1.556234
v -2.695939 -0.16875 1.57641
v -2.664828 -0.0984375 1.590681
v -2.653027 0 1.596094
v -2.841982 0 1.311548
v -2.831587 -0.0984375 1.318601
v -2.804181 -0.16875 1.337194
v -2.765434 -0.2109375 1.363482
v -2.721018 -0.225 1.393616
v -2.6766 -0.2109375 1.42375
v -2.637854 -0.16875 1.450037
v -2.610447 -0.0984375 1.468631
v -2.600052 0 1.475684
v -2.724219 0 1.157812
v -2.715793 -0.0984375 1.166071
v -2.693579 -0.16875 1.187842
v -2.662174 -0.2109375 1.218622
v -2.626172 -0.225 1.253906
v -2.590171 -0.2109375 1.289191
v -2.558765 -0.16875 1.319971
v -2.536551 -0.0984375 1.341742
v -2.528125 0 1.35
v -2.573002 0 1.009351
v -2.567074 -0.0984375 1.018587
v -2.551444 -0.16875 1.042939
v -2.529347 -0.2109375 1.077367
v -2.504017 -0.225 1.116834
v -2.478686 -0.2109375 1.1563
v -2.456589 -0.16875 1.190728
v -2.440959 -0.0984375 1.21508
v -2.435031 0 1.224316
v -2.386304 0 0.8666015
v -2.383355 -0.0984375 0.8767983
v -2.375581 -0.16875 0.9036804
v -2.36459 -0.2109375 0.9416863
v -2.35199 -0.225 0.9852539
v -2.33939 -0.2109375 1.028821
v -2.328399 -0.16875 1.066827
v -2.320625 -0.0984375 1.09371
v -2.317676 0 1.103906
v -2.162261 0 0.7300049
v -2.162731 -0.0984375 0.7413503
v -2.163968 -0.16875 0.7712609
v -2.165718 -0.2109375 0.8135481
v -2.167723 -0.225 0.8620239
v -2.169728 -0.2109375 0.9104996
v -2.171478 -0.16875 0.952787
v -2.172715 -0.0984375 0.9826976
v -2.173184 0 0.994043
v -2.149474 0 0.9811677
v -2.136141 -0.0984375 0.9629471
v -2.120308 -0.16875 0.9255313
v -2.0992 -0.2109375 0.8735766
v -2.09578 -0.2129478 0.865125
v -2.057101 -0.225 0.8051061
v -2.029448 -0.2142256 0.755386
v -2.014911 -0.2109375 0.7371221
v -1.973745 -0.16875 0.6759851
v -1.961568 -0.1118914 0.6468261
v -1.956524 -0.0984375 0.6388514
v -1.958931 0 0.6292127
v -2.079185 0 0.9541238
v -2.017961 0 0.9790996
v -1.986675 0 1.047591
v -2.066272 -0.08853225 0.9401376
v -2.006932 -0.0956845 0.9647622
v -1.976771 -0.1176138 1.02899
v -2.051951 -0.1547719 0.9140121
v -1.998307 -0.1711378 0.935438
v -1.971248 -0.2140436 0.9849665
v -2.0359 -0.204458 0.8742254
v -1.992535 -0.2290384 0.8876556
v -1.970894 -0.283338 0.913293
v -2.033993 -0.2082163 0.8668056
v -1.992408 -0.2330138 0.8784341
v -1.971719 -0.2871444 0.9
v -2.005521 -0.2328441 0.8101349
v -1.975304 -0.2595893 0.8130709
v -1.959995 -0.3100547 0.8146204
v -1.988812 -0.2285049 0.7563938
v -1.966323 -0.2509375 0.7523557
v -1.953828 -0.2905074 0.7416503
v -1.977475 -0.226642 0.7365266
v -1.95735 -0.2481667 0.7307077
v -1.945497 -0.2847854 0.7174042
v -1.947719 -0.1823901 0.6683301
v -1.933822 -0.1958594 0.6580381
v -1.92342 -0.2173058 0.639114
v -1.940094 -0.1203175 0.6355975
v -1.928129 -0.1277234 0.6239059
v -1.91804 -0.1393298 0.6035157
v -1.935494 -0.1056008 0.6268516
v -1.923753 -0.111777 0.6147038
v -1.913513 -0.1214075 0.593819
v -1.939064 0 0.615925
v -1.927739 0 0.6032924
v -1.917517 0 0.5818396
v -2.968514 0.0984375 1.636213
v -2.935227 0.16875 1.644468
v -2.888165 0.2109375 1.65614
v -2.834215 0.225 1.669519
v -2.780266 0.2109375 1.682899
v -2.733204 0.16875 1.69457
v -2.699916 0.0984375 1.702826
v -2.91586 0.0984375 1.47553
v -2.884749 0.16875 1.489801
v -2.840765 0.2109375 1.509977
v -2.790345 0.225 1.533105
v -2.739923 0.2109375 1.556234
v -2.695939 0.16875 1.57641
v -2.664828 0.0984375 1.590681
v -2.831587 0.0984375 1.318601
v -2.804181 0.16875 1.337194
v -2.765434 0.2109375 1.363482
v -2.721018 0.225 1.393616
v -2.6766 0.2109375 1.42375
v -2.637854 0.16875 1.450037
v -2.610447 0.0984375 1.468631
v -2.715793 0.0984375 1.166071
v -2.693579 0.16875 1.187842
v -2.662174 0.2109375 1.218622
v -2.626172 0.225 1.253906
v -2.590171 0.2109375 1.289191
v -2.558765 0.16875 1.319971
v -2.536551 0.0984375 1.341742
v -2.567074 0.0984375 1.018587
v -2.551444 0.16875 1.042939
v -2.529347 0.2109375 1.077367
v -2.504017 0.225 1.116834
v -2.478686 0.2109375 1.1563
v -2.456589 0.16875 1.190728
v -2.440959 0.0984375 1.21508
v -2.383355 0.0984375 0.8767983
v -2.375581 0.16875 0.9036804
v -2.36459 0.2109375 0.9416863
v -2.35199 0.225 0.9852539
v -2.33939 0.2109375 1.028821
v -2.328399 0.16875 1.066827
v -2.320625 0.0984375 1.09371
v -2.162731 0.0984375 0.7413503
v -2.163968 0.16875 0.7712609
v -2.165718 0.2109375 0.8135481
v -2.167723 0.225 0.8620239
v -2.169728 0.2109375 0.9104996
v -2.171478 0.16875 0.952787
v -2.172715 0.0984375 0.9826976
v -2.136141 0.0984375 0.9629471
v -2.120308 0.16875 0.9255313
v -2.0992 0.2109375 0.8735766
v -2.09578 0.2129478 0.865125
v -2.057101 0.225 0.8051061
v -2.029448 0.2142256 0.755386
v -2.014911 0.2109375 0.7371221
v -1.973745 0.16875 0.6759851
v -1.961568 0.1118914 0.6468261
v -1.956524 0.0984375 0.6388514
v -2.066272 0.08853225 0.9401376
v -2.006932 0.0956845 0.9647622
v -1.976771 0.1176138 1.02899
v -2.051951 0.1547719 0.9140121
v -1.998307 0.1711378 0.935438
v -1.971248 0.2140436 0.9849665
v -2.0359 0.204458 0.8742254
v -1.992535 0.2290384 0.8876556
v -1.970894 0.283338 0.913293
v -2.033993 0.2082163 0.8668056
v -1.992408 0.2330138 0.8784341
v -1.971719 0.2871444 0.9
v -2.005521 0.2328441 0.8101349
v -1.975304 0.2595893 0.8130709
v -1.959995 0.3100547 0.8146204
v -1.988812 0.2285049 0.7563938
v -1.966323 0.2509375 0.7523557
v -1.953828 0.2905074 0.7416503
v -1.977475 0.226642 0.7365266
v -1.95735 0.2481667 0.7307077
v -1.945497 0.2847854 0.7174042
v -1.947719 0.1823901 0.6683301
v -1.933822 0.1958594 0.6580381
v -1.92342 0.2173058 0.639114
v -1.940094 0.1203175 0.6355975
v -1.928129 0.1277234 0.6239059
v -1.91804 0.1393298 0.6035157
v -1.935494 0.1056008 0.6268516
v -1.923753 0.111777 0.6147038
v -1.913513 0.1214075 0.593819
v 2.8 0 2.4
v 2.817187 -0.04921875 2.4
v 2.8625 -0.084375 2.4
v 2.926563 -0.1054688 2.4
v 3 -0.1125 2.4
v 3.073437 -0.1054688 2.4
v 3.1375 -0.084375 2.4
v 3.182812 -0.04921875 2.4
v 3.2 0 2.4
v 2.830817 0 2.422884
v 2.850347 -0.04992649 2.423383
v 2.901891 -0.08562343 2.424692
v 2.974865 -0.1070898 2.426521
v 3.058615 -0.1142992 2.42858
v 3.142429 -0.1072163 2.430605
v 3.215577 -0.08581211 2.432351
v 3.267329 -0.05007209 2.433575
v 3.286961 0 2.434038
v 2.846245 0 2.437973
v 2.868107 -0.0531615 2.438699
v 2.92585 -0.09122257 2.440598
v 3.007681 -0.1141807 2.443221
v 3.101663 -0.1219693 2.446144
v 3.195757 -0.1144993 2.448993
v 3.277895 -0.09169784 2.451434
v 3.336013 -0.05352824 2.453142
v 3.358061 0 2.453786
v 2.845667 0 2.447488
v 2.869824 -0.05912447 2.448187
v 2.933592 -0.1014715 2.449997
v 3.023882 -0.127038 2.452477
v 3.127493 -0.135737 2.455223
v 3.231159 -0.1274529 2.457895
v 3.321609 -0.1020904 2.460186
v 3.385591 -0.059602 2.461791
v 3.409861 0 2.462398
v 2.830926 0 2.451806
v 2.857099 -0.06664625 2.452324
v 2.926096 -0.1143557 2.453653
v 3.023609 -0.1431254 2.455458
v 3.135321 -0.1528762 2.457458
v 3.246958 -0.143503 2.45942
v 3.34429 -0.114919 2.46112
v 3.413108 -0.06708091 2.462321
v 3.439207 0 2.462777
v 2.805375 0 2.450168
v 2.832948 -0.0739207 2.450487
v 2.90555 -0.1267904 2.451293
v 3.007998 -0.1586072 2.452382
v 3.125207 -0.1693188 2.453605
v 3.24223 -0.1588561 2.454836
v 3.344199 -0.1271617 2.455928
v 3.416273 -0.07420722 2.456714
v 3.443603 0 2.457016
v 2.772922 0 2.441403
v 2.800965 -0.0792374 2.441598
v 2.874785 -0.1358651 2.442091
v 2.978917 -0.1698822 2.442766
v 3.098034 -0.1812665 2.443546
v 3.216954 -0.1699884 2.444356
v 3.320576 -0.1360235 2.445094
v 3.393821 -0.07935965 2.445633
v 3.421594 0 2.445842
v 2.737076 0 2.424634
v 2.764491 -0.08171446 2.424779
v 2.836709 -0.1400869 2.425154
v 2.938694 -0.1751173 2.42568
v 3.05548 -0.1868018 2.426293
v 3.172174 -0.1751354 2.426924
v 3.273916 -0.1401139 2.427492
v 3.345857 -0.08173525 2.427903
v 3.373141 0 2.428061
v 2.7 0 2.4
v 2.725781 -0.08203125 2.4
v 2.79375 -0.140625 2.4
v 2.889844 -0.1757813 2.4
v 3 -0.1875 2.4
v 3.110156 -0.1757813 2.4
v 3.20625 -0.140625 2.4
v 3.274219 -0.08203125 2.4
v 3.3 0 2.4
v 2.817187 0.04921875 2.4
v 2.8625 0.084375 2.4
v 2.926563 0.1054688 2.4
v 3 0.1125 2.4
v 3.073437 0.1054688 2.4
v 3.1375 0.084375 2.4
v 3.182812 0.04921875 2.4
v 2.850347 0.04992649 2.423383
v 2.901891 0.08562343 2.424692
v 2.974865 0.1070898 2.426521
v 3.058615 0.1142992 2.42858
v 3.142429 0.1072163 2.430605
v 3.215577 0.08581211 2.432351
v 3.267329 0.05007209 2.433575
v 2.868107 0.0531615 2.438699
v 2.92585 0.09122257 2.440598
v 3.007681 0.1141807 2.443221
v 3.101663 0.1219693 2.446144
v 3.195757 0.1144993 2.448993
v 3.277895 0.09169784 2.451434
v 3.336013 0.05352824 2.453142
v 2.869824 0.05912447 2.448187
v 2.933592 0.1014715 2.449997
v 3.023882 0.127038 2.452477
v 3.127493 0.135737 2.455223
v 3.231159 0.1274529 2.457895
v 3.321609 0.1020904 2.460186
v 3.385591 0.059602 2.461791
v 2.857099 0.06664625 2.452324
v 2.926096 0.1143557 2.453653
v 3.023609 0.1431254 2.455458
v 3.135321 0.1528762 2.457458
v 3.246958 0.143503 2.45942
v 3.34429 0.114919 2.46112
v 3.413108 0.06708091 2.462321
v 2.832948 0.0739207 2.450487
v 2.90555 0.1267904 2.451293
v 3.007998 0.1586072 2.452382
v 3.125207 0.1693188 2.453605
v 3.24223 0.1588561 2.454836
v 3.344199 0.1271617 2.455928
v 3.416273 0.07420722 2.456714
v 2.800965 0.0792374 2.441598
v 2.874785 0.1358651 2.442091
v 2.978917 0.1698822 2.442766
v 3.098034 0.1812665 2.443546
v 3.216954 0.1699884 2.444356
v 3.320576 0.1360235 2.445094
v 3.393821 0.07935965 2.445633
v 2.764491 0.08171446 2.424779
v 2.836709 0.1400869 2.425154
v 2.938694 0.1751173 2.42568
v 3.05548 0.1868018 2.426293
v 3.172174 0.1751354 2.426924
v 3.273916 0.1401139 2.427492
v 3.345857 0.08173525 2.427903
v 2.725781 0.08203125 2.4
v 2.79375 0.140625 2.4
v 2.889844 0.1757813 2.4
v 3 0.1875 2.4
v 3.110156 0.1757813 2.4
v 3.20625 0.140625 2.4
v 3.274219 0.08203125 2.4
v 2.579471 0 2.271696
v 2.598643 -0.0865936 2.269799
v 2.649253 -0.1484462 2.264808
v 2.720938 -0.1855577 2.257753
v 2.803254 -0.1979282 2.249649
v 2.885675 -0.1855577 2.241519
v 2.957634 -0.1484462 2.234408
v 3.008557 -0.0865936 2.229368
v 3.027878 0 2.227453
v 2.502493 0 2.120396
v 2.517663 -0.09998294 2.11525
v 2.557824 -0.1713993 2.101701
v 2.614939 -0.2142491 2.082547
v 2.680765 -0.2285324 2.060552
v 2.746855 -0.2142491 2.038494
v 2.804658 -0.1713993 2.019202
v 2.845608 -0.09998294 2.005528
v 2.861152 0 2.000336
v 2.446329 0 1.958759
v 2.459473 -0.1206019 1.949187
v 2.494342 -0.2067462 1.923975
v 2.544077 -0.2584327 1.888335
v 2.60155 -0.2756615 1.847426
v 2.659365 -0.2584327 1.806438
v 2.709997 -0.2067461 1.770615
v 2.745893 -0.1206019 1.745242
v 2.759524 0 1.73561
v 2.388603 0 1.799173
v 2.400853 -0.1456598 1.784331
v 2.433347 -0.2497025 1.745223
v 2.479684 -0.3121281 1.689935
v 2.533222 -0.3329366 1.62651
v 2.58707 -0.3121281 1.563012
v 2.634225 -0.2497025 1.507559
v 2.667653 -0.1456598 1.468304
v 2.680346 0 1.453407
v 2.307172 0 1.653849
v 2.318684 -0.1715985 1.633322
v 2.349164 -0.2941688 1.579219
v 2.392518 -0.367711 1.502731
v 2.442492 -0.392225 1.415018
v 2.492672 -0.367711 1.327257
v 2.536565 -0.2941688 1.25066
v 2.56766 -0.1715985 1.19646
v 2.579464 0 1.175897
v 2.179998 0 1.534924
v 2.189888 -0.1945191 1.50877
v 2.21602 -0.3334613 1.439825
v 2.253075 -0.4168266 1.342351
v 2.295672 -0.444615 1.230601
v 2.338356 -0.4168266 1.118829
v 2.375642 -0.3334613 1.021309
v 2.402035 -0.1945191 0.9523228
v 2.412051 0 0.9261537
v 1.985014 0 1.45455
v 1.991378 -0.2106078 1.42329
v 2.008166 -0.361042 1.340878
v 2.03192 -0.4513025 1.224365
v 2.05917 -0.4813893 1.090798
v 2.086435 -0.4513025 0.9572278
v 2.110229 -0.361042 0.8407065
v 2.127061 -0.2106078 0.7582874
v 2.133447 0 0.7270246
v 1.984902 0 1.454539
v 1.969862 -0.2110475 1.420799
v 1.97515 -0.2839749 1.380253
v 1.976688 -0.3226049 1.358616
v 1.968814 -0.3623455 1.335159
v 1.971345 -0.4404807 1.230938
v 1.970226 -0.4536742 1.213138
v 1.985562 -0.4830778 1.079771
v 1.985418 -0.4841841 1.07472
v 1.999259 -0.454181 0.9355277
v 2.001227 -0.4487368 0.9285981
v 2.005141 -0.3636569 0.8120666
v 2.010877 -0.3380788 0.7987482
v 2.010652 -0.3170538 0.7863392
v 1.990632 -0.2125101 0.7190455
v 1.998991 0 0.6877562
v 1.925212 3.346116e-8 1.447164
v 1.88333 4.556944e-8 1.470167
v 1.857528 8.119512e-8 1.524497
v 1.912617 -0.2084569 1.416371
v 1.873359 -0.2176061 1.436727
v 1.848212 -0.2392962 1.483742
v 1.919857 -0.2821569 1.376835
v 1.882304 -0.2951244 1.393356
v 1.857678 -0.3249433 1.432554
v 1.92221 -0.3216057 1.355826
v 1.885644 -0.3366153 1.37059
v 1.861355 -0.3702464 1.405637
v 1.915284 -0.3625704 1.333226
v 1.880056 -0.3797607 1.346322
v 1.856218 -0.416775 1.37709
v 1.921547 -0.4446955 1.228382
v 1.890141 -0.4654717 1.234028
v 1.868594 -0.5079292 1.249801
v 1.920833 -0.4585697 1.210543
v 1.890029 -0.4799912 1.215151
v 1.868845 -0.5231889 1.228695
v 1.939867 -0.491376 1.075183
v 1.912808 -0.5135689 1.072628
v 1.894867 -0.5568309 1.072019
v 1.939813 -0.4926012 1.070126
v 1.912875 -0.5148348 1.067376
v 1.895022 -0.558082 1.066329
v 1.958288 -0.4650117 0.9292494
v 1.935125 -0.485098 0.9210098
v 1.920475 -0.5231236 0.908181
v 1.960583 -0.4596295 0.9220881
v 1.937602 -0.4793886 0.9135169
v 1.923147 -0.516847 0.9
v 1.970569 -0.3748446 0.8034899
v 1.951122 -0.3896956 0.7917788
v 1.938515 -0.4170447 0.770739
v 1.977363 -0.348758 0.7895095
v 1.958218 -0.3621457 0.7774941
v 1.945856 -0.3870548 0.7555107
v 1.977915 -0.3271967 0.7766145
v 1.958998 -0.3394335 0.7643688
v 1.946752 -0.3623548 0.7416503
v 1.961614 -0.219213 0.7073923
v 1.944446 -0.2263369 0.694137
v 1.932198 -0.2394539 0.6689864
v 1.971974 0 0.6746625
v 1.955511 0 0.6611338
v 1.943342 0 0.6350782
v 2.598643 0.0865936 2.269799
v 2.649253 0.1484462 2.264808
v 2.720938 0.1855577 2.257753
v 2.803254 0.1979282 2.249649
v 2.885675 0.1855577 2.241519
v 2.957634 0.1484462 2.234408
v 3.008557 0.0865936 2.229368
v 2.517663 0.09998294 2.11525
v 2.557824 0.1713993 2.101701
v 2.614939 0.2142491 2.082547
v 2.680765 0.2285324 2.060552
v 2.746855 0.2142491 2.038494
v 2.804658 0.1713993 2.019202
v 2.845608 0.09998294 2.005528
v 2.459473 0.1206019 1.949187
v 2.494342 0.2067462 1.923975
v 2.544077 0.2584327 1.888335
v 2.60155 0.2756615 1.847426
v 2.659365 0.2584327 1.806438
v 2.709997 0.2067461 1.770615
v 2.745893 0.1206019 1.745242
v 2.400853 0.1456598 1.784331
v 2.433347 0.2497025 1.745223
v 2.479684 0.3121281 1.689935
v 2.533222 0.3329366 1.62651
v 2.58707 0.3121281 1.563012
v 2.634225 0.2497025 1.507559
v 2.667653 0.1456598 1.468304
v 2.318684 0.1715985 1.633322
v 2.349164 0.2941688 1.579219
v 2.392518 0.367711 1.502731
v 2.442492 0.392225 1.415018
v 2.492672 0.367711 1.327257
v 2.536565 0.2941688 1.25066
v 2.56766 0.1715985 1.19646
v 2.189888 0.1945191 1.50877
v 2.21602 0.3334613 1.439825
v 2.253075 0.4168266 1.342351
v 2.295672 0.444615 1.230601
v 2.338356 0.4168266 1.118829
v 2.375642 0.3334613 1.021309
v 2.402035 0.1945191 0.9523228
v 1.991378 0.2106078 1.42329
v 2.008166 0.361042 1.340878
v 2.03192 0.4513025 1.224365
v 2.05917 0.4813893 1.090798
v 2.086435 0.4513025 0.9572278
v 2.110229 0.361042 0.8407065
v 2.127061 0.2106078 0.7582874
v 1.969862 0.2110475 1.420799
v 1.97515 0.2839749 1.380253
v 1.976688 0.3226049 1.358616
v 1.968814 0.3623455 1.335159
v 1.971345 0.4404807 1.230938
v 1.970226 0.4536742 1.213138
v 1.985562 0.4830778 1.079771
v 1.985418 0.4841841 1.07472
v 1.999259 0.454181 0.9355277
v 2.001227 0.4487368 0.9285981
v 2.005141 0.3636569 0.8120666
v 2.010877 0.3380788 0.7987482
v 2.010652 0.3170538 0.7863392
v 1.990632 0.2125101 0.7190455
v 1.912617 0.2084569 1.416371
v 1.873359 0.2176061 1.436727
v 1.848212 0.2392962 1.483742
v 1.919857 0.2821569 1.376835
v 1.882304 0.2951244 1.393356
v 1.857678 0.3249433 1.432554
v 1.92221 0.3216057 1.355826
v 1.885644 0.3366153 1.37059
v 1.861355 0.3702464 1.405637
v 1.915284 0.3625704 1.333226
v 1.880056 0.3797607 1.346322
v 1.856218 0.416775 1.37709
v 1.921547 0.4446955 1.228382
v 1.890141 0.4654717 1.234028
v 1.868594 0.5079292 1.249801
v 1.920833 0.4585697 1.210543
v 1.890029 0.4799912 1.215151
v 1.868845 0.5231889 1.228695
v 1.939867 0.491376 1.075183
v 1.912808 0.5135689 1.072628
v 1.894867 0.5568309 1.072019
v 1.939813 0.4926012 1.070126
v 1.912875 0.5148348 1.067376
v 1.895022 0.558082 1.066329
v 1.958288 0.4650117 0.9292494
v 1.935125 0.485098 0.9210098
v 1.920475 0.5231236 0.908181
v 1.960583 0.4596295 0.9220881
v 1.937602 0.4793886 0.9135169
v 1.923147 0.516847 0.9
v 1.970569 0.3748446 0.8034899
v 1.951122 0.3896956 0.7917788
v 1.938515 0.4170447 0.770739
v 1.977363 0.348758 0.7895095
v 1.958218 0.3621457 0.7774941
v 1.945856 0.3870548 0.7555107
v 1.977915 0.3271967 0.7766145
v 1.958998 0.3394335 0.7643688
v 1.946752 0.3623548 0.7416503
v 1.961614 0.219213 0.7073923
v 1.944446 0.2263369 0.694137
v 1.932198 0.2394539 0.6689864
v 0 0 3.15
v -0.2297417 0 3.136564
v -0.2253273 -0.04482038 3.136564
v -0.2122537 -0.08791834 3.136564
v -0.1910232 -0.1276376 3.136564
v -0.1624519 -0.1624519 3.136564
v -0.1276376 -0.1910232 3.136564
v -0.08791833 -0.2122537 3.136564
v -0.04482036 -0.2253273 3.136564
v 1.004233e-8 -0.2297417 3.136564
v -0.3386475 0 3.099298
v -0.3321405 -0.06606685 3.099298
v -0.3128695 -0.1295948 3.099298
v -0.2815751 -0.1881424 3.099298
v -0.2394599 -0.2394599 3.099298
v -0.1881424 -0.2815751 3.099298
v -0.1295948 -0.3128695 3.099298
v -0.06606682 -0.3321405 3.099298
v 1.480275e-8 -0.3386475 3.099298
v -0.3574745 0 3.043692
v -0.3506057 -0.06973982 3.043692
v -0.3302634 -0.1367996 3.043692
v -0.2972292 -0.1986022 3.043692
v -0.2527727 -0.2527727 3.043692
v -0.1986022 -0.2972292 3.043692
v -0.1367996 -0.3302634 3.043692
v -0.06973979 -0.3506058 3.043692
v 1.562571e-8 -0.3574745 3.043692
v -0.3179687 0 2.975976
v -0.311859 -0.06203262 2.975976
v -0.2937648 -0.1216814 2.975976
v -0.2643813 -0.176654 2.975976
v -0.2248379 -0.2248379 2.975976
v -0.176654 -0.2643814 2.975976
v -0.1216813 -0.2937648 2.975976
v -0.06203259 -0.3118591 2.975976
v 1.389885e-8 -0.3179687 2.975976
v -0.2520409 0 2.902507
v -0.2471979 -0.04917073 2.902507
v -0.2328554 -0.09645188 2.902507
v -0.2095643 -0.1400264 2.902507
v -0.1782198 -0.1782198 2.902507
v -0.1400264 -0.2095643 2.902507
v -0.09645185 -0.2328554 2.902507
v -0.0491707 -0.2471979 2.902507
v 1.101705e-8 -0.2520409 2.902507
v -0.1909424 0 2.829144
v -0.1872735 -0.03725101 2.829144
v -0.1764078 -0.0730705 2.829144
v -0.1587628 -0.1060819 2.829144
v -0.1350166 -0.1350166 2.829144
v -0.1060819 -0.1587628 2.829144
v -0.07307047 -0.1764077 2.829144
v -0.03725099 -0.1872735 2.829144
v 8.346356e-9 -0.1909424 2.829144
v -0.1644417 0 2.760636
v -0.161282 -0.03208098 2.760636
v -0.1519243 -0.06292911 2.760636
v -0.1367283 -0.0913589 2.760636
v -0.1162778 -0.1162778 2.760636
v -0.0913589 -0.1367283 2.760636
v -0.0629291 -0.1519243 2.760636
v -0.03208096 -0.161282 2.760636
v 7.187974e-9 -0.1644417 2.760636
v -0.2 0 2.7
v -0.1961571 -0.03901806 2.7
v -0.1847759 -0.07653669 2.7
v -0.1662939 -0.111114 2.7
v -0.1414214 -0.1414214 2.7
v -0.111114 -0.1662939 2.7
v -0.07653669 -0.1847759 2.7
v -0.03901805 -0.1961571 2.7
v 8.742278e-9 -0.2 2.7
v 0.04482038 -0.2253273 3.136564
v 0.08791834 -0.2122537 3.136564
v 0.1276376 -0.1910232 3.136564
v 0.1624519 -0.1624519 3.136564
v 0.1910232 -0.1276376 3.136564
v 0.2122537 -0.08791833 3.136564
v 0.2253273 -0.04482036 3.136564
v 0.2297417 1.004233e-8 3.136564
v 0.06606685 -0.3321405 3.099298
v 0.1295948 -0.3128695 3.099298
v 0.1881424 -0.2815751 3.099298
v 0.2394599 -0.2394599 3.099298
v 0.2815751 -0.1881424 3.099298
v 0.3128695 -0.1295948 3.099298
v 0.3321405 -0.06606682 3.099298
v 0.3386475 1.480275e-8 3.099298
v 0.06973982 -0.3506057 3.043692
v 0.1367996 -0.3302634 3.043692
v 0.1986022 -0.2972292 3.043692
v 0.2527727 -0.2527727 3.043692
v 0.2972292 -0.1986022 3.043692
v 0.3302634 -0.1367996 3.043692
v 0.3506058 -0.06973979 3.043692
v 0.3574745 1.562571e-8 3.043692
v 0.06203262 -0.311859 2.975976
v 0.1216814 -0.2937648 2.975976
v 0.176654 -0.2643813 2.975976
v 0.2248379 -0.2248379 2.975976
v 0.2643814 -0.176654 2.975976
v 0.2937648 -0.1216813 2.975976
v 0.3118591 -0.06203259 2.975976
v 0.3179687 1.389885e-8 2.975976
v 0.04917073 -0.2471979 2.902507
v 0.09645188 -0.2328554 2.902507
v 0.1400264 -0.2095643 2.902507
v 0.1782198 -0.1782198 2.902507
v 0.2095643 -0.1400264 2.902507
v 0.2328554 -0.09645185 2.902507
v 0.2471979 -0.0491707 2.902507
v 0.2520409 1.101705e-8 2.902507
v 0.03725101 -0.1872735 2.829144
v 0.0730705 -0.1764078 2.829144
v 0.1060819 -0.1587628 2.829144
v 0.1350166 -0.1350166 2.829144
v 0.1587628 -0.1060819 2.829144
v 0.1764077 -0.07307047 2.829144
v 0.1872735 -0.03725099 2.829144
v 0.1909424 8.346356e-9 2.829144
v 0.03208098 -0.161282 2.760636
v 0.06292911 -0.1519243 2.760636
v 0.0913589 -0.1367283 2.760636
v 0.1162778 -0.1162778 2.760636
v 0.1367283 -0.0913589 2.760636
v 0.1519243 -0.0629291 2.760636
v 0.161282 -0.03208096 2.760636
v 0.1644417 7.187974e-9 2.760636
v 0.03901806 -0.1961571 2.7
v 0.07653669 -0.1847759 2.7
v 0.111114 -0.1662939 2.7
v 0.1414214 -0.1414214 2.7
v 0.1662939 -0.111114 2.7
v 0.1847759 -0.07653669 2.7
v 0.1961571 -0.03901805 2.7
v 0.2 8.742278e-9 2.7
v 0 0.2297417 3.136564
v 0.04482038 0.2253273 3.136564
v 0.08791834 0.2122537 3.136564
v 0.1276376 0.1910232 3.136564
v 0.1624519 0.1624519 3.136564
v 0.1910232 0.1276376 3.136564
v 0.2122537 0.08791833 3.136564
v 0.2253273 0.04482036 3.136564
v 0 0.3386475 3.099298
v 0.06606685 0.3321405 3.099298
v 0.1295948 0.3128695 3.099298
v 0.1881424 0.2815751 3.099298
v 0.2394599 0.2394599 3.099298
v 0.2815751 0.1881424 3.099298
v 0.3128695 0.1295948 3.099298
v 0.3321405 0.06606682 3.099298
v 0 0.3574745 3.043692
v 0.06973982 0.3506057 3.043692
v 0.1367996 0.3302634 3.043692
v 0.1986022 0.2972292 3.043692
v 0.2527727 0.2527727 3.043692
v 0.2972292 0.1986022 3.043692
v 0.3302634 0.1367996 3.043692
v 0.3506058 0.06973979 3.043692
v 0 0.3179687 2.975976
v 0.06203262 0.311859 2.975976
v 0.1216814 0.2937648 2.975976
v 0.176654 0.2643813 2.975976
v 0.2248379 0.2248379 2.975976
v 0.2643814 0.176654 2.975976
v 0.2937648 0.1216813 2.975976
v 0.3118591 0.06203259 2.975976
v 0 0.2520409 2.902507
v 0.04917073 0.2471979 2.902507
v 0.09645188 0.2328554 2.902507
v 0.1400264 0.2095643 2.902507
v 0.1782198 0.1782198 2.902507
v 0.2095643 0.1400264 2.902507
v 0.2328554 0.09645185 2.902507
v 0.2471979 0.0491707 2.902507
v 0 0.1909424 2.829144
v 0.03725101 0.1872735 2.829144
v 0.0730705 0.1764078 2.829144
v 0.1060819 0.1587628 2.829144
v 0.1350166 0.1350166 2.829144
v 0.1587628 0.1060819 2.829144
v 0.1764077 0.07307047 2.829144
v 0.1872735 0.03725099 2.829144
v 0 0.1644417 2.760636
v 0.03208098 0.161282 2.760636
v 0.06292911 0.1519243 2.760636
v 0.0913589 0.1367283 2.760636
v 0.1162778 0.1162778 2.760636
v 0.1367283 0.0913589 2.760636
v 0.1519243 0.0629291 2.760636
v 0.161282 0.03208096 2.760636
v 0 0.2 2.7
v 0.03901806 0.1961571 2.7
v 0.07653669 0.1847759 2.7
v 0.111114 0.1662939 2.7
v 0.1414214 0.1414214 2.7
v 0.1662939 0.111114 2.7
v 0.1847759 0.07653669 2.7
v 0.1961571 0.03901805 2.7
v -0.2253273 0.04482038 3.136564
v -0.2122537 0.08791834 3.136564
v -0.1910232 0.1276376 3.136564
v -0.1624519 0.1624519 3.136564
v -0.1276376 0.1910232 3.136564
v -0.08791833 0.2122537 3.136564
v -0.04482036 0.2253273 3.136564
v -0.3321405 0.06606685 3.099298
v -0.3128695 0.1295948 3.099298
v -0.2815751 0.1881424 3.099298
v -0.2394599 0.2394599 3.099298
v -0.1881424 0.2815751 3.099298
v -0.1295948 0.3128695 3.099298
v -0.06606682 0.3321405 3.099298
v -0.3506057 0.06973982 3.043692
v -0.3302634 0.1367996 3.043692
v -0.2972292 0.1986022 3.043692
v -0.2527727 0.2527727 3.043692
v -0.1986022 0.2972292 3.043692
v -0.1367996 0.3302634 3.043692
v -0.06973979 0.3506058 3.043692
v -0.311859 0.06203262 2.975976
v -0.2937648 0.1216814 2.975976
v -0.2643813 0.176654 2.975976
v -0.2248379 0.2248379 2.975976
v -0.176654 0.2643814 2.975976
v -0.1216813 0.2937648 2.975976
v -0.06203259 0.3118591 2.975976
v -0.2471979 0.04917073 2.902507
v -0.2328554 0.09645188 2.902507
v -0.2095643 0.1400264 2.902507
v -0.1782198 0.1782198 2.902507
v -0.1400264 0.2095643 2.902507
v -0.09645185 0.2328554 2.902507
v -0.0491707 0.2471979 2.902507
v -0.1872735 0.03725101 2.829144
v -0.1764078 0.0730705 2.829144
v -0.1587628 0.1060819 2.829144
v -0.1350166 0.1350166 2.829144
v -0.1060819 0.1587628 2.829144
v -0.07307047 0.1764077 2.829144
v -0.03725099 0.1872735 2.829144
v -0.161282 0.03208098 2.760636
v -0.1519243 0.06292911 2.760636
v -0.1367283 0.0913589 2.760636
v -0.1162778 0.1162778 2.760636
v -0.0913589 0.1367283 2.760636
v -0.0629291 0.1519243 2.760636
v -0.03208096 0.161282 2.760636
v -0.1961571 0.03901806 2.7
v -0.1847759 0.07653669 2.7
v -0.1662939 0.111114 2.7
v -0.1414214 0.1414214 2.7
v -0.111114 0.1662939 2.7
v -0.07653669 0.1847759 2.7
v -0.03901805 0.1961571 2.7
v -0.3070427 0 2.651962
v -0.301143 -0.05990106 2.651962
v -0.2836704 -0.1175002 2.651962
v -0.2552967 -0.1705838 2.651962
v -0.217112 -0.217112 2.651962
v -0.1705838 -0.2552967 2.651962
v -0.1175001 -0.2836704 2.651962
v -0.05990103 -0.301143 2.651962
v 1.342126e-8 -0.3070427 2.651962
v -0.4621826 0 2.615387
v -0.4533019 -0.09016736 2.615387
v -0.4270011 -0.1768697 2.615387
v -0.3842908 -0.2567749 2.615387
v -0.3268125 -0.3268125 2.615387
v -0.2567749 -0.3842908 2.615387
v -0.1768696 -0.4270011 2.615387
v -0.09016733 -0.4533019 2.615387
v 2.020264e-8 -0.4621826 2.615387
v -0.6436623 0 2.584505
v -0.6312945 -0.1255723 2.584505
v -0.5946664 -0.2463189 2.584505
v -0.5351856 -0.3575996 2.584505
v -0.455138 -0.455138 2.584505
v -0.3575996 -0.5351856 2.584505
v -0.2463189 -0.5946664 2.584505
v -0.1255722 -0.6312945 2.584505
v 2.813537e-8 -0.6436623 2.584505
v -0.8320313 0 2.555274
v -0.816044 -0.1623212 2.555274
v -0.7686967 -0.3184046 2.555274
v -0.6918087 -0.4622518 2.555274
v -0.588335 -0.588335 2.555274
v -0.4622518 -0.6918087 2.555274
v -0.3184046 -0.7686967 2.555274
v -0.1623212 -0.8160441 2.555274
v 3.636924e-8 -0.8320313 2.555274
v -1.009322 0 2.524765
v -0.9899285 -0.196909 2.524765
v -0.9324922 -0.386251 2.524765
v -0.8392209 -0.5607495 2.524765
v -0.7136986 -0.7136986 2.524765
v -0.5607494 -0.8392209 2.524765
v -0.3862509 -0.9324922 2.524765
v -0.1969089 -0.9899285 2.524765
v 4.411888e-8 -1.009322 2.524765
v -1.158228 0 2.490546
v -1.135972 -0.225959 2.490546
v -1.070063 -0.4432345 2.490546
v -0.9630309 -0.6434767 2.490546
v -0.8189906 -0.8189906 2.490546
v -0.6434767 -0.9630311 2.490546
v -0.4432345 -1.070063 2.490546
v -0.2259589 -1.135972 2.490546
v 5.062773e-8 -1.158228 2.490546
v -1.261274 0 2.450057
v -1.237039 -0.2460623 2.450057
v -1.165265 -0.4826686 2.450057
v -1.048711 -0.7007263 2.450057
v -0.8918554 -0.8918554 2.450057
v -0.7007262 -1.048711 2.450057
v -0.4826686 -1.165265 2.450057
v -0.2460622 -1.237039 2.450057
v 5.513203e-8 -1.261274 2.450057
v -1.3 0 2.4
v -1.275021 -0.2536174 2.4
v -1.201043 -0.4974885 2.4
v -1.08091 -0.7222413 2.4
v -0.9192387 -0.9192387 2.4
v -0.7222412 -1.080911 2.4
v -0.4974884 -1.201043 2.4
v -0.2536173 -1.275021 2.4
v 5.68248e-8 -1.3 2.4
v 0.05990106 -0.301143 2.651962
v 0.1175002 -0.2836704 2.651962
v 0.1705838 -0.2552967 2.651962
v 0.217112 -0.217112 2.651962
v 0.2552967 -0.1705838 2.651962
v 0.2836704 -0.1175001 2.651962
v 0.301143 -0.05990103 2.651962
v 0.3070427 1.342126e-8 2.651962
v 0.09016736 -0.4533019 2.615387
v 0.1768697 -0.4270011 2.615387
v 0.2567749 -0.3842908 2.615387
v 0.3268125 -0.3268125 2.615387
v 0.3842908 -0.2567749 2.615387
v 0.4270011 -0.1768696 2.615387
v 0.4533019 -0.09016733 2.615387
v 0.4621826 2.020264e-8 2.615387
v 0.1255723 -0.6312945 2.584505
v 0.2463189 -0.5946664 2.584505
v 0.3575996 -0.5351856 2.584505
v 0.455138 -0.455138 2.584505
v 0.5351856 -0.3575996 2.584505
v 0.5946664 -0.2463189 2.584505
v 0.6312945 -0.1255722 2.584505
v 0.6436623 2.813537e-8 2.584505
v 0.1623212 -0.816044 2.555274
v 0.3184046 -0.7686967 2.555274
v 0.4622518 -0.6918087 2.555274
v 0.588335 -0.588335 2.555274
v 0.6918087 -0.4622518 2.555274
v 0.7686967 -0.3184046 2.555274
v 0.8160441 -0.1623212 2.555274
v 0.8320313 3.636924e-8 2.555274
v 0.196909 -0.9899285 2.524765
v 0.386251 -0.9324922 2.524765
v 0.5607495 -0.8392209 2.524765
v 0.7136986 -0.7136986 2.524765
v 0.8392209 -0.5607494 2.524765
v 0.9324922 -0.3862509 2.524765
v 0.9899285 -0.1969089 2.524765
v 1.009322 4.411888e-8 2.524765
v 0.225959 -1.135972 2.490546
v 0.4432345 -1.070063 2.490546
v 0.6434767 -0.9630309 2.490546
v 0.8189906 -0.8189906 2.490546
v 0.9630311 -0.6434767 2.490546
v 1.070063 -0.4432345 2.490546
v 1.135972 -0.2259589 2.490546
v 1.158228 5.062773e-8 2.490546
v 0.2460623 -1.237039 2.450057
v 0.4826686 -1.165265 2.450057
v 0.7007263 -1.048711 2.450057
v 0.8918554 -0.8918554 2.450057
v 1.048711 -0.7007262 2.450057
v 1.165265 -0.4826686 2.450057
v 1.237039 -0.2460622 2.450057
v 1.261274 5.513203e-8 2.450057
v 0.2536174 -1.275021 2.4
v 0.4974885 -1.201043 2.4
v 0.7222413 -1.08091 2.4
v 0.9192387 -0.9192387 2.4
v 1.080911 -0.7222412 2.4
v 1.201043 -0.4974884 2.4
v 1.275021 -0.2536173 2.4
v 1.3 5.68248e-8 2.4
v 0 0.3070427 2.651962
v 0.05990106 0.301143 2.651962
v 0.1175002 0.2836704 2.651962
v 0.1705838 0.2552967 2.651962
v 0.217112 0.217112 2.651962
v 0.2552967 0.1705838 2.651962
v 0.2836704 0.1175001 2.651962
v 0.301143 0.05990103 2.651962
v 0 0.4621826 2.615387
v 0.09016736 0.4533019 2.615387
v 0.1768697 0.4270011 2.615387
v 0.2567749 0.3842908 2.615387
v 0.3268125 0.3268125 2.615387
v 0.3842908 0.2567749 2.615387
v 0.4270011 0.1768696 2.615387
v 0.4533019 0.09016733 2.615387
v 0 0.6436623 2.584505
v 0.1255723 0.6312945 2.584505
v 0.2463189 0.5946664 2.584505
v 0.3575996 0.5351856 2.584505
v 0.455138 0.455138 2.584505
v 0.5351856 0.3575996 2.584505
v 0.5946664 0.2463189 2.584505
v 0.6312945 0.1255722 2.584505
v 0 0.8320313 2.555274
v 0.1623212 0.816044 2.555274
v 0.3184046 0.7686967 2.555274
v 0.4622518 0.6918087 2.555274
v 0.588335 0.588335 2.555274
v 0.6918087 0.4622518 2.555274
v 0.7686967 0.3184046 2.555274
v 0.8160441 0.1623212 2.555274
v 0 1.009322 2.524765
v 0.196909 0.9899285 2.524765
v 0.386251 0.9324922 2.524765
v 0.5607495 0.8392209 2.524765
v 0.7136986 0.7136986 2.524765
v 0.8392209 0.5607494 2.524765
v 0.9324922 0.3862509 2.524765
v 0.9899285 0.1969089 2.524765
v 0 1.158228 2.490546
v 0.225959 1.135972 2.490546
v 0.4432345 1.070063 2.490546
v 0.6434767 0.9630309 2.490546
v 0.8189906 0.8189906 2.490546
v 0.9630311 0.6434767 2.490546
v 1.070063 0.4432345 2.490546
v 1.135972 0.2259589 2.490546
v 0 1.261274 2.450057
v 0.2460623 1.237039 2.450057
v 0.4826686 1.165265 2.450057
v 0.7007263 1.048711 2.450057
v 0.8918554 0.8918554 2.450057
v 1.048711 0.7007262 2.450057
v 1.165265 0.4826686 2.450057
v 1.237039 0.2460622 2.450057
v 0 1.3 2.4
v 0.2536174 1.275021 2.4
v 0.4974885 1.201043 2.4
v 0.7222413 1.08091 2.4
v 0.9192387 0.9192387 2.4
v 1.080911 0.7222412 2.4
v 1.201043 0.4974884 2.4
v 1.275021 0.2536173 2.4
v -0.301143 0.05990106 2.651962
v -0.2836704 0.1175002 2.651962
v -0.2552967 0.1705838 2.651962
v -0.217112 0.217112 2.651962
v -0.1705838 0.2552967 2.651962
v -0.1175001 0.2836704 2.651962
v -0.05990103 0.301143 2.651962
v -0.4533019 0.09016736 2.615387
v -0.4270011 0.1768697 2.615387
v -0.3842908 0.2567749 2.615387
v -0.3268125 0.3268125 2.615387
v -0.2567749 0.3842908 2.615387
v -0.1768696 0.4270011 2.615387
v -0.09016733 0.4533019 2.615387
v -0.6312945 0.1255723 2.584505
v -0.5946664 0.2463189 2.584505
v -0.5351856 0.3575996 2.584505
v -0.455138 0.455138 2.584505
v -0.3575996 0.5351856 2.584505
v -0.2463189 0.5946664 2.584505
v -0.1255722 0.6312945 2.584505
v -0.816044 0.1623212 2.555274
v -0.7686967 0.3184046 2.555274
v -0.6918087 0.4622518 2.555274
v -0.588335 0.588335 2.555274
v -0.4622518 0.6918087 2.555274
v -0.3184046 0.7686967 2.555274
v -0.1623212 0.8160441 2.555274
v -0.9899285 0.196909 2.524765
v -0.9324922 0.386251 2.524765
v -0.8392209 0.5607495 2.524765
v -0.7136986 0.7136986 2.524765
v -0.5607494 0.8392209 2.524765
v -0.3862509 0.9324922 2.524765
v -0.1969089 0.9899285 2.524765
v -1.135972 0.225959 2.490546
v -1.070063 0.4432345 2.490546
v -0.9630309 0.6434767 2.490546
v -0.8189906 0.8189906 2.490546
v -0.6434767 0.9630311 2.490546
v -0.4432345 1.070063 2.490546
v -0.2259589 1.135972 2.490546
v -1.237039 0.2460623 2.450057
v -1.165265 0.4826686 2.450057
v -1.048711 0.7007263 2.450057
v -0.8918554 0.8918554 2.450057
v -0.7007262 1.048711 2.450057
v -0.4826686 1.165265 2.450057
v -0.2460622 1.237039 2.450057
v -1.275021 0.2536174 2.4
v -1.201043 0.4974885 2.4
v -1.08091 0.7222413 2.4
v -0.9192387 0.9192387 2.4
v -0.7222412 1.080911 2.4
v -0.4974884 1.201043 2.4
v -0.2536173 1.275021 2.4
v -1.4 0 2.4
v -1.373099 -0.2731265 2.4
v -1.293431 -0.5357568 2.4
v -1.164057 -0.7777984 2.4
v -0.9899495 -0.9899495 2.4
v -0.7777982 -1.164057 2.4
v -0.5357568 -1.293431 2.4
v -0.2731263 -1.373099 2.4
v 6.119594e-8 -1.4 2.4
v -1.384163 0 2.443167
v -1.357567 -0.2700369 2.443167
v -1.2788 -0.5296965 2.443167
v -1.15089 -0.7690001 2.443167
v -0.9787514 -0.9787514 2.443167
v -0.769 -1.15089 2.443167
v -0.5296965 -1.2788 2.443167
v -0.2700368 -1.357567 2.443167
v 6.050371e-8 -1.384163 2.443167
v -1.38267 0 2.474418
v -1.356102 -0.2697454 2.474418
v -1.27742 -0.5291249 2.474418
v -1.149648 -0.7681701 2.474418
v -0.977695 -0.977695 2.474418
v -0.76817 -1.149648 2.474418
v -0.5291248 -1.27742 2.474418
v -0.2697453 -1.356102 2.474418
v 6.04384e-8 -1.38267 2.474418
v -1.392854 0 2.493667
v -1.36609 -0.2717323 2.493667
v -1.286829 -0.5330221 2.493667
v -1.158116 -0.7738281 2.493667
v -0.9848962 -0.9848962 2.493667
v -0.773828 -1.158116 2.493667
v -0.533022 -1.286829 2.493667
v -0.2717322 -1.36609 2.493667
v 6.088357e-8 -1.392854 2.493667
v -1.41095 0 2.500534
v -1.383839 -0.2752628 2.500534
v -1.303548 -0.5399474 2.500534
v -1.173162 -0.783882 2.500534
v -0.9976925 -0.9976925 2.500534
v -0.783882 -1.173162 2.500534
v -0.5399474 -1.303548 2.500534
v -0.2752627 -1.383839 2.500534
v 6.16746e-8 -1.41095 2.500534
v -1.433011 0 2.494588
v -1.405476 -0.2795666 2.494588
v -1.32393 -0.5483897 2.494588
v -1.191505 -0.7961385 2.494588
v -1.013292 -1.013292 2.494588
v -0.7961385 -1.191505 2.494588
v -0.5483897 -1.32393 2.494588
v -0.2795665 -1.405476 2.494588
v 6.263892e-8 -1.433011 2.494588
v -1.455822 0 2.475597
v -1.427848 -0.2840167 2.475597
v -1.345004 -0.5571188 2.475597
v -1.210471 -0.8088111 2.475597
v -1.029421 -1.029421 2.475597
v -0.808811 -1.210471 2.475597
v -0.5571188 -1.345004 2.475597
v -0.2840165 -1.427848 2.475597
v 6.363598e-8 -1.455822 2.475597
v -1.477817 0 2.443769
v -1.449421 -0.2883077 2.443769
v -1.365324 -0.5655359 2.443769
v -1.22876 -0.8210309 2.443769
v -1.044974 -1.044974 2.443769
v -0.8210309 -1.22876 2.443769
v -0.5655359 -1.365324 2.443769
v -0.2883076 -1.449421 2.443769
v 6.459742e-8 -1.477817 2.443769
v -1.5 0 2.4
v -1.471178 -0.2926355 2.4
v -1.385819 -0.5740252 2.4
v -1.247204 -0.8333554 2.4
v -1.06066 -1.06066 2.4
v -0.8333553 -1.247205 2.4
v -0.5740252 -1.385819 2.4
v -0.2926354 -1.471178 2.4
v 6.556708e-8 -1.5 2.4
v 0.2731265 -1.373099 2.4
v 0.5357568 -1.293431 2.4
v 0.7777984 -1.164057 2.4
v 0.9899495 -0.9899495 2.4
v 1.164057 -0.7777982 2.4
v 1.293431 -0.5357568 2.4
v 1.373099 -0.2731263 2.4
v 1.4 6.119594e-8 2.4
v 0.2700369 -1.357567 2.443167
v 0.5296965 -1.2788 2.443167
v 0.7690001 -1.15089 2.443167
v 0.9787514 -0.9787514 2.443167
v 1.15089 -0.769 2.443167
v 1.2788 -0.5296965 2.443167
v 1.357567 -0.2700368 2.443167
v 1.384163 6.050371e-8 2.443167
v 0.2697454 -1.356102 2.474418
v 0.5291249 -1.27742 2.474418
v 0.7681701 -1.149648 2.474418
v 0.977695 -0.977695 2.474418
v 1.149648 -0.76817 2.474418
v 1.27742 -0.5291248 2.474418
v 1.356102 -0.2697453 2.474418
v 1.38267 6.04384e-8 2.474418
v 0.2717323 -1.36609 2.493667
v 0.5330221 -1.286829 2.493667
v 0.7738281 -1.158116 2.493667
v 0.9848962 -0.9848962 2.493667
v 1.158116 -0.773828 2.493667
v 1.286829 -0.533022 2.493667
v 1.36609 -0.2717322 2.493667
v 1.392854 6.088357e-8 2.493667
v 0.2752628 -1.383839 2.500534
v 0.5399474 -1.303548 2.500534
v 0.783882 -1.173162 2.500534
v 0.9976925 -0.9976925 2.500534
v 1.173162 -0.783882 2.500534
v 1.303548 -0.5399474 2.500534
v 1.383839 -0.2752627 2.500534
v 1.41095 6.16746e-8 2.500534
v 0.2795666 -1.405476 2.494588
v 0.5483897 -1.32393 2.494588
v 0.7961385 -1.191505 2.494588
v 1.013292 -1.013292 2.494588
v 1.191505 -0.7961385 2.494588
v 1.32393 -0.5483897 2.494588
v 1.405476 -0.2795665 2.494588
v 1.433011 6.263892e-8 2.494588
v 0.2840167 -1.427848 2.475597
v 0.5571188 -1.345004 2.475597
v 0.8088111 -1.210471 2.475597
v 1.029421 -1.029421 2.475597
v 1.210471 -0.808811 2.475597
v 1.345004 -0.5571188 2.475597
v 1.427848 -0.2840165 2.475597
v 1.455822 6.363598e-8 2.475597
v 0.2883077 -1.449421 2.443769
v 0.5655359 -1.365324 2.443769
v 0.8210309 -1.22876 2.443769
v 1.044974 -1.044974 2.443769
v 1.22876 -0.8210309 2.443769
v 1.365324 -0.5655359 2.443769
v 1.449421 -0.2883076 2.443769
v 1.477817 6.459742e-8 2.443769
v 0.2926355 -1.471178 2.4
v 0.5740252 -1.385819 2.4
v 0.8333554 -1.247204 2.4
v 1.06066 -1.06066 2.4
v 1.247205 -0.8333553 2.4
v 1.385819 -0.5740252 2.4
v 1.471178 -0.2926354 2.4
v 1.5 6.556708e-8 2.4
v 0 1.4 2.4
v 0.2731265 1.373099 2.4
v 0.5357568 1.293431 2.4
v 0.7777984 1.164057 2.4
v 0.9899495 0.9899495 2.4
v 1.164057 0.7777982 2.4
v 1.293431 0.5357568 2.4
v 1.373099 0.2731263 2.4
v 0 1.384163 2.443167
v 0.2700369 1.357567 2.443167
v 0.5296965 1.2788 2.443167
v 0.7690001 1.15089 2.443167
v 0.9787514 0.9787514 2.443167
v 1.15089 0.769 2.443167
v 1.2788 0.5296965 2.443167
v 1.357567 0.2700368 2.443167
v 0 1.38267 2.474418
v 0.2697454 1.356102 2.474418
v 0.5291249 1.27742 2.474418
v 0.7681701 1.149648 2.474418
v 0.977695 0.977695 2.474418
v 1.149648 0.76817 2.474418
v 1.27742 0.5291248 2.474418
v 1.356102 0.2697453 2.474418
v 0 1.392854 2.493667
v 0.2717323 1.36609 2.493667
v 0.5330221 1.286829 2.493667
v 0.7738281 1.158116 2.493667
v 0.9848962 0.9848962 2.493667
v 1.158116 0.773828 2.493667
v 1.286829 0.533022 2.493667
v 1.36609 0.2717322 2.493667
v 0 1.41095 2.500534
v 0.2752628 1.383839 2.500534
v 0.5399474 1.303548 2.500534
v 0.783882 1.173162 2.500534
v 0.9976925 0.9976925 2.500534
v 1.173162 0.783882 2.500534
v 1.303548 0.5399474 2.500534
v 1.383839 0.2752627 2.500534
v 0 1.433011 2.494588
v 0.2795666 1.405476 2.494588
v 0.5483897 1.32393 2.494588
v 0.7961385 1.191505 2.494588
v 1.013292 1.013292 2.494588
v 1.191505 0.7961385 2.494588
v 1.32393 0.5483897 2.494588
v 1.405476 0.2795665 2.494588
v 0 1.455822 2.475597
v 0.2840167 1.427848 2.475597
v 0.5571188 1.345004 2.475597
v 0.8088111 1.210471 2.475597
v 1.029421 1.029421 2.475597
v 1.210471 0.808811 2.475597
v 1.345004 0.5571188 2.475597
v 1.427848 0.2840165 2.475597
v 0 1.477817 2.443769
v 0.2883077 1.449421 2.443769
v 0.5655359 1.365324 2.443769
v 0.8210309 1.22876 2.443769
v 1.044974 1.044974 2.443769
v 1.22876 0.8210309 2.443769
v 1.365324 0.5655359 2.443769
v 1.449421 0.2883076 2.443769
v 0 1.5 2.4
v 0.2926355 1.471178 2.4
v 0.5740252 1.385819 2.4
v 0.8333554 1.247204 2.4
v 1.06066 1.06066 2.4
v 1.247205 0.8333553 2.4
v 1.385819 0.5740252 2.4
v 1.471178 0.2926354 2.4
v -1.373099 0.2731265 2.4
v -1.293431 0.5357568 2.4
v -1.164057 0.7777984 2.4
v -0.9899495 0.9899495 2.4
v -0.7777982 1.164057 2.4
v -0.5357568 1.293431 2.4
v -0.2731263 1.373099 2.4
v -1.357567 0.2700369 2.443167
v -1.2788 0.5296965 2.443167
v -1.15089 0.7690001 2.443167
v -0.9787514 0.9787514 2.443167
v -0.769 1.15089 2.443167
v -0.5296965 1.2788 2.443167
v -0.2700368 1.357567 2.443167
v -1.356102 0.2697454 2.474418
v -1.27742 0.5291249 2.474418
v -1.149648 0.7681701 2.474418
v -0.977695 0.977695 2.474418
v -0.76817 1.149648 2.474418
v -0.5291248 1.27742 2.474418
v -0.2697453 1.356102 2.474418
v -1.36609 0.2717323 2.493667
v -1.286829 0.5330221 2.493667
v -1.158116 0.7738281 2.493667
v -0.9848962 0.9848962 2.493667
v -0.773828 1.158116 2.493667
v -0.533022 1.286829 2.493667
v -0.2717322 1.36609 2.493667
v -1.383839 0.2752628 2.500534
v -1.303548 0.5399474 2.500534
v -1.173162 0.783882 2.500534
v -0.9976925 0.9976925 2.500534
v -0.783882 1.173162 2.500534
v -0.5399474 1.303548 2.500534
v -0.2752627 1.383839 2.500534
v -1.405476 0.2795666 2.494588
v -1.32393 0.5483897 2.494588
v -1.191505 0.7961385 2.494588
v -1.013292 1.013292 2.494588
v -0.7961385 1.191505 2.494588
v -0.5483897 1.32393 2.494588
v -0.2795665 1.405476 2.494588
v -1.427848 0.2840167 2.475597
v -1.345004 0.5571188 2.475597
v -1.210471 0.8088111 2.475597
v -1.029421 1.029421 2.475597
v -0.808811 1.210471 2.475597
v -0.5571188 1.345004 2.475597
v -0.2840165 1.427848 2.475597
v -1.449421 0.2883077 2.443769
v -1.365324 0.5655359 2.443769
v -1.22876 0.8210309 2.443769
v -1.044974 1.044974 2.443769
v -0.8210309 1.22876 2.443769
v -0.5655359 1.365324 2.443769
v -0.2883076 1.449421 2.443769
v -1.471178 0.2926355 2.4
v -1.385819 0.5740252 2.4
v -1.247204 0.8333554 2.4
v -1.06066 1.06066 2.4
v -0.8333553 1.247205 2.4
v -0.5740252 1.385819 2.4
v -0.2926354 1.471178 2.4
v -1.559527 -0.3102092 2.202569
v -1.469042 -0.6084971 2.202569
v -1.322103 -0.883401 2.202569
v -1.124356 -1.124356 2.202569
v -0.8834009 -1.322103 2.202569
v -0.6084971 -1.469042 2.202569
v -0.3102091 -1.559527 2.202569
v 6.950459e-8 -1.59008 2.202569
v -1.641535 -0.3265218 2.005653
v -1.546293 -0.6404955 2.005653
v -1.391627 -0.9298553 2.005653
v -1.183481 -1.183481 2.005653
v -0.9298552 -1.391627 2.005653
v -0.6404954 -1.546293 2.005653
v -0.3265215 -1.641536 2.005653
v 7.315953e-8 -1.673695 2.005653
v -1.751745 0 1.811027
v -1.718085 -0.3417484 1.811027
v -1.618401 -0.6703637 1.811027
v -1.456522 -0.9732171 1.811027
v -1.23867 -1.23867 1.811027
v -0.973217 -1.456522 1.811027
v -0.6703635 -1.618401 1.811027
v -0.3417482 -1.718085 1.811027
v 7.657118e-8 -1.751745 1.811027
v -1.824206 0 1.619779
v -1.789154 -0.3558849 1.619779
v -1.685346 -0.6980935 1.619779
v -1.516772 -1.013474 1.619779
v -1.289908 -1.289908 1.619779
v -1.013474 -1.516772 1.619779
v -0.6980934 -1.685346 1.619779
v -0.3558847 -1.789154 1.619779
v 7.973857e-8 -1.824206 1.619779
v -1.889682 0 1.432554
v -1.853372 -0.3686587 1.432554
v -1.745838 -0.72315 1.432554
v -1.571213 -1.049851 1.432554
v -1.336207 -1.336207 1.432554
v -1.049851 -1.571213 1.432554
v -0.72315 -1.745838 1.432554
v -0.3686585 -1.853372 1.432554
v 8.260061e-8 -1.889682 1.432554
v -1.944943 0 1.249801
v -1.907571 -0.3794395 1.249801
v -1.796892 -0.7442973 1.249801
v -1.617161 -1.080552 1.249801
v -1.375282 -1.375282 1.249801
v -1.080552 -1.617161 1.249801
v -0.7442973 -1.796892 1.249801
v -0.3794393 -1.907571 1.249801
v 8.501614e-8 -1.944943 1.249801
v -1.98447 0 1.072019
v -1.946339 -0.3871509 1.072019
v -1.833411 -0.7594237 1.072019
v -1.650026 -1.102512 1.072019
v -1.403232 -1.403232 1.072019
v -1.102512 -1.650026 1.072019
v -0.7594237 -1.833411 1.072019
v -0.3871507 -1.946339 1.072019
v 8.674392e-8 -1.98447 1.072019
v -1.961571 -0.3901806 0.9
v -1.847759 -0.7653669 0.9
v -1.662939 -1.11114 0.9
v -1.414214 -1.414214 0.9
v -1.11114 -1.662939 0.9
v -0.7653669 -1.847759 0.9
v -0.3901805 -1.961571 0.9
v 8.742278e-8 -2 0.9
v 0.3102092 -1.559527 2.202569
v 0.6084971 -1.469042 2.202569
v 0.883401 -1.322103 2.202569
v 1.124356 -1.124356 2.202569
v 1.322103 -0.8834009 2.202569
v 1.469042 -0.6084971 2.202569
v 1.559527 -0.3102091 2.202569
v 1.59008 6.950459e-8 2.202569
v 0.3265218 -1.641535 2.005653
v 0.6404955 -1.546293 2.005653
v 0.9298553 -1.391627 2.005653
v 1.183481 -1.183481 2.005653
v 1.391627 -0.9298552 2.005653
v 1.546293 -0.6404954 2.005653
v 1.641536 -0.3265215 2.005653
v 1.673695 7.315953e-8 2.005653
v 0.3417484 -1.718085 1.811027
v 0.6703637 -1.618401 1.811027
v 0.9732171 -1.456522 1.811027
v 1.23867 -1.23867 1.811027
v 1.456522 -0.973217 1.811027
v 1.618401 -0.6703635 1.811027
v 1.718085 -0.3417482 1.811027
v 1.751745 7.657118e-8 1.811027
v 0.3558849 -1.789154 1.619779
v 0.6980935 -1.685346 1.619779
v 1.013474 -1.516772 1.619779
v 1.289908 -1.289908 1.619779
v 1.516772 -1.013474 1.619779
v 1.685346 -0.6980934 1.619779
v 1.789154 -0.3558847 1.619779
v 1.824206 7.973857e-8 1.619779
v 0.3686587 -1.853372 1.432554
v 0.72315 -1.745838 1.432554
v 1.049851 -1.571213 1.432554
v 1.336207 -1.336207 1.432554
v 1.571213 -1.049851 1.432554
v 1.745838 -0.72315 1.432554
v 1.853372 -0.3686585 1.432554
v 0.3794395 -1.907571 1.249801
v 0.7442973 -1.796892 1.249801
v 1.080552 -1.617161 1.249801
v 1.375282 -1.375282 1.249801
v 1.617161 -1.080552 1.249801
v 1.796892 -0.7442973 1.249801
v 0.3871509 -1.946339 1.072019
v 0.7594237 -1.833411 1.072019
v 1.102512 -1.650026 1.072019
v 1.403232 -1.403232 1.072019
v 1.650026 -1.102512 1.072019
v 1.833411 -0.7594237 1.072019
v 0.3901806 -1.961571 0.9
v 0.7653669 -1.847759 0.9
v 1.11114 -1.662939 0.9
v 1.414214 -1.414214 0.9
v 1.662939 -1.11114 0.9
v 1.847759 -0.7653669 0.9
v 0 1.59008 2.202569
v 0.3102092 1.559527 2.202569
v 0.6084971 1.469042 2.202569
v 0.883401 1.322103 2.202569
v 1.124356 1.124356 2.202569
v 1.322103 0.8834009 2.202569
v 1.469042 0.6084971 2.202569
v 1.559527 0.3102091 2.202569
v 0 1.673695 2.005653
v 0.3265218 1.641535 2.005653
v 0.6404955 1.546293 2.005653
v 0.9298553 1.391627 2.005653
v 1.183481 1.183481 2.005653
v 1.391627 0.9298552 2.005653
v 1.546293 0.6404954 2.005653
v 1.641536 0.3265215 2.005653
v 0 1.751745 1.811027
v 0.3417484 1.718085 1.811027
v 0.6703637 1.618401 1.811027
v 0.9732171 1.456522 1.811027
v 1.23867 1.23867 1.811027
v 1.456522 0.973217 1.811027
v 1.618401 0.6703635 1.811027
v 1.718085 0.3417482 1.811027
v 0 1.824206 1.619779
v 0.3558849 1.789154 1.619779
v 0.6980935 1.685346 1.619779
v 1.013474 1.516772 1.619779
v 1.289908 1.289908 1.619779
v 1.516772 1.013474 1.619779
v 1.685346 0.6980934 1.619779
v 1.789154 0.3558847 1.619779
v 0 1.889682 1.432554
v 0.3686587 1.853372 1.432554
v 0.72315 1.745838 1.432554
v 1.049851 1.571213 1.432554
v 1.336207 1.336207 1.432554
v 1.571213 1.049851 1.432554
v 1.745838 0.72315 1.432554
v 1.853372 0.3686585 1.432554
v 0 1.944943 1.249801
v 0.3794395 1.907571 1.249801
v 0.7442973 1.796892 1.249801
v 1.080552 1.617161 1.249801
v 1.375282 1.375282 1.249801
v 1.617161 1.080552 1.249801
v 1.796892 0.7442973 1.249801
v 0 1.98447 1.072019
v 0.3871509 1.946339 1.072019
v 0.7594237 1.833411 1.072019
v 1.102512 1.650026 1.072019
v 1.403232 1.403232 1.072019
v 1.650026 1.102512 1.072019
v 1.833411 0.7594237 1.072019
v 0 2 0.9
v 0.3901806 1.961571 0.9
v 0.7653669 1.847759 0.9
v 1.11114 1.662939 0.9
v 1.414214 1.414214 0.9
v 1.662939 1.11114 0.9
v 1.847759 0.7653669 0.9
v -1.559527 0.3102092 2.202569
v -1.469042 0.6084971 2.202569
v -1.322103 0.883401 2.202569
v -1.124356 1.124356 2.202569
v -0.8834009 1.322103 2.202569
v -0.6084971 1.469042 2.202569
v -0.3102091 1.559527 2.202569
v -1.641535 0.3265218 2.005653
v -1.546293 0.6404955 2.005653
v -1.391627 0.9298553 2.005653
v -1.183481 1.183481 2.005653
v -0.9298552 1.391627 2.005653
v -0.6404954 1.546293 2.005653
v -0.3265215 1.641536 2.005653
v -1.718085 0.3417484 1.811027
v -1.618401 0.6703637 1.811027
v -1.456522 0.9732171 1.811027
v -1.23867 1.23867 1.811027
v -0.973217 1.456522 1.811027
v -0.6703635 1.618401 1.811027
v -0.3417482 1.718085 1.811027
v -1.789154 0.3558849 1.619779
v -1.685346 0.6980935 1.619779
v -1.516772 1.013474 1.619779
v -1.289908 1.289908 1.619779
v -1.013474 1.516772 1.619779
v -0.6980934 1.685346 1.619779
v -0.3558847 1.789154 1.619779
v -1.853372 0.3686587 1.432554
v -1.745838 0.72315 1.432554
v -1.571213 1.049851 1.432554
v -1.336207 1.336207 1.432554
v -1.049851 1.571213 1.432554
v -0.72315 1.745838 1.432554
v -0.3686585 1.853372 1.432554
v -1.907571 0.3794395 1.249801
v -1.796892 0.7442973 1.249801
v -1.617161 1.080552 1.249801
v -1.375282 1.375282 1.249801
v -1.080552 1.617161 1.249801
v -0.7442973 1.796892 1.249801
v -0.3794393 1.907571 1.249801
v -1.946339 0.3871509 1.072019
v -1.833411 0.7594237 1.072019
v -1.650026 1.102512 1.072019
v -1.403232 1.403232 1.072019
v -1.102512 1.650026 1.072019
v -0.7594237 1.833411 1.072019
v -0.3871507 1.946339 1.072019
v -1.961571 0.3901806 0.9
v -1.847759 0.7653669 0.9
v -1.662939 1.11114 0.9
v -1.414214 1.414214 0.9
v -1.11114 1.662939 0.9
v -0.7653669 1.847759 0.9
v -0.3901805 1.961571 0.9
v -1.944349 -0.3867551 0.7416503
v -1.831537 -0.7586474 0.7416503
v -1.64834 -1.101385 0.7416503
v -1.401798 -1.401798 0.7416503
v -1.101385 -1.64834 0.7416503
v -0.7586474 -1.831537 0.7416503
v -0.3867549 -1.944349 0.7416503
v 8.665525e-8 -1.982441 0.7416503
v -1.894644 -0.3768682 0.6035157
v -1.784716 -0.7392536 0.6035157
v -1.606202 -1.07323 0.6035157
v -1.365963 -1.365963 0.6035157
v -1.07323 -1.606202 0.6035157
v -0.7392536 -1.784716 0.6035157
v -0.376868 -1.894644 0.6035157
v 8.444002e-8 -1.931763 0.6035157
v -1.854671 0 0.4847168
v -1.819035 -0.3618284 0.4847168
v -1.713493 -0.7097521 0.4847168
v -1.542103 -1.0304 0.4847168
v -1.311451 -1.311451 0.4847168
v -1.0304 -1.542103 0.4847168
v -0.7097521 -1.713493 0.4847168
v -0.3618283 -1.819035 0.4847168
v 8.107027e-8 -1.854671 0.4847168
v -1.761719 0 0.384375
v -1.727868 -0.3436943 0.384375
v -1.627616 -0.6741806 0.384375
v -1.464816 -0.9787585 0.384375
v -1.245723 -1.245723 0.384375
v -0.9787585 -1.464816 0.384375
v -0.6741806 -1.627616 0.384375
v -0.3436941 -1.727868 0.384375
v 7.700717e-8 -1.761719 0.384375
v -1.665928 0 0.3016113
v -1.633917 -0.3250064 0.3016113
v -1.539117 -0.6375229 0.3016113
v -1.385169 -0.9255401 0.3016113
v -1.177989 -1.177989 0.3016113
v -0.92554 -1.385169 0.3016113
v -0.6375229 -1.539117 0.3016113
v -0.3250062 -1.633918 0.3016113
v 7.282001e-8 -1.665928 0.3016113
v -1.581421 0 0.2355469
v -1.551034 -0.30852 0.2355469
v -1.461042 -0.6051835 0.2355469
v -1.314903 -0.8785905 0.2355469
v -1.118233 -1.118233 0.2355469
v -0.8785903 -1.314903 0.2355469
v -0.6051835 -1.461042 0.2355469
v -0.3085198 -1.551035 0.2355469
v 6.91261e-8 -1.581421 0.2355469
v -1.522045 0 0.1853027
v -1.492799 -0.2969363 0.1853027
v -1.406186 -0.5824615 0.1853027
v -1.265534 -0.845603 0.1853027
v -1.076248 -1.076248 0.1853027
v -0.845603 -1.265534 0.1853027
v -0.5824615 -1.406186 0.1853027
v -0.2969361 -1.4928 0.1853027
v 6.65307e-8 -1.522045 0.1853027
v -1.5 0 0.15
v -1.471178 -0.2926355 0.15
v -1.385819 -0.5740252 0.15
v -1.247204 -0.8333554 0.15
v -1.06066 -1.06066 0.15
v -0.8333553 -1.247205 0.15
v -0.5740252 -1.385819 0.15
v -0.2926354 -1.471178 0.15
v 6.556708e-8 -1.5 0.15
v 0.3867551 -1.944349 0.7416503
v 0.7586474 -1.831537 0.7416503
v 1.101385 -1.64834 0.7416503
v 1.401798 -1.401798 0.7416503
v 1.64834 -1.101385 0.7416503
v 1.831537 -0.7586474 0.7416503
v 1.944349 -0.3867549 0.7416503
v 0.3768682 -1.894644 0.6035157
v 0.7392536 -1.784716 0.6035157
v 1.07323 -1.606202 0.6035157
v 1.365963 -1.365963 0.6035157
v 1.606202 -1.07323 0.6035157
v 1.784716 -0.7392536 0.6035157
v 1.894644 -0.376868 0.6035157
v 1.931763 8.444002e-8 0.6035157
v 0.3618284 -1.819035 0.4847168
v 0.7097521 -1.713493 0.4847168
v 1.0304 -1.542103 0.4847168
v 1.311451 -1.311451 0.4847168
v 1.542103 -1.0304 0.4847168
v 1.713493 -0.7097521 0.4847168
v 1.819035 -0.3618283 0.4847168
v 1.854671 8.107027e-8 0.4847168
v 0.3436943 -1.727868 0.384375
v 0.6741806 -1.627616 0.384375
v 0.9787585 -1.464816 0.384375
v 1.245723 -1.245723 0.384375
v 1.464816 -0.9787585 0.384375
v 1.627616 -0.6741806 0.384375
v 1.727868 -0.3436941 0.384375
v 1.761719 7.700717e-8 0.384375
v 0.3250064 -1.633917 0.3016113
v 0.6375229 -1.539117 0.3016113
v 0.9255401 -1.385169 0.3016113
v 1.177989 -1.177989 0.3016113
v 1.385169 -0.92554 0.3016113
v 1.539117 -0.6375229 0.3016113
v 1.633918 -0.3250062 0.3016113
v 1.665928 7.282001e-8 0.3016113
v 0.30852 -1.551034 0.2355469
v 0.6051835 -1.461042 0.2355469
v 0.8785905 -1.314903 0.2355469
v 1.118233 -1.118233 0.2355469
v 1.314903 -0.8785903 0.2355469
v 1.461042 -0.6051835 0.2355469
v 1.551035 -0.3085198 0.2355469
v 1.581421 6.91261e-8 0.2355469
v 0.2969363 -1.492799 0.1853027
v 0.5824615 -1.406186 0.1853027
v 0.845603 -1.265534 0.1853027
v 1.076248 -1.076248 0.1853027
v 1.265534 -0.845603 0.1853027
v 1.406186 -0.5824615 0.1853027
v 1.4928 -0.2969361 0.1853027
v 1.522045 6.65307e-8 0.1853027
v 0.2926355 -1.471178 0.15
v 0.5740252 -1.385819 0.15
v 0.8333554 -1.247204 0.15
v 1.06066 -1.06066 0.15
v 1.247205 -0.8333553 0.15
v 1.385819 -0.5740252 0.15
v 1.471178 -0.2926354 0.15
v 1.5 6.556708e-8 0.15
v 0 1.982441 0.7416503
v 0.3867551 1.944349 0.7416503
v 0.7586474 1.831537 0.7416503
v 1.101385 1.64834 0.7416503
v 1.401798 1.401798 0.7416503
v 1.64834 1.101385 0.7416503
v 1.831537 0.7586474 0.7416503
v 1.944349 0.3867549 0.7416503
v 0 1.931763 0.6035157
v 0.3768682 1.894644 0.6035157
v 0.7392536 1.784716 0.6035157
v 1.07323 1.606202 0.6035157
v 1.365963 1.365963 0.6035157
v 1.606202 1.07323 0.6035157
v 1.784716 0.7392536 0.6035157
v 1.894644 0.376868 0.6035157
v 0 1.854671 0.4847168
v 0.3618284 1.819035 0.4847168
v 0.7097521 1.713493 0.4847168
v 1.0304 1.542103 0.4847168
v 1.311451 1.311451 0.4847168
v 1.542103 1.0304 0.4847168
v 1.713493 0.7097521 0.4847168
v 1.819035 0.3618283 0.4847168
v 0 1.761719 0.384375
v 0.3436943 1.727868 0.384375
v 0.6741806 1.627616 0.384375
v 0.9787585 1.464816 0.384375
v 1.245723 1.245723 0.384375
v 1.464816 0.9787585 0.384375
v 1.627616 0.6741806 0.384375
v 1.727868 0.3436941 0.384375
v 0 1.665928 0.3016113
v 0.3250064 1.633917 0.3016113
v 0.6375229 1.539117 0.3016113
v 0.9255401 1.385169 0.3016113
v 1.177989 1.177989 0.3016113
v 1.385169 0.92554 0.3016113
v 1.539117 0.6375229 0.3016113
v 1.633918 0.3250062 0.3016113
v 0 1.581421 0.2355469
v 0.30852 1.551034 0.2355469
v 0.6051835 1.461042 0.2355469
v 0.8785905 1.314903 0.2355469
v 1.118233 1.118233 0.2355469
v 1.314903 0.8785903 0.2355469
v 1.461042 0.6051835 0.2355469
v 1.551035 0.3085198 0.2355469
v 0 1.522045 0.1853027
v 0.2969363 1.492799 0.1853027
v 0.5824615 1.406186 0.1853027
v 0.845603 1.265534 0.1853027
v 1.076248 1.076248 0.1853027
v 1.265534 0.845603 0.1853027
v 1.406186 0.5824615 0.1853027
v 1.4928 0.2969361 0.1853027
v 0 1.5 0.15
v 0.2926355 1.471178 0.15
v 0.5740252 1.385819 0.15
v 0.8333554 1.247204 0.15
v 1.06066 1.06066 0.15
v 1.247205 0.8333553 0.15
v 1.385819 0.5740252 0.15
v 1.471178 0.2926354 0.15
v -1.944349 0.3867551 0.7416503
v -1.831537 0.7586474 0.7416503
v -1.64834 1.101385 0.7416503
v -1.401798 1.401798 0.7416503
v -1.101385 1.64834 0.7416503
v -0.7586474 1.831537 0.7416503
v -0.3867549 1.944349 0.7416503
v -1.894644 0.3768682 0.6035157
v -1.784716 0.7392536 0.6035157
v -1.606202 1.07323 0.6035157
v -1.365963 1.365963 0.6035157
v -1.07323 1.606202 0.6035157
v -0.7392536 1.784716 0.6035157
v -0.376868 1.894644 0.6035157
v -1.819035 0.3618284 0.4847168
v -1.713493 0.7097521 0.4847168
v -1.542103 1.0304 0.4847168
v -1.311451 1.311451 0.4847168
v -1.0304 1.542103 0.4847168
v -0.7097521 1.713493 0.4847168
v -0.3618283 1.819035 0.4847168
v -1.727868 0.3436943 0.384375
v -1.627616 0.6741806 0.384375
v -1.464816 0.9787585 0.384375
v -1.245723 1.245723 0.384375
v -0.9787585 1.464816 0.384375
v -0.6741806 1.627616 0.384375
v -0.3436941 1.727868 0.384375
v -1.633917 0.3250064 0.3016113
v -1.539117 0.6375229 0.3016113
v -1.385169 0.9255401 0.3016113
v -1.177989 1.177989 0.3016113
v -0.92554 1.385169 0.3016113
v -0.6375229 1.539117 0.3016113
v -0.3250062 1.633918 0.3016113
v -1.551034 0.30852 0.2355469
v -1.461042 0.6051835 0.2355469
v -1.314903 0.8785905 0.2355469
v -1.118233 1.118233 0.2355469
v -0.8785903 1.314903 0.2355469
v -0.6051835 1.461042 0.2355469
v -0.3085198 1.551035 0.2355469
v -1.492799 0.2969363 0.1853027
v -1.406186 0.5824615 0.1853027
v -1.265534 0.845603 0.1853027
v -1.076248 1.076248 0.1853027
v -0.845603 1.265534 0.1853027
v -0.5824615 1.406186 0.1853027
v -0.2969361 1.4928 0.1853027
v -1.471178 0.2926355 0.15
v -1.385819 0.5740252 0.15
v -1.247204 0.8333554 0.15
v -1.06066 1.06066 0.15
v -0.8333553 1.247205 0.15
v -0.5740252 1.385819 0.15
v -0.2926354 1.471178 0.15
v -1.493994 0 0.1220215
v -1.465287 -0.2914638 0.1220215
v -1.38027 -0.5717269 0.1220215
v -1.242211 -0.8300186 0.1220215
v -1.056413 -1.056413 0.1220215
v -0.8300185 -1.242211 0.1220215
v -0.5717269 -1.38027 0.1220215
v -0.2914636 -1.465287 0.1220215
v 6.530456e-8 -1.493994 0.1220215
v -1.466016 0 0.09492188
v -1.437846 -0.2860055 0.09492188
v -1.354422 -0.5610199 0.09492188
v -1.218948 -0.8144746 0.09492188
v -1.03663 -1.03663 0.09492188
v -0.8144745 -1.218948 0.09492188
v -0.5610199 -1.354422 0.09492188
v -0.2860053 -1.437846 0.09492188
v 6.408158e-8 -1.466016 0.09492188
v -1.401123 0 0.06958008
v -1.374201 -0.2733456 0.06958008
v -1.294469 -0.5361866 0.06958008
v -1.164991 -0.7784222 0.06958008
v -0.9907436 -0.9907436 0.06958008
v -0.7784222 -1.164991 0.06958008
v -0.5361866 -1.294469 0.06958008
v -0.2733454 -1.374201 0.06958008
v 6.124503e-8 -1.401123 0.06958008
v -1.284375 0 0.046875
v -1.259696 -0.2505691 0.046875
v -1.186608 -0.4915091 0.046875
v -1.067919 -0.7135605 0.046875
v -0.9081903 -0.9081903 0.046875
v -0.7135605 -1.067919 0.046875
v -0.491509 -1.186608 0.046875
v -0.250569 -1.259696 0.046875
v 5.614181e-8 -1.284375 0.046875
v -1.10083 0 0.02768555
v -1.079678 -0.2147613 0.02768555
v -1.017034 -0.4212695 0.02768555
v -0.9153067 -0.6115884 0.02768555
v -0.7784044 -0.7784044 0.02768555
v -0.6115884 -0.9153068 0.02768555
v -0.4212694 -1.017034 0.02768555
v -0.2147612 -1.079678 0.02768555
v 4.811881e-8 -1.10083 0.02768555
v -0.8355469 0 0.01289063
v -0.819492 -0.1630071 0.01289063
v -0.7719445 -0.31975 0.01289063
v -0.6947318 -0.464205 0.01289063
v -0.5908208 -0.5908208 0.01289063
v -0.4642049 -0.6947319 0.01289063
v -0.3197499 -0.7719445 0.01289063
v -0.163007 -0.819492 0.01289063
v 3.652291e-8 -0.8355469 0.01289063
v -0.473584 0 0.00336914
v -0.4644841 -0.09239165 0.00336914
v -0.4375345 -0.1812328 0.00336914
v -0.3937707 -0.2631091 0.00336914
v -0.3348744 -0.3348744 0.00336914
v -0.2631091 -0.3937707 0.00336914
v -0.1812327 -0.4375345 0.00336914
v -0.0923916 -0.4644842 0.00336914
v 2.070101e-8 -0.473584 0.00336914
v 0 0 0
v 0.2914638 -1.465287 0.1220215
v 0.5717269 -1.38027 0.1220215
v 0.8300186 -1.242211 0.1220215
v 1.056413 -1.056413 0.1220215
v 1.242211 -0.8300185 0.1220215
v 1.38027 -0.5717269 0.1220215
v 1.465287 -0.2914636 0.1220215
v 1.493994 6.530456e-8 0.1220215
v 0.2860055 -1.437846 0.09492188
v 0.5610199 -1.354422 0.09492188
v 0.8144746 -1.218948 0.09492188
v 1.03663 -1.03663 0.09492188
v 1.218948 -0.8144745 0.09492188
v 1.354422 -0.5610199 0.09492188
v 1.437846 -0.2860053 0.09492188
v 1.466016 6.408158e-8 0.09492188
v 0.2733456 -1.374201 0.06958008
v 0.5361866 -1.294469 0.06958008
v 0.7784222 -1.164991 0.06958008
v 0.9907436 -0.9907436 0.06958008
v 1.164991 -0.7784222 0.06958008
v 1.294469 -0.5361866 0.06958008
v 1.374201 -0.2733454 0.06958008
v 1.401123 6.124503e-8 0.06958008
v 0.2505691 -1.259696 0.046875
v 0.4915091 -1.186608 0.046875
v 0.7135605 -1.067919 0.046875
v 0.9081903 -0.9081903 0.046875
v 1.067919 -0.7135605 0.046875
v 1.186608 -0.491509 0.046875
v 1.259696 -0.250569 0.046875
v 1.284375 5.614181e-8 0.046875
v 0.2147613 -1.079678 0.02768555
v 0.4212695 -1.017034 0.02768555
v 0.6115884 -0.9153067 0.02768555
v 0.7784044 -0.7784044 0.02768555
v 0.9153068 -0.6115884 0.02768555
v 1.017034 -0.4212694 0.02768555
v 1.079678 -0.2147612 0.02768555
v 1.10083 4.811881e-8 0.02768555
v 0.1630071 -0.819492 0.01289063
v 0.31975 -0.7719445 0.01289063
v 0.464205 -0.6947318 0.01289063
v 0.5908208 -0.5908208 0.01289063
v 0.6947319 -0.4642049 0.01289063
v 0.7719445 -0.3197499 0.01289063
v 0.819492 -0.163007 0.01289063
v 0.8355469 3.652291e-8 0.01289063
v 0.09239165 -0.4644841 0.00336914
v 0.1812328 -0.4375345 0.00336914
v 0.2631091 -0.3937707 0.00336914
v 0.3348744 -0.3348744 0.00336914
v 0.3937707 -0.2631091 0.00336914
v 0.4375345 -0.1812327 0.00336914
v 0.4644842 -0.0923916 0.00336914
v 0.473584 2.070101e-8 0.00336914
v 0 1.493994 0.1220215
v 0.2914638 1.465287 0.1220215
v 0.5717269 1.38027 0.1220215
v 0.8300186 1.242211 0.1220215
v 1.056413 1.056413 0.1220215
v 1.242211 0.8300185 0.1220215
v 1.38027 0.5717269 0.1220215
v 1.465287 0.2914636 0.1220215
v 0 1.466016 0.09492188
v 0.2860055 1.437846 0.09492188
v 0.5610199 1.354422 0.09492188
v 0.8144746 1.218948 0.09492188
v 1.03663 1.03663 0.09492188
v 1.218948 0.8144745 0.09492188
v 1.354422 0.5610199 0.09492188
v 1.437846 0.2860053 0.09492188
v 0 1.401123 0.06958008
v 0.2733456 1.374201 0.06958008
v 0.5361866 1.294469 0.06958008
v 0.7784222 1.164991 0.06958008
v 0.9907436 0.9907436 0.06958008
v 1.164991 0.7784222 0.06958008
v 1.294469 0.5361866 0.06958008
v 1.374201 0.2733454 0.06958008
v 0 1.284375 0.046875
v 0.2505691 1.259696 0.046875
v 0.4915091 1.186608 0.046875
v 0.7135605 1.067919 0.046875
v 0.9081903 0.9081903 0.046875
v 1.067919 0.7135605 0.046875
v 1.186608 0.491509 0.046875
v 1.259696 0.250569 0.046875
v 0 1.10083 0.02768555
v 0.2147613 1.079678 0.02768555
v 0.4212695 1.017034 0.02768555
v 0.6115884 0.9153067 0.02768555
v 0.7784044 0.7784044 0.02768555
v 0.9153068 0.6115884 0.02768555
v 1.017034 0.4212694 0.02768555
v 1.079678 0.2147612 0.02768555
v 0 0.8355469 0.01289063
v 0.1630071 0.819492 0.01289063
v 0.31975 0.7719445 0.01289063
v 0.464205 0.6947318 0.01289063
v 0.5908208 0.5908208 0.01289063
v 0.6947319 0.4642049 0.01289063
v 0.7719445 0.3197499 0.01289063
v 0.819492 0.163007 0.01289063
v 0 0.473584 0.00336914
v 0.09239165 0.4644841 0.00336914
v 0.1812328 0.4375345 0.00336914
v 0.2631091 0.3937707 0.00336914
v 0.3348744 0.3348744 0.00336914
v 0.3937707 0.2631091 0.00336914
v 0.4375345 0.1812327 0.00336914
v 0.4644842 0.0923916 0.00336914
v -1.465287 0.2914638 0.1220215
v -1.38027 0.5717269 0.1220215
v -1.242211 0.8300186 0.1220215
v -1.056413 1.056413 0.1220215
v -0.8300185 1.242211 0.1220215
v -0.5717269 1.38027 0.1220215
v -0.2914636 1.465287 0.1220215
v -1.437846 0.2860055 0.09492188
v -1.354422 0.5610199 0.09492188
v -1.218948 0.8144746 0.09492188
v -1.03663 1.03663 0.09492188
v -0.8144745 1.218948 0.09492188
v -0.5610199 1.354422 0.09492188
v -0.2860053 1.437846 0.09492188
v -1.374201 0.2733456 0.06958008
v -1.294469 0.5361866 0.06958008
v -1.164991 0.7784222 0.06958008
v -0.9907436 0.9907436 0.06958008
v -0.7784222 1.164991 0.06958008
v -0.5361866 1.294469 0.06958008
v -0.2733454 1.374201 0.06958008
v -1.259696 0.2505691 0.046875
v -1.186608 0.4915091 0.046875
v -1.067919 0.7135605 0.046875
v -0.9081903 0.9081903 0.046875
v -0.7135605 1.067919 0.046875
v -0.491509 1.186608 0.046875
v -0.250569 1.259696 0.046875
v -1.079678 0.2147613 0.02768555
v -1.017034 0.4212695 0.02768555
v -0.9153067 0.6115884 0.02768555
v -0.7784044 0.7784044 0.02768555
v -0.6115884 0.9153068 0.02768555
v -0.4212694 1.017034 0.02768555
v -0.2147612 1.079678 0.02768555
v -0.819492 0.1630071 0.01289063
v -0.7719445 0.31975 0.01289063
v -0.6947318 0.464205 0.01289063
v -0.5908208 0.5908208 0.01289063
v -0.4642049 0.6947319 0.01289063
v -0.3197499 0.7719445 0.01289063
v -0.163007 0.819492 0.01289063
v -0.4644841 0.09239165 0.00336914
v -0.4375345 0.1812328 0.00336914
v -0.3937707 0.2631091 0.00336914
v -0.3348744 0.3348744 0.00336914
v -0.2631091 0.3937707 0.00336914
v -0.1812327 0.4375345 0.00336914
v -0.0923916 0.4644842 0.00336914
v 2.009421 0 1.331478
v 2.013703 -0.1265943 1.310697
v 2.024982 -0.2170138 1.255909
v 2.040911 -0.2712586 1.178454
v 2.059155 -0.2893324 1.089671
v 2.077387 -0.2712405 1.000892
v 2.093285 -0.2169868 0.9234505
v 2.104528 -0.1265735 0.8686762
v 2.108793 0 0.8479001
v 2.216764 0 1.427679
v 2.223584 -0.1180609 1.410403
v 2.241512 -0.2023606 1.364862
v 2.266755 -0.2528999 1.300496
v 2.295594 -0.2697011 1.226744
v 2.324367 -0.2527937 1.153023
v 2.349431 -0.2022022 1.088733
v 2.367146 -0.1179387 1.043269
v 2.373863 0 1.026026
v 2.348095 0 1.563899
v 2.356301 -0.1061219 1.550465
v 2.377805 -0.1818541 1.515059
v 2.407971 -0.2271985 1.465049
v 2.44232 -0.2422072 1.407796
v 2.476513 -0.2269496 1.350617
v 2.506259 -0.1814828 1.300785
v 2.527266 -0.1058354 1.26556
v 2.535228 0 1.252203
v 2.430471 0 1.727168
v 2.439442 -0.09219401 1.717607
v 2.462903 -0.1579419 1.692416
v 2.495707 -0.1972466 1.656872
v 2.532964 -0.2101872 1.616242
v 2.569984 -0.196869 1.575724
v 2.602153 -0.1573786 1.540451
v 2.624857 -0.09175934 1.515535
v 2.63346 0 1.506091
v 2.491112 0 1.904395
v 2.500757 -0.07763256 1.898432
v 2.525976 -0.1329691 1.882733
v 2.561231 -0.1660127 1.860616
v 2.601262 -0.1768505 1.835389
v 2.641033 -0.1655979 1.810285
v 2.67559 -0.1323502 1.788464
v 2.699978 -0.07715502 1.773067
v 2.709219 0 1.767234
v 2.556579 0 2.082978
v 2.567369 -0.0640382 2.080032
v 2.595654 -0.1096912 2.07228
v 2.635337 -0.1369615 2.061379
v 2.680532 -0.1459158 2.048981
v 2.725528 -0.1366429 2.036678
v 2.764674 -0.1092159 2.026005
v 2.792321 -0.06367145 2.018485
v 2.8028 0 2.015638
v 2.651951 0 2.251432
v 2.664998 -0.05356335 2.250591
v 2.699333 -0.09178773 2.248379
v 2.747754 -0.1146741 2.245276
v 2.803144 -0.122249 2.241758
v 2.858454 -0.1145476 2.238276
v 2.906662 -0.09159906 2.235264
v 2.940744 -0.05341776 2.233144
v 2.953668 0 2.232343
v 2.8 0 2.4
v 3.2 0 2.4
v 1.905943 0 1.316779
v 1.897678 -0.1278308 1.293385
v 1.899753 -0.1450113 1.282667
v 1.906464 -0.2191057 1.236096
v 1.92118 -0.2601693 1.176248
v 1.923926 -0.2737221 1.15616
v 1.940519 -0.2918652 1.06418
v 1.941372 -0.2910577 1.060179
v 1.944451 -0.2737757 0.9694085
v 1.946265 -0.2569658 0.9441106
v 1.934178 -0.2193184 0.8829823
v 1.927846 -0.1417844 0.8306636
v 1.924587 -0.1280699 0.8208287
v 1.92585 0 0.7984827
v 1.847912 3.163285e-8 1.311516
v 1.80803 4.391837e-8 1.334114
v 1.783335 7.795204e-8 1.386654
v 1.841721 -0.1283073 1.28882
v 1.803733 -0.1396413 1.307358
v 1.779815 -0.163711 1.351528
v 1.844603 -0.1457646 1.277847
v 1.807105 -0.1584905 1.294409
v 1.783481 -0.1857432 1.335266
v 1.853571 -0.2222059 1.230321
v 1.818504 -0.241097 1.239718
v 1.796698 -0.2807702 1.265878
v 1.870754 -0.2648954 1.168654
v 1.838022 -0.2857252 1.171325
v 1.818465 -0.3295745 1.184207
v 1.874011 -0.2790168 1.148162
v 1.842073 -0.300634 1.149029
v 1.823307 -0.3455933 1.157841
v 1.893296 -0.2989176 1.05458
v 1.864579 -0.3211299 1.049043
v 1.849086 -0.3658231 1.043791
v 1.894291 -0.2981802 1.050486
v 1.865721 -0.3203461 1.04467
v 1.850386 -0.3648944 1.038828
v 1.900504 -0.2827629 0.9592339
v 1.875629 -0.3043292 0.9486642
v 1.86292 -0.3447939 0.9316799
v 1.903627 -0.2662675 0.9331584
v 1.879945 -0.2867808 0.9207234
v 1.868029 -0.3246017 0.9
v 1.894806 -0.2294742 0.8709874
v 1.874338 -0.2478779 0.8550984
v 1.863174 -0.2793796 0.8278504
v 1.89255 -0.1495136 0.8151557
v 1.875115 -0.1612483 0.7947456
v 1.864276 -0.1802106 0.7606994
v 1.889342 -0.1354425 0.8047816
v 1.872016 -0.146139 0.7836413
v 1.860781 -0.1632889 0.7485405
v 1.89227 0 0.7801045
v 1.875971 0 0.7568716
v 1.864329 0 0.7190354
v 2.013703 0.1265943 1.310697
v 2.024982 0.2170138 1.255909
v 2.040911 0.2712586 1.178454
v 2.059155 0.2893324 1.089671
v 2.077387 0.2712405 1.000892
v 2.093285 0.2169868 0.9234505
v 2.104528 0.1265735 0.8686762
v 2.223584 0.1180609 1.410403
v 2.241512 0.2023606 1.364862
v 2.266755 0.2528999 1.300496
v 2.295594 0.2697011 1.226744
v 2.324367 0.2527937 1.153023
v 2.349431 0.2022022 1.088733
v 2.367146 0.1179387 1.043269
v 2.356301 0.1061219 1.550465
v 2.377805 0.1818541 1.515059
v 2.407971 0.2271985 1.465049
v 2.44232 0.2422072 1.407796
v 2.476513 0.2269496 1.350617
v 2.506259 0.1814828 1.300785
v 2.527266 0.1058354 1.26556
v 2.439442 0.09219401 1.717607
v 2.462903 0.1579419 1.692416
v 2.495707 0.1972466 1.656872
v 2.532964 0.2101872 1.616242
v 2.569984 0.196869 1.575724
v 2.602153 0.1573786 1.540451
v 2.624857 0.09175934 1.515535
v 2.500757 0.07763256 1.898432
v 2.525976 0.1329691 1.882733
v 2.561231 0.1660127 1.860616
v 2.601262 0.1768505 1.835389
v 2.641033 0.1655979 1.810285
v 2.67559 0.1323502 1.788464
v 2.699978 0.07715502 1.773067
v 2.567369 0.0640382 2.080032
v 2.595654 0.1096912 2.07228
v 2.635337 0.1369615 2.061379
v 2.680532 0.1459158 2.048981
v 2.725528 0.1366429 2.036678
v 2.764674 0.1092159 2.026005
v 2.792321 0.06367145 2.018485
v 2.664998 0.05356335 2.250591
v 2.699333 0.09178773 2.248379
v 2.747754 0.1146741 2.245276
v 2.803144 0.122249 2.241758
v 2.858454 0.1145476 2.238276
v 2.906662 0.09159906 2.235264
v 2.940744 0.05341776 2.233144
v 2.817187 0.04921875 2.4
v 2.8625 0.084375 2.4
v 2.926563 0.1054688 2.4
v 3 0.1125 2.4
v 3.073437 0.1054688 2.4
v 3.1375 0.084375 2.4
v 3.182812 0.04921875 2.4
v 1.897678 0.1278308 1.293385
v 1.899753 0.1450113 1.282667
v 1.906464 0.2191057 1.236096
v 1.92118 0.2601693 1.176248
v 1.923926 0.2737221 1.15616
v 1.940519 0.2918652 1.06418
v 1.941372 0.2910577 1.060179
v 1.944451 0.2737757 0.9694085
v 1.946265 0.2569658 0.9441106
v 1.934178 0.2193184 0.8829823
v 1.927846 0.1417844 0.8306636
v 1.924587 0.1280699 0.8208287
v 1.841721 0.1283073 1.28882
v 1.803733 0.1396413 1.307358
v 1.779815 0.163711 1.351528
v 1.844603 0.1457646 1.277847
v 1.807105 0.1584905 1.294409
v 1.783481 0.1857432 1.335266
v 1.853571 0.2222059 1.230321
v 1.818504 0.241097 1.239718
v 1.796698 0.2807702 1.265878
v 1.870754 0.2648954 1.168654
v 1.838022 0.2857252 1.171325
v 1.818465 0.3295745 1.184207
v 1.874011 0.2790168 1.148162
v 1.842073 0.300634 1.149029
v 1.823307 0.3455933 1.157841
v 1.893296 0.2989176 1.05458
v 1.864579 0.3211299 1.049043
v 1.849086 0.3658231 1.043791
v 1.894291 0.2981802 1.050486
v 1.865721 0.3203461 1.04467
v 1.850386 0.3648944 1.038828
v 1.900504 0.2827629 0.9592339
v 1.875629 0.3043292 0.9486642
v 1.86292 0.3447939 0.9316799
v 1.903627 0.2662675 0.9331584
v 1.879945 0.2867808 0.9207234
v 1.868029 0.3246017 0.9
v 1.894806 0.2294742 0.8709874
v 1.874338 0.2478779 0.8550984
v 1.863174 0.2793796 0.8278504
v 1.89255 0.1495136 0.8151557
v 1.875115 0.1612483 0.7947456
v 1.864276 0.1802106 0.7606994
v 1.889342 0.1354425 0.8047816
v 1.872016 0.146139 0.7836413
v 1.860781 0.1632889 0.7485405
v 0 0 0.18
v -0.272979 0 0.1802577
v -0.2677337 -0.05325556 0.1802577
v -0.2521997 -0.1044645 0.1802577
v -0.2269737 -0.151659 0.1802577
v -0.1930253 -0.1930253 0.1802577
v -0.151659 -0.2269737 0.1802577
v -0.1044645 -0.2521997 0.1802577
v -0.05325553 -0.2677337 0.1802577
v 1.193229e-8 -0.272979 0.1802577
v -0.4964759 0 0.181701
v -0.4869362 -0.09685764 0.181701
v -0.4586839 -0.1899931 0.181701
v -0.4128046 -0.2758272 0.181701
v -0.3510615 -0.3510615 0.181701
v -0.2758272 -0.4128046 0.181701
v -0.1899931 -0.4586839 0.181701
v -0.0968576 -0.4869363 0.181701
v 2.170165e-8 -0.4964759 0.181701
v -0.6775802 0 0.1847117
v -0.6645606 -0.1321893 0.1847117
v -0.6260024 -0.2592987 0.1847117
v -0.5633873 -0.3764434 0.1847117
v -0.4791216 -0.4791216 0.1847117
v -0.3764434 -0.5633873 0.1847117
v -0.2592987 -0.6260024 0.1847117
v -0.1321893 -0.6645607 0.1847117
v 2.961797e-8 -0.6775802 0.1847117
v -0.8235809 0 0.1891729
v -0.8077559 -0.1606727 0.1891729
v -0.7608895 -0.3151708 0.1891729
v -0.6847824 -0.457557 0.1891729
v -0.5823596 -0.5823596 0.1891729
v -0.457557 -0.6847825 0.1891729
v -0.3151708 -0.7608895 0.1891729
v -0.1606726 -0.8077561 0.1891729
v 3.599986e-8 -0.8235809 0.1891729
v -0.9418002 0 0.1948842
v -0.9237038 -0.1837361 0.1948842
v -0.87011 -0.3604114 0.1948842
v -0.7830783 -0.5232362 0.1948842
v -0.6659534 -0.6659534 0.1948842
v -0.5232362 -0.7830784 0.1948842
v -0.3604114 -0.87011 0.1948842
v -0.183736 -0.9237038 0.1948842
v 4.11674e-8 -0.9418002 0.1948842
v -1.039428 0 0.2019779
v -1.019455 -0.2027823 0.2019779
v -0.9603059 -0.3977717 0.2019779
v -0.8642524 -0.577475 0.2019779
v -0.7349864 -0.7349864 0.2019779
v -0.5774751 -0.8642525 0.2019779
v -0.3977717 -0.9603059 0.2019779
v -0.2027822 -1.019455 0.2019779
v 4.543482e-8 -1.039428 0.2019779
v -1.123353 0 0.2113349
v -1.101768 -0.2191553 0.2113349
v -1.037843 -0.4298885 0.2113349
v -0.9340338 -0.6241014 0.2113349
v -0.7943304 -0.7943304 0.2113349
v -0.6241014 -0.9340338 0.2113349
v -0.4298885 -1.037843 0.2113349
v -0.2191552 -1.101768 0.2113349
v 4.910331e-8 -1.123353 0.2113349
v -1.2 0 0.225
v -1.176942 -0.2341084 0.225
v -1.108655 -0.4592202 0.225
v -0.9977636 -0.6666843 0.225
v -0.8485281 -0.8485281 0.225
v -0.6666843 -0.9977636 0.225
v -0.4592201 -1.108655 0.225
v -0.2341083 -1.176942 0.225
v 5.245367e-8 -1.2 0.225
v 0.05325556 -0.2677337 0.1802577
v 0.1044645 -0.2521997 0.1802577
v 0.151659 -0.2269737 0.1802577
v 0.1930253 -0.1930253 0.1802577
v 0.2269737 -0.151659 0.1802577
v 0.2521997 -0.1044645 0.1802577
v 0.2677337 -0.05325553 0.1802577
v 0.272979 1.193229e-8 0.1802577
v 0.09685764 -0.4869362 0.181701
v 0.1899931 -0.4586839 0.181701
v 0.2758272 -0.4128046 0.181701
v 0.3510615 -0.3510615 0.181701
v 0.4128046 -0.2758272 0.181701
v 0.4586839 -0.1899931 0.181701
v 0.4869363 -0.0968576 0.181701
v 0.4964759 2.170165e-8 0.181701
v 0.1321893 -0.6645606 0.1847117
v 0.2592987 -0.6260024 0.1847117
v 0.3764434 -0.5633873 0.1847117
v 0.4791216 -0.4791216 0.1847117
v 0.5633873 -0.3764434 0.1847117
v 0.6260024 -0.2592987 0.1847117
v 0.6645607 -0.1321893 0.1847117
v 0.6775802 2.961797e-8 0.1847117
v 0.1606727 -0.8077559 0.1891729
v 0.3151708 -0.7608895 0.1891729
v 0.457557 -0.6847824 0.1891729
v 0.5823596 -0.5823596 0.1891729
v 0.6847825 -0.457557 0.1891729
v 0.7608895 -0.3151708 0.1891729
v 0.8077561 -0.1606726 0.1891729
v 0.8235809 3.599986e-8 0.1891729
v 0.1837361 -0.9237038 0.1948842
v 0.3604114 -0.87011 0.1948842
v 0.5232362 -0.7830783 0.1948842
v 0.6659534 -0.6659534 0.1948842
v 0.7830784 -0.5232362 0.1948842
v 0.87011 -0.3604114 0.1948842
v 0.9237038 -0.183736 0.1948842
v 0.9418002 4.11674e-8 0.1948842
v 0.2027823 -1.019455 0.2019779
v 0.3977717 -0.9603059 0.2019779
v 0.577475 -0.8642524 0.2019779
v 0.7349864 -0.7349864 0.2019779
v 0.8642525 -0.5774751 0.2019779
v 0.9603059 -0.3977717 0.2019779
v 1.019455 -0.2027822 0.2019779
v 1.039428 4.543482e-8 0.2019779
v 0.2191553 -1.101768 0.2113349
v 0.4298885 -1.037843 0.2113349
v 0.6241014 -0.9340338 0.2113349
v 0.7943304 -0.7943304 0.2113349
v 0.9340338 -0.6241014 0.2113349
v 1.037843 -0.4298885 0.2113349
v 1.101768 -0.2191552 0.2113349
v 1.123353 4.910331e-8 0.2113349
v 0.2341084 -1.176942 0.225
v 0.4592202 -1.108655 0.225
v 0.6666843 -0.9977636 0.225
v 0.8485281 -0.8485281 0.225
v 0.9977636 -0.6666843 0.225
v 1.108655 -0.4592201 0.225
v 1.176942 -0.2341083 0.225
v 1.2 5.245367e-8 0.225
v 0 0.272979 0.1802577
v 0.05325556 0.2677337 0.1802577
v 0.1044645 0.2521997 0.1802577
v 0.151659 0.2269737 0.1802577
v 0.1930253 0.1930253 0.1802577
v 0.2269737 0.151659 0.1802577
v 0.2521997 0.1044645 0.1802577
v 0.2677337 0.05325553 0.1802577
v 0 0.4964759 0.181701
v 0.09685764 0.4869362 0.181701
v 0.1899931 0.4586839 0.181701
v 0.2758272 0.4128046 0.181701
v 0.3510615 0.3510615 0.181701
v 0.4128046 0.2758272 0.181701
v 0.4586839 0.1899931 0.181701
v 0.4869363 0.0968576 0.181701
v 0 0.6775802 0.1847117
v 0.1321893 0.6645606 0.1847117
v 0.2592987 0.6260024 0.1847117
v 0.3764434 0.5633873 0.1847117
v 0.4791216 0.4791216 0.1847117
v 0.5633873 0.3764434 0.1847117
v 0.6260024 0.2592987 0.1847117
v 0.6645607 0.1321893 0.1847117
v 0 0.8235809 0.1891729
v 0.1606727 0.8077559 0.1891729
v 0.3151708 0.7608895 0.1891729
v 0.457557 0.6847824 0.1891729
v 0.5823596 0.5823596 0.1891729
v 0.6847825 0.457557 0.1891729
v 0.7608895 0.3151708 0.1891729
v 0.8077561 0.1606726 0.1891729
v 0 0.9418002 0.1948842
v 0.1837361 0.9237038 0.1948842
v 0.3604114 0.87011 0.1948842
v 0.5232362 0.7830783 0.1948842
v 0.6659534 0.6659534 0.1948842
v 0.7830784 0.5232362 0.1948842
v 0.87011 0.3604114 0.1948842
v 0.9237038 0.183736 0.1948842
v 0 1.039428 0.2019779
v 0.2027823 1.019455 0.2019779
v 0.3977717 0.9603059 0.2019779
v 0.577475 0.8642524 0.2019779
v 0.7349864 0.7349864 0.2019779
v 0.8642525 0.5774751 0.2019779
v 0.9603059 0.3977717 0.2019779
v 1.019455 0.2027822 0.2019779
v 0 1.123353 0.2113349
v 0.2191553 1.101768 0.2113349
v 0.4298885 1.037843 0.2113349
v 0.6241014 0.9340338 0.2113349
v 0.7943304 0.7943304 0.2113349
v 0.9340338 0.6241014 0.2113349
v 1.037843 0.4298885 0.2113349
v 1.101768 0.2191552 0.2113349
v 0 1.2 0.225
v 0.2341084 1.176942 0.225
v 0.4592202 1.108655 0.225
v 0.6666843 0.9977636 0.225
v 0.8485281 0.8485281 0.225
v 0.9977636 0.6666843 0.225
v 1.108655 0.4592201 0.225
v 1.176942 0.2341083 0.225
v -0.2677337 0.05325556 0.1802577
v -0.2521997 0.1044645 0.1802577
v -0.2269737 0.151659 0.1802577
v -0.1930253 0.1930253 0.1802577
v -0.151659 0.2269737 0.1802577
v -0.1044645 0.2521997 0.1802577
v -0.05325553 0.2677337 0.1802577
v -0.4869362 0.09685764 0.181701
v -0.4586839 0.1899931 0.181701
v -0.4128046 0.2758272 0.181701
v -0.3510615 0.3510615 0.181701
v -0.2758272 0.4128046 0.181701
v -0.1899931 0.4586839 0.181701
v -0.0968576 0.4869363 0.181701
v -0.6645606 0.1321893 0.1847117
v -0.6260024 0.2592987 0.1847117
v -0.5633873 0.3764434 0.1847117
v -0.4791216 0.4791216 0.1847117
v -0.3764434 0.5633873 0.1847117
v -0.2592987 0.6260024 0.1847117
v -0.1321893 0.6645607 0.1847117
v -0.8077559 0.1606727 0.1891729
v -0.7608895 0.3151708 0.1891729
v -0.6847824 0.457557 0.1891729
v -0.5823596 0.5823596 0.1891729
v -0.457557 0.6847825 0.1891729
v -0.3151708 0.7608895 0.1891729
v -0.1606726 0.8077561 0.1891729
v -0.9237038 0.1837361 0.1948842
v -0.87011 0.3604114 0.1948842
v -0.7830783 0.5232362 0.1948842
v -0.6659534 0.6659534 0.1948842
v -0.5232362 0.7830784 0.1948842
v -0.3604114 0.87011 0.1948842
v -0.183736 0.9237038 0.1948842
v -1.019455 0.2027823 0.2019779
v -0.9603059 0.3977717 0.2019779
v -0.8642524 0.577475 0.2019779
v -0.7349864 0.7349864 0.2019779
v -0.5774751 0.8642525 0.2019779
v -0.3977717 0.9603059 0.2019779
v -0.2027822 1.019455 0.2019779
v -1.101768 0.2191553 0.2113349
v -1.037843 0.4298885 0.2113349
v -0.9340338 0.6241014 0.2113349
v -0.7943304 0.7943304 0.2113349
v -0.6241014 0.9340338 0.2113349
v -0.4298885 1.037843 0.2113349
v -0.2191552 1.101768 0.2113349
v -1.176942 0.2341084 0.225
v -1.108655 0.4592202 0.225
v -0.9977636 0.6666843 0.225
v -0.8485281 0.8485281 0.225
v -0.6666843 0.9977636 0.225
v -0.4592201 1.108655 0.225
v -0.2341083 1.176942 0.225
v -1.288523 0 0.2497394
v -1.263764 -0.2513784 0.2497394
v -1.19044 -0.4930964 0.2497394
v -1.071368 -0.715865 0.2497394
v -0.9111233 -0.9111233 0.2497394
v -0.7158649 -1.071368 0.2497394
v -0.4930964 -1.19044 0.2497394
v -0.2513782 -1.263764 0.2497394
v 5.632312e-8 -1.288523 0.2497394
v -1.398165 0 0.2916159
v -1.3713 -0.2727686 0.2916159
v -1.291736 -0.5350548 0.2916159
v -1.162532 -0.7767792 0.2916159
v -0.9886522 -0.9886522 0.2916159
v -0.776779 -1.162532 0.2916159
v -0.5350547 -1.291736 0.2916159
v -0.2727684 -1.3713 0.2916159
v 6.111576e-8 -1.398165 0.2916159
v -1.518476 0 0.3516198
v -1.489299 -0.29624 0.3516198
v -1.402889 -0.5810958 0.3516198
v -1.262567 -0.8436203 0.3516198
v -1.073725 -1.073725 0.3516198
v -0.8436201 -1.262567 0.3516198
v -0.5810958 -1.402889 0.3516198
v -0.2962399 -1.489299 0.3516198
v 6.63747e-8 -1.518476 0.3516198
v -1.637861 0 0.4295772
v -1.60639 -0.3195308 0.4295772
v -1.513186 -0.6267822 0.4295772
v -1.361832 -0.9099469 0.4295772
v -1.158143 -1.158143 0.4295772
v -0.9099467 -1.361832 0.4295772
v -0.6267822 -1.513186 0.4295772
v -0.3195307 -1.60639 0.4295772
v 7.159317e-8 -1.637861 0.4295772
v -1.744756 0 0.5245656
v -1.711231 -0.3403849 0.5245656
v -1.611944 -0.6676892 0.5245656
v -1.450711 -0.9693345 0.5245656
v -1.233728 -1.233728 0.5245656
v -0.9693342 -1.450711 0.5245656
v -0.6676891 -1.611944 0.5245656
v -0.3403848 -1.711231 0.5245656
v 7.626569e-8 -1.744756 0.5245656
v -1.828803 0 0.6353303
v -1.793663 -0.3567818 0.6353303
v -1.689594 -0.6998527 0.6353303
v -1.520594 -1.016029 0.6353303
v -1.293159 -1.293159 0.6353303
v -1.016028 -1.520594 0.6353303
v -0.6998526 -1.689594 0.6353303
v -0.3567817 -1.793663 0.6353303
v 7.993952e-8 -1.828803 0.6353303
v -1.882025 0 0.7606994
v -1.845863 -0.3671649 0.7606994
v -1.738765 -0.72022 0.7606994
v -1.564847 -1.045597 0.7606994
v -1.330793 -1.330793 0.7606994
v -1.045597 -1.564847 0.7606994
v -0.72022 -1.738765 0.7606994
v -0.3671648 -1.845863 0.7606994
v 8.226594e-8 -1.882025 0.7606994
v -1.9 0 0.9
v -1.863492 -0.3706716 0.9
v -1.755371 -0.7270986 0.9
v -1.579792 -1.055583 0.9
v -1.343503 -1.343503 0.9
v -1.055583 -1.579792 0.9
v -0.7270985 -1.755371 0.9
v -0.3706715 -1.863492 0.9
v 8.305164e-8 -1.9 0.9
v 0.2513784 -1.263764 0.2497394
v 0.4930964 -1.19044 0.2497394
v 0.715865 -1.071368 0.2497394
v 0.9111233 -0.9111233 0.2497394
v 1.071368 -0.7158649 0.2497394
v 1.19044 -0.4930964 0.2497394
v 1.263764 -0.2513782 0.2497394
v 1.288523 5.632312e-8 0.2497394
v 0.2727686 -1.3713 0.2916159
v 0.5350548 -1.291736 0.2916159
v 0.7767792 -1.162532 0.2916159
v 0.9886522 -0.9886522 0.2916159
v 1.162532 -0.776779 0.2916159
v 1.291736 -0.5350547 0.2916159
v 1.3713 -0.2727684 0.2916159
v 1.398165 6.111576e-8 0.2916159
v 0.29624 -1.489299 0.3516198
v 0.5810958 -1.402889 0.3516198
v 0.8436203 -1.262567 0.3516198
v 1.073725 -1.073725 0.3516198
v 1.262567 -0.8436201 0.3516198
v 1.402889 -0.5810958 0.3516198
v 1.489299 -0.2962399 0.3516198
v 1.518476 6.63747e-8 0.3516198
v 0.3195308 -1.60639 0.4295772
v 0.6267822 -1.513186 0.4295772
v 0.9099469 -1.361832 0.4295772
v 1.158143 -1.158143 0.4295772
v 1.361832 -0.9099467 0.4295772
v 1.513186 -0.6267822 0.4295772
v 1.60639 -0.3195307 0.4295772
v 1.637861 7.159317e-8 0.4295772
v 0.3403849 -1.711231 0.5245656
v 0.6676892 -1.611944 0.5245656
v 0.9693345 -1.450711 0.5245656
v 1.233728 -1.233728 0.5245656
v 1.450711 -0.9693342 0.5245656
v 1.611944 -0.6676891 0.5245656
v 1.711231 -0.3403848 0.5245656
v 1.744756 7.626569e-8 0.5245656
v 0.3567818 -1.793663 0.6353303
v 0.6998527 -1.689594 0.6353303
v 1.016029 -1.520594 0.6353303
v 1.293159 -1.293159 0.6353303
v 1.520594 -1.016028 0.6353303
v 1.689594 -0.6998526 0.6353303
v 1.793663 -0.3567817 0.6353303
v 1.828803 7.993952e-8 0.6353303
v 0.3671649 -1.845863 0.7606994
v 0.72022 -1.738765 0.7606994
v 1.045597 -1.564847 0.7606994
v 1.330793 -1.330793 0.7606994
v 1.564847 -1.045597 0.7606994
v 1.738765 -0.72022 0.7606994
v 1.845863 -0.3671648 0.7606994
v 0.3706716 -1.863492 0.9
v 0.7270986 -1.755371 0.9
v 1.055583 -1.579792 0.9
v 1.343503 -1.343503 0.9
v 1.579792 -1.055583 0.9
v 1.755371 -0.7270985 0.9
v 1.863492 -0.3706715 0.9
v 0 1.288523 0.2497394
v 0.2513784 1.263764 0.2497394
v 0.4930964 1.19044 0.2497394
v 0.715865 1.071368 0.2497394
v 0.9111233 0.9111233 0.2497394
v 1.071368 0.7158649 0.2497394
v 1.19044 0.4930964 0.2497394
v 1.263764 0.2513782 0.2497394
v 0 1.398165 0.2916159
v 0.2727686 1.3713 0.2916159
v 0.5350548 1.291736 0.2916159
v 0.7767792 1.162532 0.2916159
v 0.9886522 0.9886522 0.2916159
v 1.162532 0.776779 0.2916159
v 1.291736 0.5350547 0.2916159
v 1.3713 0.2727684 0.2916159
v 0 1.518476 0.3516198
v 0.29624 1.489299 0.3516198
v 0.5810958 1.402889 0.3516198
v 0.8436203 1.262567 0.3516198
v 1.073725 1.073725 0.3516198
v 1.262567 0.8436201 0.3516198
v 1.402889 0.5810958 0.3516198
v 1.489299 0.2962399 0.3516198
v 0 1.637861 0.4295772
v 0.3195308 1.60639 0.4295772
v 0.6267822 1.513186 0.4295772
v 0.9099469 1.361832 0.4295772
v 1.158143 1.158143 0.4295772
v 1.361832 0.9099467 0.4295772
v 1.513186 0.6267822 0.4295772
v 1.60639 0.3195307 0.4295772
v 0 1.744756 0.5245656
v 0.3403849 1.711231 0.5245656
v 0.6676892 1.611944 0.5245656
v 0.9693345 1.450711 0.5245656
v 1.233728 1.233728 0.5245656
v 1.450711 0.9693342 0.5245656
v 1.611944 0.6676891 0.5245656
v 1.711231 0.3403848 0.5245656
v 0 1.828803 0.6353303
v 0.3567818 1.793663 0.6353303
v 0.6998527 1.689594 0.6353303
v 1.016029 1.520594 0.6353303
v 1.293159 1.293159 0.6353303
v 1.520594 1.016028 0.6353303
v 1.689594 0.6998526 0.6353303
v 1.793663 0.3567817 0.6353303
v 0 1.882025 0.7606994
v 0.3671649 1.845863 0.7606994
v 0.72022 1.738765 0.7606994
v 1.045597 1.564847 0.7606994
v 1.330793 1.330793 0.7606994
v 1.564847 1.045597 0.7606994
v 1.738765 0.72022 0.7606994
v 1.845863 0.3671648 0.7606994
v 0 1.9 0.9
v 0.3706716 1.863492 0.9
v 0.7270986 1.755371 0.9
v 1.055583 1.579792 0.9
v 1.343503 1.343503 0.9
v 1.579792 1.055583 0.9
v 1.755371 0.7270985 0.9
v 1.863492 0.3706715 0.9
v -1.263764 0.2513784 0.2497394
v -1.19044 0.4930964 0.2497394
v -1.071368 0.715865 0.2497394
v -0.9111233 0.9111233 0.2497394
v -0.7158649 1.071368 0.2497394
v -0.4930964 1.19044 0.2497394
v -0.2513782 1.263764 0.2497394
v -1.3713 0.2727686 0.2916159
v -1.291736 0.5350548 0.2916159
v -1.162532 0.7767792 0.2916159
v -0.9886522 0.9886522 0.2916159
v -0.776779 1.162532 0.2916159
v -0.5350547 1.291736 0.2916159
v -0.2727684 1.3713 0.2916159
v -1.489299 0.29624 0.3516198
v -1.402889 0.5810958 0.3516198
v -1.262567 0.8436203 0.3516198
v -1.073725 1.073725 0.3516198
v -0.8436201 1.262567 0.3516198
v -0.5810958 1.402889 0.3516198
v -0.2962399 1.489299 0.3516198
v -1.60639 0.3195308 0.4295772
v -1.513186 0.6267822 0.4295772
v -1.361832 0.9099469 0.4295772
v -1.158143 1.158143 0.4295772
v -0.9099467 1.361832 0.4295772
v -0.6267822 1.513186 0.4295772
v -0.3195307 1.60639 0.4295772
v -1.711231 0.3403849 0.5245656
v -1.611944 0.6676892 0.5245656
v -1.450711 0.9693345 0.5245656
v -1.233728 1.233728 0.5245656
v -0.9693342 1.450711 0.5245656
v -0.6676891 1.611944 0.5245656
v -0.3403848 1.711231 0.5245656
v -1.793663 0.3567818 0.6353303
v -1.689594 0.6998527 0.6353303
v -1.520594 1.016029 0.6353303
v -1.293159 1.293159 0.6353303
v -1.016028 1.520594 0.6353303
v -0.6998526 1.689594 0.6353303
v -0.3567817 1.793663 0.6353303
v -1.845863 0.3671649 0.7606994
v -1.738765 0.72022 0.7606994
v -1.564847 1.045597 0.7606994
v -1.330793 1.330793 0.7606994
v -1.045597 1.564847 0.7606994
v -0.72022 1.738765 0.7606994
v -0.3671648 1.845863 0.7606994
v -1.863492 0.3706716 0.9
v -1.755371 0.7270986 0.9
v -1.579792 1.055583 0.9
v -1.343503 1.343503 0.9
v -1.055583 1.579792 0.9
v -0.7270985 1.755371 0.9
v -0.3706715 1.863492 0.9
v -1.886325 0 1.038828
v -1.85008 -0.3680037 1.038828
v -1.742737 -0.7218652 1.038828
v -1.568422 -1.047986 1.038828
v -1.333833 -1.333833 1.038828
v -1.047986 -1.568422 1.038828
v -0.7218651 -1.742737 1.038828
v -0.3680035 -1.85008 1.038828
v 8.245387e-8 -1.886325 1.038828
v -1.850925 0 1.184207
v -1.81536 -0.3610975 1.184207
v -1.710032 -0.7083184 1.184207
v -1.538988 -1.028319 1.184207
v -1.308802 -1.308802 1.184207
v -1.028319 -1.538988 1.184208
v -0.7083183 -1.710032 1.184207
v -0.3610974 -1.81536 1.184207
v 8.09065e-8 -1.850925 1.184207
v -1.801775 0 1.335266
v -1.767154 -0.3515089 1.335266
v -1.664623 -0.6895094 1.335266
v -1.498121 -1.001013 1.335266
v -1.274047 -1.274047 1.335266
v -1.001012 -1.498121 1.335266
v -0.6895094 -1.664623 1.335266
v -0.3515086 -1.767154 1.335266
v 7.875808e-8 -1.801775 1.335266
v -1.745617 0 1.491764
v -1.712075 -0.3405529 1.491764
v -1.612739 -0.6680185 1.491764
v -1.451427 -0.9698126 1.491764
v -1.234337 -1.234337 1.491765
v -0.9698124 -1.451427 1.491765
v -0.6680185 -1.612739 1.491764
v -0.3405527 -1.712075 1.491764
v 7.630332e-8 -1.745617 1.491764
v -1.6872 0 1.653568
v -1.654781 -0.3291563 1.653568
v -1.558769 -0.6456633 1.653568
v -1.402855 -0.937358 1.653568
v -1.19303 -1.19303 1.653568
v -0.9373577 -1.402855 1.653569
v -0.6456633 -1.558769 1.653568
v -0.3291562 -1.654781 1.653568
v 7.374983e-8 -1.6872 1.653568
v -1.628519 0 1.820122
v -1.597227 -0.3177083 1.820121
v -1.504555 -0.6232071 1.820121
v -1.354064 -0.9047565 1.820121
v -1.151537 -1.151537 1.820122
v -0.9047564 -1.354064 1.820122
v -0.6232071 -1.504555 1.820121
v -0.3177081 -1.597227 1.820121
v 7.118481e-8 -1.628519 1.820122
v -1.568052 0 1.989923
v -1.537922 -0.3059118 1.989923
v -1.448691 -0.6000676 1.989923
v -1.303788 -0.8711631 1.989923
v -1.10878 -1.10878 1.989923
v -0.871163 -1.303788 1.989923
v -0.6000676 -1.448691 1.989923
v -0.3059117 -1.537922 1.989923
v 6.854173e-8 -1.568052 1.989923
v -1.5 0 2.16
v -1.471178 -0.2926355 2.16
v -1.385819 -0.5740252 2.16
v -1.247204 -0.8333554 2.16
v -1.06066 -1.06066 2.16
v -0.8333553 -1.247205 2.16
v -0.5740252 -1.385819 2.16
v -0.2926354 -1.471178 2.16
v 6.556708e-8 -1.5 2.16
v 0.3680037 -1.85008 1.038828
v 0.7218652 -1.742737 1.038828
v 1.047986 -1.568422 1.038828
v 1.333833 -1.333833 1.038828
v 1.568422 -1.047986 1.038828
v 1.742737 -0.7218651 1.038828
v 1.85008 -0.3680035 1.038828
v 0.3610975 -1.81536 1.184207
v 0.7083184 -1.710032 1.184207
v 1.028319 -1.538988 1.184207
v 1.308802 -1.308802 1.184207
v 1.538988 -1.028319 1.184208
v 1.710032 -0.7083183 1.184207
v 1.81536 -0.3610974 1.184207
v 0.3515089 -1.767154 1.335266
v 0.6895094 -1.664623 1.335266
v 1.001013 -1.498121 1.335266
v 1.274047 -1.274047 1.335266
v 1.498121 -1.001012 1.335266
v 1.664623 -0.6895094 1.335266
v 1.767154 -0.3515086 1.335266
v 0.3405529 -1.712075 1.491764
v 0.6680185 -1.612739 1.491764
v 0.9698126 -1.451427 1.491764
v 1.234337 -1.234337 1.491765
v 1.451427 -0.9698124 1.491765
v 1.612739 -0.6680185 1.491764
v 1.712075 -0.3405527 1.491764
v 1.745617 7.630332e-8 1.491764
v 0.3291563 -1.654781 1.653568
v 0.6456633 -1.558769 1.653568
v 0.937358 -1.402855 1.653568
v 1.19303 -1.19303 1.653568
v 1.402855 -0.9373577 1.653569
v 1.558769 -0.6456633 1.653568
v 1.654781 -0.3291562 1.653568
v 1.6872 7.374983e-8 1.653568
v 0.3177083 -1.597227 1.820121
v 0.6232071 -1.504555 1.820121
v 0.9047565 -1.354064 1.820121
v 1.151537 -1.151537 1.820122
v 1.354064 -0.9047564 1.820122
v 1.504555 -0.6232071 1.820121
v 1.597227 -0.3177081 1.820121
v 1.628519 7.118481e-8 1.820122
v 0.3059118 -1.537922 1.989923
v 0.6000676 -1.448691 1.989923
v 0.8711631 -1.303788 1.989923
v 1.10878 -1.10878 1.989923
v 1.303788 -0.871163 1.989923
v 1.448691 -0.6000676 1.989923
v 1.537922 -0.3059117 1.989923
v 1.568052 6.854173e-8 1.989923
v 0.2926355 -1.471178 2.16
v 0.5740252 -1.385819 2.16
v 0.8333554 -1.247204 2.16
v 1.06066 -1.06066 2.16
v 1.247205 -0.8333553 2.16
v 1.385819 -0.5740252 2.16
v 1.471178 -0.2926354 2.16
v 1.5 6.556708e-8 2.16
v 0 1.886325 1.038828
v 0.3680037 1.85008 1.038828
v 0.7218652 1.742737 1.038828
v 1.047986 1.568422 1.038828
v 1.333833 1.333833 1.038828
v 1.568422 1.047986 1.038828
v 1.742737 0.7218651 1.038828
v 1.85008 0.3680035 1.038828
v 0 1.850925 1.184207
v 0.3610975 1.81536 1.184207
v 0.7083184 1.710032 1.184207
v 1.028319 1.538988 1.184207
v 1.308802 1.308802 1.184207
v 1.538988 1.028319 1.184208
v 1.710032 0.7083183 1.184207
v 1.81536 0.3610974 1.184207
v 0 1.801775 1.335266
v 0.3515089 1.767154 1.335266
v 0.6895094 1.664623 1.335266
v 1.001013 1.498121 1.335266
v 1.274047 1.274047 1.335266
v 1.498121 1.001012 1.335266
v 1.664623 0.6895094 1.335266
v 1.767154 0.3515086 1.335266
v 0 1.745617 1.491764
v 0.3405529 1.712075 1.491764
v 0.6680185 1.612739 1.491764
v 0.9698126 1.451427 1.491764
v 1.234337 1.234337 1.491765
v 1.451427 0.9698124 1.491765
v 1.612739 0.6680185 1.491764
v 1.712075 0.3405527 1.491764
v 0 1.6872 1.653568
v 0.3291563 1.654781 1.653568
v 0.6456633 1.558769 1.653568
v 0.937358 1.402855 1.653568
v 1.19303 1.19303 1.653568
v 1.402855 0.9373577 1.653569
v 1.558769 0.6456633 1.653568
v 1.654781 0.3291562 1.653568
v 0 1.628519 1.820122
v 0.3177083 1.597227 1.820121
v 0.6232071 1.504555 1.820121
v 0.9047565 1.354064 1.820121
v 1.151537 1.151537 1.820122
v 1.354064 0.9047564 1.820122
v 1.504555 0.6232071 1.820121
v 1.597227 0.3177081 1.820121
v 0 1.568052 1.989923
v 0.3059118 1.537922 1.989923
v 0.6000676 1.448691 1.989923
v 0.8711631 1.303788 1.989923
v 1.10878 1.10878 1.989923
v 1.303788 0.871163 1.989923
v 1.448691 0.6000676 1.989923
v 1.537922 0.3059117 1.989923
v 0 1.5 2.16
v 0.2926355 1.471178 2.16
v 0.5740252 1.385819 2.16
v 0.8333554 1.247204 2.16
v 1.06066 1.06066 2.16
v 1.247205 0.8333553 2.16
v 1.385819 0.5740252 2.16
v 1.471178 0.2926354 2.16
v -1.85008 0.3680037 1.038828
v -1.742737 0.7218652 1.038828
v -1.568422 1.047986 1.038828
v -1.333833 1.333833 1.038828
v -1.047986 1.568422 1.038828
v -0.7218651 1.742737 1.038828
v -0.3680035 1.85008 1.038828
v -1.81536 0.3610975 1.184207
v -1.710032 0.7083184 1.184207
v -1.538988 1.028319 1.184207
v -1.308802 1.308802 1.184207
v -1.028319 1.538988 1.184208
v -0.7083183 1.710032 1.184207
v -0.3610974 1.81536 1.184207
v -1.767154 0.3515089 1.335266
v -1.664623 0.6895094 1.335266
v -1.498121 1.001013 1.335266
v -1.274047 1.274047 1.335266
v -1.001012 1.498121 1.335266
v -0.6895094 1.664623 1.335266
v -0.3515086 1.767154 1.335266
v -1.712075 0.3405529 1.491764
v -1.612739 0.6680185 1.491764
v -1.451427 0.9698126 1.491764
v -1.234337 1.234337 1.491765
v -0.9698124 1.451427 1.491765
v -0.6680185 1.612739 1.491764
v -0.3405527 1.712075 1.491764
v -1.654781 0.3291563 1.653568
v -1.558769 0.6456633 1.653568
v -1.402855 0.937358 1.653568
v -1.19303 1.19303 1.653568
v -0.9373577 1.402855 1.653569
v -0.6456633 1.558769 1.653568
v -0.3291562 1.654781 1.653568
v -1.597227 0.3177083 1.820121
v -1.504555 0.6232071 1.820121
v -1.354064 0.9047565 1.820121
v -1.151537 1.151537 1.820122
v -0.9047564 1.354064 1.820122
v -0.6232071 1.504555 1.820121
v -0.3177081 1.597227 1.820121
v -1.537922 0.3059118 1.989923
v -1.448691 0.6000676 1.989923
v -1.303788 0.8711631 1.989923
v -1.10878 1.10878 1.989923
v -0.871163 1.303788 1.989923
v -0.6000676 1.448691 1.989923
v -0.3059117 1.537922 1.989923
v -1.471178 0.2926355 2.16
v -1.385819 0.5740252 2.16
v -1.247204 0.8333554 2.16
v -1.06066 1.06066 2.16
v -0.8333553 1.247205 2.16
v -0.5740252 1.385819 2.16
v -0.2926354 1.471178 2.16
v -1.469881 0 2.218456
v -1.441638 -0.2867596 2.218456
v -1.357993 -0.5624992 2.218456
v -1.222162 -0.8166223 2.218456
v -1.039363 -1.039363 2.218456
v -0.8166223 -1.222162 2.218456
v -0.5624992 -1.357993 2.218456
v -0.2867595 -1.441638 2.218456
v 6.425055e-8 -1.469881 2.218456
v -1.432931 0 2.25941
v -1.405398 -0.279551 2.25941
v -1.323856 -0.5483591 2.25941
v -1.191439 -0.796094 2.25941
v -1.013235 -1.013235 2.25941
v -0.7960939 -1.191439 2.25941
v -0.5483591 -1.323856 2.25941
v -0.2795509 -1.405398 2.25941
v 6.263542e-8 -1.432931 2.25941
v -1.385926 0 2.285162
v -1.359295 -0.2703806 2.285162
v -1.280428 -0.5303707 2.285162
v -1.152355 -0.7699789 2.285162
v -0.9799972 -0.9799972 2.285162
v -0.7699789 -1.152355 2.285162
v -0.5303707 -1.280428 2.285162
v -0.2703805 -1.359295 2.285162
v 6.058072e-8 -1.385926 2.285162
v -1.332317 0 2.299485
v -1.306717 -0.2599221 2.299485
v -1.2309 -0.5098556 2.299485
v -1.107781 -0.7401956 2.299485
v -0.9420903 -0.9420903 2.299485
v -0.7401955 -1.107781 2.299486
v -0.5098556 -1.2309 2.299485
v -0.259922 -1.306717 2.299485
v 5.823741e-8 -1.332317 2.299485
v -1.279475 0 2.307097
v -1.25489 -0.2496132 2.307097
v -1.182081 -0.489634 2.307097
v -1.063845 -0.7108383 2.307097
v -0.9047255 -0.9047255 2.307097
v -0.7108383 -1.063845 2.307097
v -0.489634 -1.182081 2.307097
v -0.2496131 -1.25489 2.307097
v 5.592763e-8 -1.279475 2.307097
v -1.235925 0 2.313137
v -1.212177 -0.241117 2.313137
v -1.141846 -0.472968 2.313137
v -1.027634 -0.6866431 2.313137
v -0.8739309 -0.8739309 2.313137
v -0.6866431 -1.027634 2.313137
v -0.472968 -1.141846 2.313137
v -0.2411169 -1.212177 2.313137
v 5.4024e-8 -1.235925 2.313137
v -1.208584 0 2.322637
v -1.185361 -0.235783 2.322637
v -1.116586 -0.462505 2.322637
v -1.004901 -0.6714532 2.322637
v -0.8545978 -0.8545978 2.322637
v -0.6714531 -1.004901 2.322637
v -0.462505 -1.116586 2.322637
v -0.2357829 -1.185361 2.322637
v 5.282887e-8 -1.208584 2.322637
v -1.2 0 2.34
v -1.176942 -0.2341084 2.34
v -1.108655 -0.4592202 2.34
v -0.9977636 -0.6666843 2.34
v -0.8485281 -0.8485281 2.34
v -0.6666843 -0.9977636 2.34
v -0.4592201 -1.108655 2.34
v -0.2341083 -1.176942 2.34
v 5.245367e-8 -1.2 2.34
v 0.2867596 -1.441638 2.218456
v 0.5624992 -1.357993 2.218456
v 0.8166223 -1.222162 2.218456
v 1.039363 -1.039363 2.218456
v 1.222162 -0.8166223 2.218456
v 1.357993 -0.5624992 2.218456
v 1.441638 -0.2867595 2.218456
v 1.469881 6.425055e-8 2.218456
v 0.279551 -1.405398 2.25941
v 0.5483591 -1.323856 2.25941
v 0.796094 -1.191439 2.25941
v 1.013235 -1.013235 2.25941
v 1.191439 -0.7960939 2.25941
v 1.323856 -0.5483591 2.25941
v 1.405398 -0.2795509 2.25941
v 1.432931 6.263542e-8 2.25941
v 0.2703806 -1.359295 2.285162
v 0.5303707 -1.280428 2.285162
v 0.7699789 -1.152355 2.285162
v 0.9799972 -0.9799972 2.285162
v 1.152355 -0.7699789 2.285162
v 1.280428 -0.5303707 2.285162
v 1.359295 -0.2703805 2.285162
v 1.385926 6.058072e-8 2.285162
v 0.2599221 -1.306717 2.299485
v 0.5098556 -1.2309 2.299485
v 0.7401956 -1.107781 2.299485
v 0.9420903 -0.9420903 2.299485
v 1.107781 -0.7401955 2.299486
v 1.2309 -0.5098556 2.299485
v 1.306717 -0.259922 2.299485
v 1.332317 5.823741e-8 2.299485
v 0.2496132 -1.25489 2.307097
v 0.489634 -1.182081 2.307097
v 0.7108383 -1.063845 2.307097
v 0.9047255 -0.9047255 2.307097
v 1.063845 -0.7108383 2.307097
v 1.182081 -0.489634 2.307097
v 1.25489 -0.2496131 2.307097
v 1.279475 5.592763e-8 2.307097
v 0.241117 -1.212177 2.313137
v 0.472968 -1.141846 2.313137
v 0.6866431 -1.027634 2.313137
v 0.8739309 -0.8739309 2.313137
v 1.027634 -0.6866431 2.313137
v 1.141846 -0.472968 2.313137
v 1.212177 -0.2411169 2.313137
v 1.235925 5.4024e-8 2.313137
v 0.235783 -1.185361 2.322637
v 0.462505 -1.116586 2.322637
v 0.6714532 -1.004901 2.322637
v 0.8545978 -0.8545978 2.322637
v 1.004901 -0.6714531 2.322637
v 1.116586 -0.462505 2.322637
v 1.185361 -0.2357829 2.322637
v 1.208584 5.282887e-8 2.322637
v 0.2341084 -1.176942 2.34
v 0.4592202 -1.108655 2.34
v 0.6666843 -0.9977636 2.34
v 0.8485281 -0.8485281 2.34
v 0.9977636 -0.6666843 2.34
v 1.108655 -0.4592201 2.34
v 1.176942 -0.2341083 2.34
v 1.2 5.245367e-8 2.34
v 0 1.469881 2.218456
v 0.2867596 1.441638 2.218456
v 0.5624992 1.357993 2.218456
v 0.8166223 1.222162 2.218456
v 1.039363 1.039363 2.218456
v 1.222162 0.8166223 2.218456
v 1.357993 0.5624992 2.218456
v 1.441638 0.2867595 2.218456
v 0 1.432931 2.25941
v 0.279551 1.405398 2.25941
v 0.5483591 1.323856 2.25941
v 0.796094 1.191439 2.25941
v 1.013235 1.013235 2.25941
v 1.191439 0.7960939 2.25941
v 1.323856 0.5483591 2.25941
v 1.405398 0.2795509 2.25941
v 0 1.385926 2.285162
v 0.2703806 1.359295 2.285162
v 0.5303707 1.280428 2.285162
v 0.7699789 1.152355 2.285162
v 0.9799972 0.9799972 2.285162
v 1.152355 0.7699789 2.285162
v 1.280428 0.5303707 2.285162
v 1.359295 0.2703805 2.285162
v 0 1.332317 2.299485
v 0.2599221 1.306717 2.299485
v 0.5098556 1.2309 2.299485
v 0.7401956 1.107781 2.299485
v 0.9420903 0.9420903 2.299485
v 1.107781 0.7401955 2.299486
v 1.2309 0.5098556 2.299485
v 1.306717 0.259922 2.299485
v 0 1.279475 2.307097
v 0.2496132 1.25489 2.307097
v 0.489634 1.182081 2.307097
v 0.7108383 1.063845 2.307097
v 0.9047255 0.9047255 2.307097
v 1.063845 0.7108383 2.307097
v 1.182081 0.489634 2.307097
v 1.25489 0.2496131 2.307097
v 0 1.235925 2.313137
v 0.241117 1.212177 2.313137
v 0.472968 1.141846 2.313137
v 0.6866431 1.027634 2.313137
v 0.8739309 0.8739309 2.313137
v 1.027634 0.6866431 2.313137
v 1.141846 0.472968 2.313137
v 1.212177 0.2411169 2.313137
v 0 1.208584 2.322637
v 0.235783 1.185361 2.322637
v 0.462505 1.116586 2.322637
v 0.6714532 1.004901 2.322637
v 0.8545978 0.8545978 2.322637
v 1.004901 0.6714531 2.322637
v 1.116586 0.462505 2.322637
v 1.185361 0.2357829 2.322637
v 0 1.2 2.34
v 0.2341084 1.176942 2.34
v 0.4592202 1.108655 2.34
v 0.6666843 0.9977636 2.34
v 0.8485281 0.8485281 2.34
v 0.9977636 0.6666843 2.34
v 1.108655 0.4592201 2.34
v 1.176942 0.2341083 2.34
v -1.441638 0.2867596 2.218456
v -1.357993 0.5624992 2.218456
v -1.222162 0.8166223 2.218456
v -1.039363 1.039363 2.218456
v -0.8166223 1.222162 2.218456
v -0.5624992 1.357993 2.218456
v -0.2867595 1.441638 2.218456
v -1.405398 0.279551 2.25941
v -1.323856 0.5483591 2.25941
v -1.191439 0.796094 2.25941
v -1.013235 1.013235 2.25941
v -0.7960939 1.191439 2.25941
v -0.5483591 1.323856 2.25941
v -0.2795509 1.405398 2.25941
v -1.359295 0.2703806 2.285162
v -1.280428 0.5303707 2.285162
v -1.152355 0.7699789 2.285162
v -0.9799972 0.9799972 2.285162
v -0.7699789 1.152355 2.285162
v -0.5303707 1.280428 2.285162
v -0.2703805 1.359295 2.285162
v -1.306717 0.2599221 2.299485
v -1.2309 0.5098556 2.299485
v -1.107781 0.7401956 2.299485
v -0.9420903 0.9420903 2.299485
v -0.7401955 1.107781 2.299486
v -0.5098556 1.2309 2.299485
v -0.259922 1.306717 2.299485
v -1.25489 0.2496132 2.307097
v -1.182081 0.489634 2.307097
v -1.063845 0.7108383 2.307097
v -0.9047255 0.9047255 2.307097
v -0.7108383 1.063845 2.307097
v -0.489634 1.182081 2.307097
v -0.2496131 1.25489 2.307097
v -1.212177 0.241117 2.313137
v -1.141846 0.472968 2.313137
v -1.027634 0.6866431 2.313137
v -0.8739309 0.8739309 2.313137
v -0.6866431 1.027634 2.313137
v -0.472968 1.141846 2.313137
v -0.2411169 1.212177 2.313137
v -1.185361 0.235783 2.322637
v -1.116586 0.462505 2.322637
v -1.004901 0.6714532 2.322637
v -0.8545978 0.8545978 2.322637
v -0.6714531 1.004901 2.322637
v -0.462505 1.116586 2.322637
v -0.2357829 1.185361 2.322637
v -1.176942 0.2341084 2.34
v -1.108655 0.4592202 2.34
v -0.9977636 0.6666843 2.34
v -0.8485281 0.8485281 2.34
v -0.6666843 0.9977636 2.34
v -0.4592201 1.108655 2.34
v -0.2341083 1.176942 2.34
v -1.206376 0 2.359805
v -1.183196 -0.2353524 2.359805
v -1.114546 -0.4616604 2.359805
v -1.003065 -0.6702269 2.359805
v -0.853037 -0.853037 2.359805
v -0.6702268 -1.003065 2.359805
v -0.4616604 -1.114546 2.359805
v -0.2353522 -1.183196 2.359805
v 5.273239e-8 -1.206376 2.359805
v -1.221934 0 2.374687
v -1.198454 -0.2383875 2.374687
v -1.128919 -0.4676138 2.374687
v -1.016001 -0.67887 2.374687
v -0.8640375 -0.8640375 2.374687
v -0.6788699 -1.016001 2.374687
v -0.4676138 -1.128919 2.374687
v -0.2383873 -1.198454 2.374687
v 5.341241e-8 -1.221934 2.374687
v -1.243094 0 2.385352
v -1.219208 -0.2425156 2.385352
v -1.148469 -0.4757115 2.385352
v -1.033595 -0.6906261 2.385352
v -0.8790002 -0.8790002 2.385352
v -0.690626 -1.033595 2.385352
v -0.4757115 -1.148469 2.385352
v -0.2425155 -1.219208 2.385352
v 5.433736e-8 -1.243094 2.385352
v -1.268125 0 2.3925
v -1.243758 -0.2473989 2.3925
v -1.171595 -0.4852905 2.3925
v -1.054407 -0.7045326 2.3925
v -0.8966998 -0.8966998 2.3925
v -0.7045325 -1.054408 2.3925
v -0.4852905 -1.171595 2.3925
v -0.2473988 -1.243759 2.3925
v 5.543151e-8 -1.268125 2.3925
v -1.296481 0 2.396836
v -1.27157 -0.252931 2.396836
v -1.197793 -0.496142 2.396836
v -1.077985 -0.7202865 2.396836
v -0.9167508 -0.9167508 2.396836
v -0.7202864 -1.077985 2.396836
v -0.496142 -1.197793 2.396836
v -0.2529308 -1.27157 2.396836
v 5.6671e-8 -1.296481 2.396836
v -1.328145 0 2.399063
v -1.302625 -0.2591081 2.399063
v -1.227046 -0.5082589 2.399063
v -1.104312 -0.7378776 2.399063
v -0.93914 -0.93914 2.399063
v -0.7378775 -1.104312 2.399063
v -0.5082589 -1.227046 2.399063
v -0.2591081 -1.302625 2.399063
v 5.805504e-8 -1.328145 2.399063
v -1.362964 0 2.399883
v -1.336775 -0.2659012 2.399883
v -1.259215 -0.5215839 2.399883
v -1.133263 -0.7572225 2.399883
v -0.9637614 -0.9637614 2.399883
v -0.7572224 -1.133264 2.399883
v -0.5215839 -1.259215 2.399883
v -0.265901 -1.336776 2.399883
v 5.957707e-8 -1.362964 2.399883
v 0.2353524 -1.183196 2.359805
v 0.4616604 -1.114546 2.359805
v 0.6702269 -1.003065 2.359805
v 0.853037 -0.853037 2.359805
v 1.003065 -0.6702268 2.359805
v 1.114546 -0.4616604 2.359805
v 1.183196 -0.2353522 2.359805
v 1.206376 5.273239e-8 2.359805
v 0.2383875 -1.198454 2.374687
v 0.4676138 -1.128919 2.374687
v 0.67887 -1.016001 2.374687
v 0.8640375 -0.8640375 2.374687
v 1.016001 -0.6788699 2.374687
v 1.128919 -0.4676138 2.374687
v 1.198454 -0.2383873 2.374687
v 1.221934 5.341241e-8 2.374687
v 0.2425156 -1.219208 2.385352
v 0.4757115 -1.148469 2.385352
v 0.6906261 -1.033595 2.385352
v 0.8790002 -0.8790002 2.385352
v 1.033595 -0.690626 2.385352
v 1.148469 -0.4757115 2.385352
v 1.219208 -0.2425155 2.385352
v 1.243094 5.433736e-8 2.385352
v 0.2473989 -1.243758 2.3925
v 0.4852905 -1.171595 2.3925
v 0.7045326 -1.054407 2.3925
v 0.8966998 -0.8966998 2.3925
v 1.054408 -0.7045325 2.3925
v 1.171595 -0.4852905 2.3925
v 1.243759 -0.2473988 2.3925
v 1.268125 5.543151e-8 2.3925
v 0.252931 -1.27157 2.396836
v 0.496142 -1.197793 2.396836
v 0.7202865 -1.077985 2.396836
v 0.9167508 -0.9167508 2.396836
v 1.077985 -0.7202864 2.396836
v 1.197793 -0.496142 2.396836
v 1.27157 -0.2529308 2.396836
v 1.296481 5.6671e-8 2.396836
v 0.2591081 -1.302625 2.399063
v 0.5082589 -1.227046 2.399063
v 0.7378776 -1.104312 2.399063
v 0.93914 -0.93914 2.399063
v 1.104312 -0.7378775 2.399063
v 1.227046 -0.5082589 2.399063
v 1.302625 -0.2591081 2.399063
v 1.328145 5.805504e-8 2.399063
v 0.2659012 -1.336775 2.399883
v 0.5215839 -1.259215 2.399883
v 0.7572225 -1.133263 2.399883
v 0.9637614 -0.9637614 2.399883
v 1.133264 -0.7572224 2.399883
v 1.259215 -0.5215839 2.399883
v 1.336776 -0.265901 2.399883
v 1.362964 5.957707e-8 2.399883
v 0 1.206376 2.359805
v 0.2353524 1.183196 2.359805
v 0.4616604 1.114546 2.359805
v 0.6702269 1.003065 2.359805
v 0.853037 0.853037 2.359805
v 1.003065 0.6702268 2.359805
v 1.114546 0.4616604 2.359805
v 1.183196 0.2353522 2.359805
v 0 1.221934 2.374687
v 0.2383875 1.198454 2.374687
v 0.4676138 1.128919 2.374687
v 0.67887 1.016001 2.374687
v 0.8640375 0.8640375 2.374687
v 1.016001 0.6788699 2.374687
v 1.128919 0.4676138 2.374687
v 1.198454 0.2383873 2.374687
v 0 1.243094 2.385352
v 0.2425156 1.219208 2.385352
v 0.4757115 1.148469 2.385352
v 0.6906261 1.033595 2.385352
v 0.8790002 0.8790002 2.385352
v 1.033595 0.690626 2.385352
v 1.148469 0.4757115 2.385352
v 1.219208 0.2425155 2.385352
v 0 1.268125 2.3925
v 0.2473989 1.243758 2.3925
v 0.4852905 1.171595 2.3925
v 0.7045326 1.054407 2.3925
v 0.8966998 0.8966998 2.3925
v 1.054408 0.7045325 2.3925
v 1.171595 0.4852905 2.3925
v 1.243759 0.2473988 2.3925
v 0 1.296481 2.396836
v 0.252931 1.27157 2.396836
v 0.496142 1.197793 2.396836
v 0.7202865 1.077985 2.396836
v 0.9167508 0.9167508 2.396836
v 1.077985 0.7202864 2.396836
v 1.197793 0.496142 2.396836
v 1.27157 0.2529308 2.396836
v 0 1.328145 2.399063
v 0.2591081 1.302625 2.399063
v 0.5082589 1.227046 2.399063
v 0.7378776 1.104312 2.399063
v 0.93914 0.93914 2.399063
v 1.104312 0.7378775 2.399063
v 1.227046 0.5082589 2.399063
v 1.302625 0.2591081 2.399063
v 0 1.362964 2.399883
v 0.2659012 1.336775 2.399883
v 0.5215839 1.259215 2.399883
v 0.7572225 1.133263 2.399883
v 0.9637614 0.9637614 2.399883
v 1.133264 0.7572224 2.399883
v 1.259215 0.5215839 2.399883
v 1.336776 0.265901 2.399883
v -1.183196 0.2353524 2.359805
v -1.114546 0.4616604 2.359805
v -1.003065 0.6702269 2.359805
v -0.853037 0.853037 2.359805
v -0.6702268 1.003065 2.359805
v -0.4616604 1.114546 2.359805
v -0.2353522 1.183196 2.359805
v -1.198454 0.2383875 2.374687
v -1.128919 0.4676138 2.374687
v -1.016001 0.67887 2.374687
v -0.8640375 0.8640375 2.374687
v -0.6788699 1.016001 2.374687
v -0.4676138 1.128919 2.374687
v -0.2383873 1.198454 2.374687
v -1.219208 0.2425156 2.385352
v -1.148469 0.4757115 2.385352
v -1.033595 0.6906261 2.385352
v -0.8790002 0.8790002 2.385352
v -0.690626 1.033595 2.385352
v -0.4757115 1.148469 2.385352
v -0.2425155 1.219208 2.385352
v -1.243758 0.2473989 2.3925
v -1.171595 0.4852905 2.3925
v -1.054407 0.7045326 2.3925
v -0.8966998 0.8966998 2.3925
v -0.7045325 1.054408 2.3925
v -0.4852905 1.171595 2.3925
v -0.2473988 1.243759 2.3925
v -1.27157 0.252931 2.396836
v -1.197793 0.496142 2.396836
v -1.077985 0.7202865 2.396836
v -0.9167508 0.9167508 2.396836
v -0.7202864 1.077985 2.396836
v -0.496142 1.197793 2.396836
v -0.2529308 1.27157 2.396836
v -1.302625 0.2591081 2.399063
v -1.227046 0.5082589 2.399063
v -1.104312 0.7378776 2.399063
v -0.93914 0.93914 2.399063
v -0.7378775 1.104312 2.399063
v -0.5082589 1.227046 2.399063
v -0.2591081 1.302625 2.399063
v -1.336775 0.2659012 2.399883
v -1.259215 0.5215839 2.399883
v -1.133263 0.7572225 2.399883
v -0.9637614 0.9637614 2.399883
v -0.7572224 1.133264 2.399883
v -0.5215839 1.259215 2.399883
v -0.265901 1.336776 2.399883
v -1.252539 0 2.396778
v -1.228472 -0.2443582 2.396778
v -1.157195 -0.479326 2.396778
v -1.041448 -0.6958734 2.396778
v -0.8856789 -0.8856789 2.396778
v -0.6958733 -1.041448 2.396778
v -0.4793259 -1.157195 2.396778
v -0.2443581 -1.228472 2.396778
v 5.475022e-8 -1.252539 2.396778
v -1.220312 0 2.388281
v -1.196865 -0.2380711 2.388281
v -1.127422 -0.4669934 2.388281
v -1.014653 -0.6779694 2.388281
v -0.8628913 -0.8628913 2.388281
v -0.6779693 -1.014653 2.388281
v -0.4669934 -1.127422 2.388281
v -0.2380711 -1.196865 2.388281
v 5.334156e-8 -1.220312 2.388281
v -1.199805 0 2.376269
v -1.176751 -0.2340703 2.376269
v -1.108475 -0.4591454 2.376269
v -0.9976012 -0.6665758 2.376269
v -0.84839 -0.84839 2.376269
v -0.6665757 -0.9976012 2.376269
v -0.4591454 -1.108475 2.376269
v -0.2340702 -1.176751 2.376269
v 5.244513e-8 -1.199805 2.376269
v -1.1875 0 2.3625
v -1.164683 -0.2316698 2.3625
v -1.097107 -0.4544366 2.3625
v -0.9873702 -0.6597397 2.3625
v -0.8396893 -0.8396893 2.3625
v -0.6597397 -0.9873703 2.3625
v -0.4544366 -1.097107 2.3625
v -0.2316697 -1.164683 2.3625
v 5.190727e-8 -1.1875 2.3625
v -1.179883 0 2.348731
v -1.157212 -0.2301837 2.348731
v -1.09007 -0.4515217 2.348731
v -0.9810367 -0.6555079 2.348731
v -0.8343031 -0.8343031 2.348731
v -0.6555077 -0.9810368 2.348731
v -0.4515216 -1.09007 2.348731
v -0.2301836 -1.157212 2.348731
v 5.157433e-8 -1.179883 2.348731
v -1.173438 0 2.336719
v -1.15089 -0.2289263 2.336719
v -1.084115 -0.4490552 2.336719
v -0.9756776 -0.6519269 2.336719
v -0.8297457 -0.8297457 2.336719
v -0.6519269 -0.9756777 2.336719
v -0.4490551 -1.084115 2.336719
v -0.2289262 -1.15089 2.336719
v 5.129259e-8 -1.173438 2.336719
v -1.164648 0 2.328223
v -1.14227 -0.2272117 2.328223
v -1.075995 -0.4456917 2.328223
v -0.9683698 -0.6470441 2.328223
v -0.8235309 -0.8235309 2.328223
v -0.6470439 -0.9683698 2.328223
v -0.4456916 -1.075995 2.328223
v -0.2272115 -1.14227 2.328223
v 5.09084e-8 -1.164648 2.328223
v -1.15 0 2.325
v -1.127903 -0.2243539 2.325
v -1.062461 -0.440086 2.325
v -0.95619 -0.6389058 2.325
v -0.8131728 -0.8131728 2.325
v -0.6389057 -0.9561901 2.325
v -0.4400859 -1.062461 2.325
v -0.2243538 -1.127903 2.325
v 5.02681e-8 -1.15 2.325
v 0.2443582 -1.228472 2.396778
v 0.479326 -1.157195 2.396778
v 0.6958734 -1.041448 2.396778
v 0.8856789 -0.8856789 2.396778
v 1.041448 -0.6958733 2.396778
v 1.157195 -0.4793259 2.396778
v 1.228472 -0.2443581 2.396778
v 1.252539 5.475022e-8 2.396778
v 0.2380711 -1.196865 2.388281
v 0.4669934 -1.127422 2.388281
v 0.6779694 -1.014653 2.388281
v 0.8628913 -0.8628913 2.388281
v 1.014653 -0.6779693 2.388281
v 1.127422 -0.4669934 2.388281
v 1.196865 -0.2380711 2.388281
v 1.220312 5.334156e-8 2.388281
v 0.2340703 -1.176751 2.376269
v 0.4591454 -1.108475 2.376269
v 0.6665758 -0.9976012 2.376269
v 0.84839 -0.84839 2.376269
v 0.9976012 -0.6665757 2.376269
v 1.108475 -0.4591454 2.376269
v 1.176751 -0.2340702 2.376269
v 1.199805 5.244513e-8 2.376269
v 0.2316698 -1.164683 2.3625
v 0.4544366 -1.097107 2.3625
v 0.6597397 -0.9873702 2.3625
v 0.8396893 -0.8396893 2.3625
v 0.9873703 -0.6597397 2.3625
v 1.097107 -0.4544366 2.3625
v 1.164683 -0.2316697 2.3625
v 1.1875 5.190727e-8 2.3625
v 0.2301837 -1.157212 2.348731
v 0.4515217 -1.09007 2.348731
v 0.6555079 -0.9810367 2.348731
v 0.8343031 -0.8343031 2.348731
v 0.9810368 -0.6555077 2.348731
v 1.09007 -0.4515216 2.348731
v 1.157212 -0.2301836 2.348731
v 1.179883 5.157433e-8 2.348731
v 0.2289263 -1.15089 2.336719
v 0.4490552 -1.084115 2.336719
v 0.6519269 -0.9756776 2.336719
v 0.8297457 -0.8297457 2.336719
v 0.9756777 -0.6519269 2.336719
v 1.084115 -0.4490551 2.336719
v 1.15089 -0.2289262 2.336719
v 1.173438 5.129259e-8 2.336719
v 0.2272117 -1.14227 2.328223
v 0.4456917 -1.075995 2.328223
v 0.6470441 -0.9683698 2.328223
v 0.8235309 -0.8235309 2.328223
v 0.9683698 -0.6470439 2.328223
v 1.075995 -0.4456916 2.328223
v 1.14227 -0.2272115 2.328223
v 1.164648 5.09084e-8 2.328223
v 0.2243539 -1.127903 2.325
v 0.440086 -1.062461 2.325
v 0.6389058 -0.95619 2.325
v 0.8131728 -0.8131728 2.325
v 0.9561901 -0.6389057 2.325
v 1.062461 -0.4400859 2.325
v 1.127903 -0.2243538 2.325
v 1.15 5.02681e-8 2.325
v 0 1.252539 2.396778
v 0.2443582 1.228472 2.396778
v 0.479326 1.157195 2.396778
v 0.6958734 1.041448 2.396778
v 0.8856789 0.8856789 2.396778
v 1.041448 0.6958733 2.396778
v 1.157195 0.4793259 2.396778
v 1.228472 0.2443581 2.396778
v 0 1.220312 2.388281
v 0.2380711 1.196865 2.388281
v 0.4669934 1.127422 2.388281
v 0.6779694 1.014653 2.388281
v 0.8628913 0.8628913 2.388281
v 1.014653 0.6779693 2.388281
v 1.127422 0.4669934 2.388281
v 1.196865 0.2380711 2.388281
v 0 1.199805 2.376269
v 0.2340703 1.176751 2.376269
v 0.4591454 1.108475 2.376269
v 0.6665758 0.9976012 2.376269
v 0.84839 0.84839 2.376269
v 0.9976012 0.6665757 2.376269
v 1.108475 0.4591454 2.376269
v 1.176751 0.2340702 2.376269
v 0 1.1875 2.3625
v 0.2316698 1.164683 2.3625
v 0.4544366 1.097107 2.3625
v 0.6597397 0.9873702 2.3625
v 0.8396893 0.8396893 2.3625
v 0.9873703 0.6597397 2.3625
v 1.097107 0.4544366 2.3625
v 1.164683 0.2316697 2.3625
v 0 1.179883 2.348731
v 0.2301837 1.157212 2.348731
v 0.4515217 1.09007 2.348731
v 0.6555079 0.9810367 2.348731
v 0.8343031 0.8343031 2.348731
v 0.9810368 0.6555077 2.348731
v 1.09007 0.4515216 2.348731
v 1.157212 0.2301836 2.348731
v 0 1.173438 2.336719
v 0.2289263 1.15089 2.336719
v 0.4490552 1.084115 2.336719
v 0.6519269 0.9756776 2.336719
v 0.8297457 0.8297457 2.336719
v 0.9756777 0.6519269 2.336719
v 1.084115 0.4490551 2.336719
v 1.15089 0.2289262 2.336719
v 0 1.164648 2.328223
v 0.2272117 1.14227 2.328223
v 0.4456917 1.075995 2.328223
v 0.6470441 0.9683698 2.328223
v 0.8235309 0.8235309 2.328223
v 0.9683698 0.6470439 2.328223
v 1.075995 0.4456916 2.328223
v 1.14227 0.2272115 2.328223
v 0 1.15 2.325
v 0.2243539 1.127903 2.325
v 0.440086 1.062461 2.325
v 0.6389058 0.95619 2.325
v 0.8131728 0.8131728 2.325
v 0.9561901 0.6389057 2.325
v 1.062461 0.4400859 2.325
v 1.127903 0.2243538 2.325
v -1.228472 0.2443582 2.396778
v -1.157195 0.479326 2.396778
v -1.041448 0.6958734 2.396778
v -0.8856789 0.8856789 2.396778
v -0.6958733 1.041448 2.396778
v -0.4793259 1.157195 2.396778
v -0.2443581 1.228472 2.396778
v -1.196865 0.2380711 2.388281
v -1.127422 0.4669934 2.388281
v -1.014653 0.6779694 2.388281
v -0.8628913 0.8628913 2.388281
v -0.6779693 1.014653 2.388281
v -0.4669934 1.127422 2.388281
v -0.2380711 1.196865 2.388281
v -1.176751 0.2340703 2.376269
v -1.108475 0.4591454 2.376269
v -0.9976012 0.6665758 2.376269
v -0.84839 0.84839 2.376269
v -0.6665757 0.9976012 2.376269
v -0.4591454 1.108475 2.376269
v -0.2340702 1.176751 2.376269
v -1.164683 0.2316698 2.3625
v -1.097107 0.4544366 2.3625
v -0.9873702 0.6597397 2.3625
v -0.8396893 0.8396893 2.3625
v -0.6597397 0.9873703 2.3625
v -0.4544366 1.097107 2.3625
v -0.2316697 1.164683 2.3625
v -1.157212 0.2301837 2.348731
v -1.09007 0.4515217 2.348731
v -0.9810367 0.6555079 2.348731
v -0.8343031 0.8343031 2.348731
v -0.6555077 0.9810368 2.348731
v -0.4515216 1.09007 2.348731
v -0.2301836 1.157212 2.348731
v -1.15089 0.2289263 2.336719
v -1.084115 0.4490552 2.336719
v -0.9756776 0.6519269 2.336719
v -0.8297457 0.8297457 2.336719
v -0.6519269 0.9756777 2.336719
v -0.4490551 1.084115 2.336719
v -0.2289262 1.15089 2.336719
v -1.14227 0.2272117 2.328223
v -1.075995 0.4456917 2.328223
v -0.9683698 0.6470441 2.328223
v -0.8235309 0.8235309 2.328223
v -0.6470439 0.9683698 2.328223
v -0.4456916 1.075995 2.328223
v -0.2272115 1.14227 2.328223
v -1.127903 0.2243539 2.325
v -1.062461 0.440086 2.325
v -0.95619 0.6389058 2.325
v -0.8131728 0.8131728 2.325
v -0.6389057 0.9561901 2.325
v -0.4400859 1.062461 2.325
v -0.2243538 1.127903 2.325
v -1.13531 0 2.328491
v -1.113495 -0.221488 2.328491
v -1.04889 -0.4344644 2.328491
v -0.9439757 -0.6307445 2.328491
v -0.8027855 -0.8027855 2.328491
v -0.6307445 -0.9439758 2.328491
v -0.4344642 -1.04889 2.328491
v -0.2214879 -1.113495 2.328491
v 4.962597e-8 -1.13531 2.328491
v -1.126111 0 2.338423
v -1.104473 -0.2196933 2.338423
v -1.040391 -0.430944 2.338423
v -0.936327 -0.6256337 2.338423
v -0.7962806 -0.7962806 2.338423
v -0.6256337 -0.936327 2.338423
v -0.430944 -1.040391 2.338423
v -0.2196932 -1.104473 2.338423
v 4.922387e-8 -1.126111 2.338423
v -1.118253 0 2.353209
v -1.096766 -0.2181603 2.353209
v -1.033131 -0.427937 2.353209
v -0.9297934 -0.6212681 2.353209
v -0.7907243 -0.7907243 2.353209
v -0.621268 -0.9297934 2.353209
v -0.4279369 -1.033131 2.353209
v -0.2181603 -1.096766 2.353209
v 4.888039e-8 -1.118253 2.353209
v -1.107422 0 2.370645
v -1.086143 -0.2160473 2.370645
v -1.023124 -0.4237921 2.370645
v -0.9207876 -0.6152506 2.370645
v -0.7830656 -0.7830656 2.370645
v -0.6152506 -0.9207877 2.370645
v -0.423792 -1.023124 2.370645
v -0.2160472 -1.086143 2.370645
v 4.840695e-8 -1.107422 2.370645
v -1.089276 0 2.388422
v -1.068346 -0.2125071 2.388422
v -1.006359 -0.4168479 2.388422
v -0.9056997 -0.6051692 2.388422
v -0.7702342 -0.7702342 2.388422
v -0.6051692 -0.9056997 2.388422
v -0.4168478 -1.006359 2.388422
v -0.2125071 -1.068346 2.388422
v 4.761375e-8 -1.089276 2.388422
v -1.059582 0 2.404646
v -1.039223 -0.2067143 2.404646
v -0.9789265 -0.4054847 2.404646
v -0.8810107 -0.5886726 2.404646
v -0.749238 -0.749238 2.404646
v -0.5886725 -0.8810107 2.404646
v -0.4054847 -0.9789265 2.404646
v -0.2067142 -1.039223 2.404646
v 4.631582e-8 -1.059582 2.404646
v -1.014357 0 2.418347
v -0.9948668 -0.1978913 2.418347
v -0.937144 -0.3881778 2.418347
v -0.8434074 -0.5635468 2.418347
v -0.717259 -0.717259 2.418347
v -0.5635468 -0.8434074 2.418347
v -0.3881778 -0.937144 2.418347
v -0.1978912 -0.9948668 2.418347
v 4.433897e-8 -1.014357 2.418347
v -0.95 0 2.43
v -0.931746 -0.1853358 2.43
v -0.8776855 -0.3635493 2.43
v -0.7898961 -0.5277917 2.43
v -0.6717514 -0.6717514 2.43
v -0.5277917 -0.7898962 2.43
v -0.3635493 -0.8776855 2.43
v -0.1853357 -0.931746 2.43
v 4.152582e-8 -0.95 2.43
v 0.221488 -1.113495 2.328491
v 0.4344644 -1.04889 2.328491
v 0.6307445 -0.9439757 2.328491
v 0.8027855 -0.8027855 2.328491
v 0.9439758 -0.6307445 2.328491
v 1.04889 -0.4344642 2.328491
v 1.113495 -0.2214879 2.328491
v 1.13531 4.962597e-8 2.328491
v 0.2196933 -1.104473 2.338423
v 0.430944 -1.040391 2.338423
v 0.6256337 -0.936327 2.338423
v 0.7962806 -0.7962806 2.338423
v 0.936327 -0.6256337 2.338423
v 1.040391 -0.430944 2.338423
v 1.104473 -0.2196932 2.338423
v 1.126111 4.922387e-8 2.338423
v 0.2181603 -1.096766 2.353209
v 0.427937 -1.033131 2.353209
v 0.6212681 -0.9297934 2.353209
v 0.7907243 -0.7907243 2.353209
v 0.9297934 -0.621268 2.353209
v 1.033131 -0.4279369 2.353209
v 1.096766 -0.2181603 2.353209
v 1.118253 4.888039e-8 2.353209
v 0.2160473 -1.086143 2.370645
v 0.4237921 -1.023124 2.370645
v 0.6152506 -0.9207876 2.370645
v 0.7830656 -0.7830656 2.370645
v 0.9207877 -0.6152506 2.370645
v 1.023124 -0.423792 2.370645
v 1.086143 -0.2160472 2.370645
v 1.107422 4.840695e-8 2.370645
v 0.2125071 -1.068346 2.388422
v 0.4168479 -1.006359 2.388422
v 0.6051692 -0.9056997 2.388422
v 0.7702342 -0.7702342 2.388422
v 0.9056997 -0.6051692 2.388422
v 1.006359 -0.4168478 2.388422
v 1.068346 -0.2125071 2.388422
v 1.089276 4.761375e-8 2.388422
v 0.2067143 -1.039223 2.404646
v 0.4054847 -0.9789265 2.404646
v 0.5886726 -0.8810107 2.404646
v 0.749238 -0.749238 2.404646
v 0.8810107 -0.5886725 2.404646
v 0.9789265 -0.4054847 2.404646
v 1.039223 -0.2067142 2.404646
v 1.059582 4.631582e-8 2.404646
v 0.1978913 -0.9948668 2.418347
v 0.3881778 -0.937144 2.418347
v 0.5635468 -0.8434074 2.418347
v 0.717259 -0.717259 2.418347
v 0.8434074 -0.5635468 2.418347
v 0.937144 -0.3881778 2.418347
v 0.9948668 -0.1978912 2.418347
v 1.014357 4.433897e-8 2.418347
v 0.1853358 -0.931746 2.43
v 0.3635493 -0.8776855 2.43
v 0.5277917 -0.7898961 2.43
v 0.6717514 -0.6717514 2.43
v 0.7898962 -0.5277917 2.43
v 0.8776855 -0.3635493 2.43
v 0.931746 -0.1853357 2.43
v 0.95 4.152582e-8 2.43
v 0 1.13531 2.328491
v 0.221488 1.113495 2.328491
v 0.4344644 1.04889 2.328491
v 0.6307445 0.9439757 2.328491
v 0.8027855 0.8027855 2.328491
v 0.9439758 0.6307445 2.328491
v 1.04889 0.4344642 2.328491
v 1.113495 0.2214879 2.328491
v 0 1.126111 2.338423
v 0.2196933 1.104473 2.338423
v 0.430944 1.040391 2.338423
v 0.6256337 0.936327 2.338423
v 0.7962806 0.7962806 2.338423
v 0.936327 0.6256337 2.338423
v 1.040391 0.430944 2.338423
v 1.104473 0.2196932 2.338423
v 0 1.118253 2.353209
v 0.2181603 1.096766 2.353209
v 0.427937 1.033131 2.353209
v 0.6212681 0.9297934 2.353209
v 0.7907243 0.7907243 2.353209
v 0.9297934 0.621268 2.353209
v 1.033131 0.4279369 2.353209
v 1.096766 0.2181603 2.353209
v 0 1.107422 2.370645
v 0.2160473 1.086143 2.370645
v 0.4237921 1.023124 2.370645
v 0.6152506 0.9207876 2.370645
v 0.7830656 0.7830656 2.370645
v 0.9207877 0.6152506 2.370645
v 1.023124 0.423792 2.370645
v 1.086143 0.2160472 2.370645
v 0 1.089276 2.388422
v 0.2125071 1.068346 2.388422
v 0.4168479 1.006359 2.388422
v 0.6051692 0.9056997 2.388422
v 0.7702342 0.7702342 2.388422
v 0.9056997 0.6051692 2.388422
v 1.006359 0.4168478 2.388422
v 1.068346 0.2125071 2.388422
v 0 1.059582 2.404646
v 0.2067143 1.039223 2.404646
v 0.4054847 0.9789265 2.404646
v 0.5886726 0.8810107 2.404646
v 0.749238 0.749238 2.404646
v 0.8810107 0.5886725 2.404646
v 0.9789265 0.4054847 2.404646
v 1.039223 0.2067142 2.404646
v 0 1.014357 2.418347
v 0.1978913 0.9948668 2.418347
v 0.3881778 0.937144 2.418347
v 0.5635468 0.8434074 2.418347
v 0.717259 0.717259 2.418347
v 0.8434074 0.5635468 2.418347
v 0.937144 0.3881778 2.418347
v 0.9948668 0.1978912 2.418347
v 0 0.95 2.43
v 0.1853358 0.931746 2.43
v 0.3635493 0.8776855 2.43
v 0.5277917 0.7898961 2.43
v 0.6717514 0.6717514 2.43
v 0.7898962 0.5277917 2.43
v 0.8776855 0.3635493 2.43
v 0.931746 0.1853357 2.43
v -1.113495 0.221488 2.328491
v -1.04889 0.4344644 2.328491
v -0.9439757 0.6307445 2.328491
v -0.8027855 0.8027855 2.328491
v -0.6307445 0.9439758 2.328491
v -0.4344642 1.04889 2.328491
v -0.2214879 1.113495 2.328491
v -1.104473 0.2196933 2.338423
v -1.040391 0.430944 2.338423
v -0.936327 0.6256337 2.338423
v -0.7962806 0.7962806 2.338423
v -0.6256337 0.936327 2.338423
v -0.430944 1.040391 2.338423
v -0.2196932 1.104473 2.338423
v -1.096766 0.2181603 2.353209
v -1.033131 0.427937 2.353209
v -0.9297934 0.6212681 2.353209
v -0.7907243 0.7907243 2.353209
v -0.621268 0.9297934 2.353209
v -0.4279369 1.033131 2.353209
v -0.2181603 1.096766 2.353209
v -1.086143 0.2160473 2.370645
v -1.023124 0.4237921 2.370645
v -0.9207876 0.6152506 2.370645
v -0.7830656 0.7830656 2.370645
v -0.6152506 0.9207877 2.370645
v -0.423792 1.023124 2.370645
v -0.2160472 1.086143 2.370645
v -1.068346 0.2125071 2.388422
v -1.006359 0.4168479 2.388422
v -0.9056997 0.6051692 2.388422
v -0.7702342 0.7702342 2.388422
v -0.6051692 0.9056997 2.388422
v -0.4168478 1.006359 2.388422
v -0.2125071 1.068346 2.388422
v -1.039223 0.2067143 2.404646
v -0.9789265 0.4054847 2.404646
v -0.8810107 0.5886726 2.404646
v -0.749238 0.749238 2.404646
v -0.5886725 0.8810107 2.404646
v -0.4054847 0.9789265 2.404646
v -0.2067142 1.039223 2.404646
v -0.9948668 0.1978913 2.418347
v -0.937144 0.3881778 2.418347
v -0.8434074 0.5635468 2.418347
v -0.717259 0.717259 2.418347
v -0.5635468 0.8434074 2.418347
v -0.3881778 0.937144 2.418347
v -0.1978912 0.9948668 2.418347
v -0.931746 0.1853358 2.43
v -0.8776855 0.3635493 2.43
v -0.7898961 0.5277917 2.43
v -0.6717514 0.6717514 2.43
v -0.5277917 0.7898962 2.43
v -0.3635493 0.8776855 2.43
v -0.1853357 0.931746 2.43
v -0.8698223 0 2.441009
v -0.8531089 -0.1696939 2.441009
v -0.803611 -0.3328666 2.441009
v -0.7232309 -0.4832474 2.441009
v -0.6150572 -0.6150572 2.441009
v -0.4832474 -0.7232309 2.441009
v -0.3328666 -0.803611 2.441009
v -0.1696939 -0.8531089 2.441009
v 3.802114e-8 -0.8698223 2.441009
v -0.77948 0 2.453011
v -0.7645024 -0.152069 2.453011
v -0.7201456 -0.2982941 2.453011
v -0.6481139 -0.4330559 2.453011
v -0.5511756 -0.5511756 2.453011
v -0.4330558 -0.648114 2.453011
v -0.2982941 -0.7201456 2.453011
v -0.1520689 -0.7645024 2.453011
v 3.407215e-8 -0.77948 2.453011
v -0.6788883 0 2.466832
v -0.6658437 -0.1324446 2.466832
v -0.627211 -0.2597993 2.466832
v -0.5644749 -0.3771701 2.466832
v -0.4800465 -0.4800465 2.466832
v -0.3771701 -0.564475 2.466832
v -0.2597993 -0.627211 2.466832
v -0.1324445 -0.6658437 2.466832
v 2.967515e-8 -0.6788883 2.466832
v -0.5675781 0 2.481855
v -0.5566723 -0.110729 2.481855
v -0.5243738 -0.2172028 2.481855
v -0.4719239 -0.3153295 2.481855
v -0.4013383 -0.4013383 2.481855
v -0.3153295 -0.471924 2.481855
v -0.2172028 -0.5243738 2.481856
v -0.1107289 -0.5566723 2.481855
v 2.480963e-8 -0.5675781 2.481855
v -0.444833 0 2.496537
v -0.4362856 -0.08678263 2.496537
v -0.4109721 -0.1702302 2.496537
v -0.3698651 -0.247136 2.496537
v -0.3145445 -0.3145445 2.496537
v -0.247136 -0.3698652 2.496537
v -0.1702302 -0.4109721 2.496537
v -0.08678257 -0.4362857 2.496537
v 1.944427e-8 -0.444833 2.496537
v -0.3098267 0 2.50892
v -0.3038734 -0.06044418 2.50892
v -0.2862425 -0.1185655 2.50892
v -0.2576115 -0.1721305 2.50892
v -0.2190805 -0.2190805 2.50892
v -0.1721305 -0.2576115 2.50892
v -0.1185655 -0.2862425 2.50892
v -0.06044416 -0.3038734 2.50892
v 1.354295e-8 -0.3098267 2.50892
v -0.1617603 0 2.517153
v -0.1586522 -0.03155788 2.517153
v -0.1494471 -0.061903 2.517153
v -0.1344988 -0.08986923 2.517153
v -0.1143818 -0.1143818 2.517153
v -0.08986922 -0.1344988 2.517153
v -0.061903 -0.1494471 2.517153
v -0.03155787 -0.1586522 2.517153
v 7.07077e-9 -0.1617603 2.517153
v 0 0 2.52
v 0.1696939 -0.8531089 2.441009
v 0.3328666 -0.803611 2.441009
v 0.4832474 -0.7232309 2.441009
v 0.6150572 -0.6150572 2.441009
v 0.7232309 -0.4832474 2.441009
v 0.803611 -0.3328666 2.441009
v 0.8531089 -0.1696939 2.441009
v 0.8698223 3.802114e-8 2.441009
v 0.152069 -0.7645024 2.453011
v 0.2982941 -0.7201456 2.453011
v 0.4330559 -0.6481139 2.453011
v 0.5511756 -0.5511756 2.453011
v 0.648114 -0.4330558 2.453011
v 0.7201456 -0.2982941 2.453011
v 0.7645024 -0.1520689 2.453011
v 0.77948 3.407215e-8 2.453011
v 0.1324446 -0.6658437 2.466832
v 0.2597993 -0.627211 2.466832
v 0.3771701 -0.5644749 2.466832
v 0.4800465 -0.4800465 2.466832
v 0.564475 -0.3771701 2.466832
v 0.627211 -0.2597993 2.466832
v 0.6658437 -0.1324445 2.466832
v 0.6788883 2.967515e-8 2.466832
v 0.110729 -0.5566723 2.481855
v 0.2172028 -0.5243738 2.481855
v 0.3153295 -0.4719239 2.481855
v 0.4013383 -0.4013383 2.481855
v 0.471924 -0.3153295 2.481855
v 0.5243738 -0.2172028 2.481856
v 0.5566723 -0.1107289 2.481855
v 0.5675781 2.480963e-8 2.481855
v 0.08678263 -0.4362856 2.496537
v 0.1702302 -0.4109721 2.496537
v 0.247136 -0.3698651 2.496537
v 0.3145445 -0.3145445 2.496537
v 0.3698652 -0.247136 2.496537
v 0.4109721 -0.1702302 2.496537
v 0.4362857 -0.08678257 2.496537
v 0.444833 1.944427e-8 2.496537
v 0.06044418 -0.3038734 2.50892
v 0.1185655 -0.2862425 2.50892
v 0.1721305 -0.2576115 2.50892
v 0.2190805 -0.2190805 2.50892
v 0.2576115 -0.1721305 2.50892
v 0.2862425 -0.1185655 2.50892
v 0.3038734 -0.06044416 2.50892
v 0.3098267 1.354295e-8 2.50892
v 0.03155788 -0.1586522 2.517153
v 0.061903 -0.1494471 2.517153
v 0.08986923 -0.1344988 2.517153
v 0.1143818 -0.1143818 2.517153
v 0.1344988 -0.08986922 2.517153
v 0.1494471 -0.061903 2.517153
v 0.1586522 -0.03155787 2.517153
v 0.1617603 7.07077e-9 2.517153
v 0 0.8698223 2.441009
v 0.1696939 0.8531089 2.441009
v 0.3328666 0.803611 2.441009
v 0.4832474 0.7232309 2.441009
v 0.6150572 0.6150572 2.441009
v 0.7232309 0.4832474 2.441009
v 0.803611 0.3328666 2.441009
v 0.8531089 0.1696939 2.441009
v 0 0.77948 2.453011
v 0.152069 0.7645024 2.453011
v 0.2982941 0.7201456 2.453011
v 0.4330559 0.6481139 2.453011
v 0.5511756 0.5511756 2.453011
v 0.648114 0.4330558 2.453011
v 0.7201456 0.2982941 2.453011
v 0.7645024 0.1520689 2.453011
v 0 0.6788883 2.466832
v 0.1324446 0.6658437 2.466832
v 0.2597993 0.627211 2.466832
v 0.3771701 0.5644749 2.466832
v 0.4800465 0.4800465 2.466832
v 0.564475 0.3771701 2.466832
v 0.627211 0.2597993 2.466832
v 0.6658437 0.1324445 2.466832
v 0 0.5675781 2.481855
v 0.110729 0.5566723 2.481855
v 0.2172028 0.5243738 2.481855
v 0.3153295 0.4719239 2.481855
v 0.4013383 0.4013383 2.481855
v 0.471924 0.3153295 2.481855
v 0.5243738 0.2172028 2.481856
v 0.5566723 0.1107289 2.481855
v 0 0.444833 2.496537
v 0.08678263 0.4362856 2.496537
v 0.1702302 0.4109721 2.496537
v 0.247136 0.3698651 2.496537
v 0.3145445 0.3145445 2.496537
v 0.3698652 0.247136 2.496537
v 0.4109721 0.1702302 2.496537
v 0.4362857 0.08678257 2.496537
v 0 0.3098267 2.50892
v 0.06044418 0.3038734 2.50892
v 0.1185655 0.2862425 2.50892
v 0.1721305 0.2576115 2.50892
v 0.2190805 0.2190805 2.50892
v 0.2576115 0.1721305 2.50892
v 0.2862425 0.1185655 2.50892
v 0.3038734 0.06044416 2.50892
v 0 0.1617603 2.517153
v 0.03155788 0.1586522 2.517153
v 0.061903 0.1494471 2.517153
v 0.08986923 0.1344988 2.517153
v 0.1143818 0.1143818 2.517153
v 0.1344988 0.08986922 2.517153
v 0.1494471 0.061903 2.517153
v 0.1586522 0.03155787 2.517153
v -0.8531089 0.1696939 2.441009
v -0.803611 0.3328666 2.441009
v -0.7232309 0.4832474 2.441009
v -0.6150572 0.6150572 2.441009
v -0.4832474 0.7232309 2.441009
v -0.3328666 0.803611 2.441009
v -0.1696939 0.8531089 2.441009
v -0.7645024 0.152069 2.453011
v -0.7201456 0.2982941 2.453011
v -0.6481139 0.4330559 2.453011
v -0.5511756 0.5511756 2.453011
v -0.4330558 0.648114 2.453011
v -0.2982941 0.7201456 2.453011
v -0.1520689 0.7645024 2.453011
v -0.6658437 0.1324446 2.466832
v -0.627211 0.2597993 2.466832
v -0.5644749 0.3771701 2.466832
v -0.4800465 0.4800465 2.466832
v -0.3771701 0.564475 2.466832
v -0.2597993 0.627211 2.466832
v -0.1324445 0.6658437 2.466832
v -0.5566723 0.110729 2.481855
v -0.5243738 0.2172028 2.481855
v -0.4719239 0.3153295 2.481855
v -0.4013383 0.4013383 2.481855
v -0.3153295 0.471924 2.481855
v -0.2172028 0.5243738 2.481856
v -0.1107289 0.5566723 2.481855
v -0.4362856 0.08678263 2.496537
v -0.4109721 0.1702302 2.496537
v -0.3698651 0.247136 2.496537
v -0.3145445 0.3145445 2.496537
v -0.247136 0.3698652 2.496537
v -0.1702302 0.4109721 2.496537
v -0.08678257 0.4362857 2.496537
v -0.3038734 0.06044418 2.50892
v -0.2862425 0.1185655 2.50892
v -0.2576115 0.1721305 2.50892
v -0.2190805 0.2190805 2.50892
v -0.1721305 0.2576115 2.50892
v -0.1185655 0.2862425 2.50892
v -0.06044416 0.3038734 2.50892
v -0.1586522 0.03155788 2.517153
v -0.1494471 0.061903 2.517153
v -0.1344988 0.08986923 2.517153
v -0.1143818 0.1143818 2.517153
v -0.08986922 0.1344988 2.517153
v -0.061903 0.1494471 2.517153
v -0.03155787 0.1586522 2.517153

vn -0.01068381 0 0.999943
vn -0.01016252 -0.2795117 0.9600885
vn -0.008253318 -0.5992727 0.8005024
vn -0.004659827 -0.8819823 0.4712595
vn -8.69021e-9 -1 -9.636881e-11
vn 0.004118798 -0.8819819 -0.4712653
vn 0.006515983 -0.5992711 -0.8005196
vn 0.007363449 -0.2795102 -0.9601145
vn 0.007479257 0 -0.999972
vn -0.04953216 0 0.9987725
vn -0.04708512 -0.2794189 0.9590141
vn -0.03817837 -0.599004 0.7998354
vn -0.02151097 -0.8817427 0.4712399
vn -7.907039e-9 -1 -2.384663e-9
vn 0.01889042 -0.8814616 -0.4718779
vn 0.02974141 -0.5979639 -0.800971
vn 0.03347543 -0.2784827 -0.9598576
vn 0.03395047 0 -0.9994235
vn -0.132245 0 0.991217
vn -0.1255489 -0.2821178 0.9511294
vn -0.1014115 -0.6025555 0.7916076
vn -0.05688489 -0.883191 0.4655509
vn -1.549678e-9 -1 -8.637723e-10
vn 0.04987445 -0.8819243 -0.4687453
vn 0.07844517 -0.5978383 -0.7977692
vn 0.0880959 -0.2778547 -0.9565751
vn 0.08924567 0 -0.9960096
vn -0.2848965 0 0.9585583
vn -0.2698645 -0.2900768 0.9181659
vn -0.2163806 -0.6134055 0.7595481
vn -0.1203557 -0.8879951 0.4438234
vn 5.81306e-9 -1 4.70581e-9
vn 0.1064675 -0.8850054 -0.453244
vn 0.1689737 -0.6019422 -0.7804572
vn 0.1904333 -0.2795113 -0.9410678
vn 0.1930219 0 -0.9811944
vn -0.5313976 0 0.8471226
vn -0.5024605 -0.3019715 0.8101523
vn -0.3999678 -0.6299266 0.6657463
vn -0.2206654 -0.895631 0.386202
vn 9.361336e-9 -1 1.042567e-8
vn 0.2004323 -0.8916546 -0.4059298
vn 0.3267076 -0.6137232 -0.718753
vn 0.3743539 -0.28635 -0.8819653
vn 0.3813132 0 -0.924446
vn -0.8125722 0 0.5828605
vn -0.7711468 -0.304012 0.559383
vn -0.6191757 -0.6338943 0.4634646
vn -0.345405 -0.8982708 0.2716708
vn 6.562947e-9 -1 1.058349e-8
vn 0.328011 -0.896432 -0.2980242
vn 0.5553821 -0.6257952 -0.5476597
vn 0.657095 -0.2956023 -0.6934302
vn 0.6774981 0 -0.7355245
vn -0.9699998 0 0.2431055
vn -0.928054 -0.2889058 0.2350516
vn -0.7643086 -0.6132571 0.1993694
vn -0.4415374 -0.8890911 0.120672
vn 1.431085e-9 -1 4.265027e-9
vn 0.4363073 -0.8893554 -0.1366859
vn 0.7474812 -0.6141557 -0.2531495
vn 0.9001852 -0.2895954 -0.3252708
vn 0.9374709 0 -0.3480637
vn -1 0 0
vn -0.96 -0.28 0
vn -0.8 -0.6 -2.693996e-8
vn -0.4705883 -0.8823529 -3.702298e-7
vn 0 -1 0
vn 0.4705883 -0.8823529 0
vn 0.8000001 -0.5999999 -4.295827e-8
vn 0.96 -0.28 0
vn 1 0 0.000001324547
vn -0.004006729 0 0.999992
vn -0.003552769 -0.2798325 0.9600422
vn -0.002924794 -0.5997469 0.8001844
vn -0.002006455 -0.857324 0.5147733
vn -0.001861916 -0.8822072 0.4708577
vn -4.176205e-9 -1 -4.631141e-11
vn 0.002433255 -0.8821356 -0.4709893
vn 0.002908217 -0.8384134 -0.5450271
vn 0.004553854 -0.5994933 -0.8003668
vn 0.005833992 -0.2796132 -0.960095
vn 0.006442526 0 -0.9999793
vn -0.3128909 0 0.9497891
vn -0.7981719 0 0.6024296
vn -0.9452526 0 0.3263395
vn -0.3137065 -0.2589788 0.9135196
vn -0.7971999 -0.1516423 0.5843603
vn -0.9425348 -0.07291362 0.3260547
vn -0.311318 -0.546458 0.7774733
vn -0.7930086 -0.3031106 0.5284517
vn -0.9380777 -0.1304245 0.3209356
vn -0.3081961 -0.7829522 0.5403711
vn -0.7889148 -0.4301029 0.4388905
vn -0.9354171 -0.1643148 0.3130423
vn -0.315165 -0.8042057 0.5039089
vn -0.7929286 -0.4389914 0.4225526
vn -0.9349284 -0.1685537 0.3122476
vn -0.3425178 -0.932871 0.1115044
vn -0.8099654 -0.524022 0.2633572
vn -0.935541 -0.1793533 0.3042945
vn -0.3965889 -0.8674257 -0.300483
vn -0.8500217 -0.5223255 0.06811159
vn -0.9409714 -0.1623891 0.2969894
vn -0.4018467 -0.8361045 -0.373428
vn -0.8568079 -0.5149819 0.02595756
vn -0.9426513 -0.1543534 0.2959451
vn -0.4630063 -0.6332586 -0.6201683
vn -0.903816 -0.4124707 -0.11395
vn -0.9483191 -0.1234181 0.2923332
vn -0.5131133 -0.3154209 -0.7982634
vn -0.9476009 -0.219518 -0.2320871
vn -0.9547823 -0.06831089 0.2893517
vn -0.5281575 0 -0.8491465
vn -0.9626895 0 -0.2706086
vn -0.9578775 0 0.2871771
vn -0.01016252 0.2795117 0.9600885
vn -0.008253318 0.5992727 0.8005024
vn -0.004659827 0.8819823 0.4712595
vn -8.69021e-9 1 -9.636881e-11
vn 0.004118798 0.8819819 -0.4712653
vn 0.006515983 0.5992711 -0.8005196
vn 0.007363449 0.2795102 -0.9601145
vn -0.04708512 0.2794189 0.9590141
vn -0.03817837 0.599004 0.7998354
vn -0.02151097 0.8817427 0.4712399
vn -7.907039e-9 1 -2.384663e-9
vn 0.01889042 0.8814616 -0.4718779
vn 0.02974141 0.5979639 -0.800971
vn 0.03347543 0.2784827 -0.9598576
vn -0.1255489 0.2821178 0.9511294
vn -0.1014115 0.6025555 0.7916076
vn -0.05688489 0.883191 0.4655509
vn -1.549678e-9 1 -8.637723e-10
vn 0.04987445 0.8819243 -0.4687453
vn 0.07844517 0.5978383 -0.7977692
vn 0.0880959 0.2778547 -0.9565751
vn -0.2698645 0.2900768 0.9181659
vn -0.2163806 0.6134055 0.7595481
vn -0.1203557 0.8879951 0.4438234
vn 5.81306e-9 1 4.70581e-9
vn 0.1064675 0.8850054 -0.453244
vn 0.1689737 0.6019422 -0.7804572
vn 0.1904333 0.2795113 -0.9410678
vn -0.5024605 0.3019715 0.8101523
vn -0.3999678 0.6299266 0.6657463
vn -0.2206654 0.895631 0.386202
vn 9.361336e-9 1 1.042567e-8
vn 0.2004323 0.8916546 -0.4059298
vn 0.3267076 0.6137232 -0.718753
vn 0.3743539 0.28635 -0.8819653
vn -0.7711468 0.304012 0.559383
vn -0.6191757 0.6338943 0.4634646
vn -0.345405 0.8982708 0.2716708
vn 6.562947e-9 1 1.058349e-8
vn 0.328011 0.896432 -0.2980242
vn 0.5553821 0.6257952 -0.5476597
vn 0.657095 0.2956023 -0.6934302
vn -0.928054 0.2889058 0.2350516
vn -0.7643086 0.6132571 0.1993694
vn -0.4415374 0.8890911 0.120672
vn 1.431085e-9 1 4.265027e-9
vn 0.4363073 0.8893554 -0.1366859
vn 0.7474812 0.6141557 -0.2531495
vn 0.9001852 0.2895954 -0.3252708
vn -0.96 0.28 0
vn -0.8 0.6 -2.693996e-8
vn -0.4705883 0.8823529 -3.702298e-7
vn 0 1 0
vn 0.4705883 0.8823529 0
vn 0.8000001 0.5999999 -4.295827e-8
vn 0.96 0.28 0
vn -0.003552769 0.2798325 0.9600422
vn -0.002924794 0.5997469 0.8001844
vn -0.002006455 0.857324 0.5147733
vn -0.001861916 0.8822072 0.4708577
vn -4.176205e-9 1 -4.631141e-11
vn 0.002433255 0.8821356 -0.4709893
vn 0.002908217 0.8384134 -0.5450271
vn 0.004553854 0.5994933 -0.8003668
vn 0.005833992 0.2796132 -0.960095
vn -0.3137065 0.2589788 0.9135196
vn -0.7971999 0.1516423 0.5843603
vn -0.9425348 0.07291362 0.3260547
vn -0.311318 0.546458 0.7774733
vn -0.7930086 0.3031106 0.5284517
vn -0.9380777 0.1304245 0.3209356
vn -0.3081961 0.7829522 0.5403711
vn -0.7889148 0.4301029 0.4388905
vn -0.9354171 0.1643148 0.3130423
vn -0.315165 0.8042057 0.5039089
vn -0.7929286 0.4389914 0.4225526
vn -0.9349284 0.1685537 0.3122476
vn -0.3425178 0.932871 0.1115044
vn -0.8099654 0.524022 0.2633572
vn -0.935541 0.1793533 0.3042945
vn -0.3965889 0.8674257 -0.300483
vn -0.8500217 0.5223255 0.06811159
vn -0.9409714 0.1623891 0.2969894
vn -0.4018467 0.8361045 -0.373428
vn -0.8568079 0.5149819 0.02595756
vn -0.9426513 0.1543534 0.2959451
vn -0.4630063 0.6332586 -0.6201683
vn -0.903816 0.4124707 -0.11395
vn -0.9483191 0.1234181 0.2923332
vn -0.5131133 0.3154209 -0.7982634
vn -0.9476009 0.219518 -0.2320871
vn -0.9547823 0.06831089 0.2893517
vn -0.9862946 0 -0.1649944
vn -0.9455333 -0.284373 -0.1584262
vn -0.7840548 -0.6065039 -0.1319516
vn -0.4578052 -0.885661 -0.07758181
vn -1.062749e-9 -1 3.205337e-9
vn 0.4573659 -0.8857569 0.07906472
vn 0.7829315 -0.6068701 0.1368468
vn 0.9440442 -0.2847109 0.1664941
vn 0.9846916 0 0.174306
vn -0.9509482 0 -0.3093502
vn -0.9105657 -0.2895508 -0.2950092
vn -0.7519158 -0.6136819 -0.2408679
vn -0.4369193 -0.8889259 -0.1375219
vn -4.287351e-9 -1 6.959468e-9
vn 0.4400245 -0.8882545 0.1318419
vn 0.7598932 -0.6110725 0.2217045
vn 0.9210636 -0.2871177 0.263069
vn 0.9621745 0 0.2724338
vn -0.8988041 0 -0.4383505
vn -0.8616824 -0.2892332 -0.4169504
vn -0.7144046 -0.6125505 -0.3382424
vn -0.418364 -0.8878529 -0.1915431
vn -6.435803e-9 -1 7.038891e-9
vn 0.4284811 -0.885667 0.1788799
vn 0.7404925 -0.6041624 0.2943785
vn 0.8962513 -0.2814952 0.342774
vn 0.9358681 0 0.3523508
vn -0.8324224 0 -0.5541416
vn -0.8009347 -0.2824045 -0.5279691
vn -0.6721601 -0.6018488 -0.4312526
vn -0.4014582 -0.8819102 -0.2471145
vn -4.692241e-9 -1 3.547792e-9
vn 0.4196464 -0.8778476 0.2308259
vn 0.7187238 -0.5869303 0.3727587
vn 0.8630756 -0.2690647 0.4274396
vn 0.8993677 0 0.4371931
vn -0.755177 0 -0.6555209
vn -0.7298961 -0.2716082 -0.6272804
vn -0.6222017 -0.584991 -0.5202409
vn -0.3811801 -0.87252 -0.3056313
vn 1.534932e-9 -1 -7.305964e-10
vn 0.4057553 -0.8665522 0.2906027
vn 0.6840517 -0.564409 0.4620779
vn 0.8126855 -0.2539372 0.52446
vn 0.8447216 0 0.5352061
vn -0.6723963 0 -0.7401913
vn -0.6519032 -0.2619815 -0.7116094
vn -0.5621042 -0.5697461 -0.5995233
vn -0.3510523 -0.8638029 -0.3613957
vn 9.609037e-9 -1 -2.064164e-9
vn 0.3765468 -0.8567691 0.3523623
vn 0.6252617 -0.5467467 0.5568805
vn 0.7366011 -0.2428502 0.631223
vn 0.7642913 0 0.6448711
vn -0.5903634 0 -0.8071376
vn -0.5719463 -0.2601343 -0.7779508
vn -0.4922448 -0.567403 -0.6601128
vn -0.3062343 -0.8629982 -0.4018142
vn 1.250552e-8 -1 3.919894e-10
vn 0.3234521 -0.8575906 0.3998964
vn 0.5352139 -0.5497203 0.6413686
vn 0.6300672 -0.2454066 0.7367435
vn 0.6536551 0 0.7567926
vn 0.6357122 0 0.7719262
vn 0.6073316 -0.2507311 0.753845
vn 0.5075595 -0.5600396 0.6547817
vn 0.3000172 -0.8641105 0.4041072
vn 0.2615188 -0.8986248 0.3522519
vn 6.751063e-9 -1 2.116142e-10
vn -0.2140562 -0.9228593 -0.3201728
vn -0.2714441 -0.8715175 -0.4083812
vn -0.4374424 -0.5834176 -0.6843012
vn -0.5041041 -0.3329974 -0.7968637
vn -0.513384 -0.2699646 -0.8145895
vn -0.5331478 0 -0.8460222
vn -0.005536093 0 0.9999847
vn -0.6955791 0 0.7184495
vn -0.9943184 0 0.1064468
vn -0.02587502 -0.3340092 0.9422146
vn -0.7084708 -0.2518484 0.6592734
vn -0.9938644 -0.05917314 0.09344526
vn -0.08701906 -0.6673989 0.7395988
vn -0.743798 -0.4673735 0.4778353
vn -0.9922754 -0.1076023 0.06173633
vn -0.2070933 -0.8967875 0.3910045
vn -0.8018077 -0.5603807 0.2075522
vn -0.9897832 -0.1422533 0.009662364
vn -0.2208927 -0.9168081 0.3326701
vn -0.8062423 -0.5669196 0.1690429
vn -0.9895615 -0.1441116 7.896998e-8
vn -0.379344 -0.924542 -0.03633404
vn -0.8623939 -0.4994271 -0.08276033
vn -0.9833242 -0.1555078 -0.09429094
vn -0.4715389 -0.8210661 -0.3217167
vn -0.8738805 -0.4182133 -0.2478518
vn -0.9739679 -0.1448148 -0.1743994
vn -0.5160502 -0.7586478 -0.3976755
vn -0.8834016 -0.3679965 -0.2901383
vn -0.9679738 -0.1417417 -0.2072098
vn -0.5977831 -0.4961714 -0.629658
vn -0.8778163 -0.2278695 -0.4213242
vn -0.9440302 -0.106913 -0.3120521
vn -0.6126506 -0.2911478 -0.7347736
vn -0.8604849 -0.1397507 -0.4899342
vn -0.9311516 -0.06764017 -0.3583035
vn -0.6203181 -0.2358132 -0.7480626
vn -0.859494 -0.1134999 -0.4983852
vn -0.9266182 -0.05899322 -0.3713469
vn -0.6212154 0 -0.7836398
vn -0.8512206 0 -0.524808
vn -0.9224379 0 -0.3861456
vn -0.9455333 0.284373 -0.1584262
vn -0.7840548 0.6065039 -0.1319516
vn -0.4578052 0.885661 -0.07758181
vn -1.062749e-9 1 3.205337e-9
vn 0.4573659 0.8857569 0.07906472
vn 0.7829315 0.6068701 0.1368468
vn 0.9440442 0.2847109 0.1664941
vn -0.9105657 0.2895508 -0.2950092
vn -0.7519158 0.6136819 -0.2408679
vn -0.4369193 0.8889259 -0.1375219
vn -4.287351e-9 1 6.959468e-9
vn 0.4400245 0.8882545 0.1318419
vn 0.7598932 0.6110725 0.2217045
vn 0.9210636 0.2871177 0.263069
vn -0.8616824 0.2892332 -0.4169504
vn -0.7144046 0.6125505 -0.3382424
vn -0.418364 0.8878529 -0.1915431
vn -6.435803e-9 1 7.038891e-9
vn 0.4284811 0.885667 0.1788799
vn 0.7404925 0.6041624 0.2943785
vn 0.8962513 0.2814952 0.342774
vn -0.8009347 0.2824045 -0.5279691
vn -0.6721601 0.6018488 -0.4312526
vn -0.4014582 0.8819102 -0.2471145
vn -4.692241e-9 1 3.547792e-9
vn 0.4196464 0.8778476 0.2308259
vn 0.7187238 0.5869303 0.3727587
vn 0.8630756 0.2690647 0.4274396
vn -0.7298961 0.2716082 -0.6272804
vn -0.6222017 0.584991 -0.5202409
vn -0.3811801 0.87252 -0.3056313
vn 1.534932e-9 1 -7.305964e-10
vn 0.4057553 0.8665522 0.2906027
vn 0.6840517 0.564409 0.4620779
vn 0.8126855 0.2539372 0.52446
vn -0.6519032 0.2619815 -0.7116094
vn -0.5621042 0.5697461 -0.5995233
vn -0.3510523 0.8638029 -0.3613957
vn 9.609037e-9 1 -2.064164e-9
vn 0.3765468 0.8567691 0.3523623
vn 0.6252617 0.5467467 0.5568805
vn 0.7366011 0.2428502 0.631223
vn -0.5719463 0.2601343 -0.7779508
vn -0.4922448 0.567403 -0.6601128
vn -0.3062343 0.8629982 -0.4018142
vn 1.250552e-8 1 3.919894e-10
vn 0.3234521 0.8575906 0.3998964
vn 0.5352139 0.5497203 0.6413686
vn 0.6300672 0.2454066 0.7367435
vn 0.6073316 0.2507311 0.753845
vn 0.5075595 0.5600396 0.6547817
vn 0.3000172 0.8641105 0.4041072
vn 0.2615188 0.8986248 0.3522519
vn 6.751063e-9 1 2.116142e-10
vn -0.2140562 0.9228593 -0.3201728
vn -0.2714441 0.8715175 -0.4083812
vn -0.4374424 0.5834176 -0.6843012
vn -0.5041041 0.3329974 -0.7968637
vn -0.513384 0.2699646 -0.8145895
vn -0.02587502 0.3340092 0.9422146
vn -0.7084708 0.2518484 0.6592734
vn -0.9938644 0.05917314 0.09344526
vn -0.08701906 0.6673989 0.7395988
vn -0.743798 0.4673735 0.4778353
vn -0.9922754 0.1076023 0.06173633
vn -0.2070933 0.8967875 0.3910045
vn -0.8018077 0.5603807 0.2075522
vn -0.9897832 0.1422533 0.009662364
vn -0.2208927 0.9168081 0.3326701
vn -0.8062423 0.5669196 0.1690429
vn -0.9895615 0.1441116 7.896998e-8
vn -0.379344 0.924542 -0.03633404
vn -0.8623939 0.4994271 -0.08276033
vn -0.9833242 0.1555078 -0.09429094
vn -0.4715389 0.8210661 -0.3217167
vn -0.8738805 0.4182133 -0.2478518
vn -0.9739679 0.1448148 -0.1743994
vn -0.5160502 0.7586478 -0.3976755
vn -0.8834016 0.3679965 -0.2901383
vn -0.9679738 0.1417417 -0.2072098
vn -0.5977831 0.4961714 -0.629658
vn -0.8778163 0.2278695 -0.4213242
vn -0.9440302 0.106913 -0.3120521
vn -0.6126506 0.2911478 -0.7347736
vn -0.8604849 0.1397507 -0.4899342
vn -0.9311516 0.06764017 -0.3583035
vn -0.6203181 0.2358132 -0.7480626
vn -0.859494 0.1134999 -0.4983852
vn -0.9266182 0.05899322 -0.3713469
vn 0.7071068 0 -0.7071068
vn 0.6096153 0.4741454 -0.63526
vn 0.3980665 0.7961332 -0.4557578
vn 0.1902743 0.9513717 -0.2422553
vn 0 1 0
vn -0.1880494 0.9402472 0.2838531
vn -0.3642042 0.7284085 0.5803244
vn -0.4812078 0.3742728 0.7926909
vn -0.5144946 0 0.8574936
vn 0.7229651 0 -0.6908846
vn 0.6157109 0.5142859 -0.597001
vn 0.3911353 0.8404033 -0.3751473
vn 0.1799611 0.9759719 -0.1228526
vn -0.005125109 0.9883352 0.1522077
vn -0.1730991 0.877106 0.44802
vn -0.3081215 0.6308965 0.712061
vn -0.3841658 0.3063908 0.8709428
vn -0.4040626 0 0.9147313
vn 0.9113948 0 -0.4115333
vn 0.7255045 0.643731 -0.2434208
vn 0.3918322 0.9169902 0.07480974
vn 0.1427495 0.9253972 0.3510877
vn -0.02760942 0.8180113 0.5745391
vn -0.1471214 0.6437058 0.750998
vn -0.2266362 0.4280722 0.8748658
vn -0.2695776 0.2023111 0.9414873
vn -0.2817354 0 0.9594922
vn 0.7529721 0 0.6580523
vn 0.508406 0.491362 0.707168
vn 0.2053018 0.5703449 0.795335
vn 0.03927975 0.4854601 0.873376
vn -0.04713592 0.3704622 0.9276508
vn -0.09342658 0.258658 0.9614403
vn -0.1177596 0.1577035 0.9804398
vn -0.1284291 0.07055821 0.9892055
vn -0.13074 0 0.9914167
vn 0.09735274 0 0.99525
vn 0.05529264 0.08942139 0.9944579
vn -0.008664759 0.08548156 0.9963021
vn -0.04303158 0.02006137 0.9988723
vn -0.04649132 -0.06220388 0.99698
vn -0.02118247 -0.1411986 0.9897547
vn 0.04106253 -0.1962001 0.9797037
vn 0.1478252 -0.1699822 0.9742965
vn 0.2223905 0 0.9749576
vn -0.2196401 0 0.9755809
vn -0.2018067 -0.138844 0.9695341
vn -0.1590291 -0.2658406 0.9508094
vn -0.1049486 -0.377906 0.9198765
vn -0.03321355 -0.496544 0.8673759
vn 0.09058391 -0.6479258 0.756298
vn 0.3616103 -0.8206925 0.4423822
vn 0.7378371 -0.6129508 -0.2826441
vn 0.7924364 0 -0.6099546
vn -0.4385249 0 0.898719
vn -0.393066 -0.2952673 0.8708136
vn -0.2857919 -0.5432541 0.7894288
vn -0.1600177 -0.7289976 0.6655501
vn -0.0126421 -0.8867178 0.4621383
vn 0.1883775 -0.9791209 0.07639502
vn 0.3948803 -0.7851353 -0.4771082
vn 0.4666559 -0.3554467 -0.8098704
vn 0.4691797 0 -0.8831027
vn -0.6041273 0 0.7968878
vn -0.5370014 -0.395634 0.7450525
vn -0.3757744 -0.7098048 0.5957942
vn -0.1925734 -0.9040075 0.3816883
vn -0.001295683 -0.9960366 0.08893568
vn 0.1976934 -0.934874 -0.2948354
vn 0.3534712 -0.6649281 -0.6579733
vn 0.420956 -0.3071863 -0.8534827
vn 0.4330748 0 -0.901358
vn -0.7071068 0 0.7071068
vn -0.6229559 -0.4360691 0.6494379
vn -0.4239661 -0.7631389 0.487721
vn -0.2088671 -0.9399016 0.2701101
vn 0 -1 0
vn 0.2051591 -0.9232157 -0.3249348
vn 0.3747911 -0.6746238 -0.6359358
vn 0.4646938 -0.3252856 -0.8235587
vn 0.4856419 0 -0.8741579
vn 0.6096153 -0.4741454 -0.63526
vn 0.3980665 -0.7961332 -0.4557578
vn 0.1902743 -0.9513717 -0.2422553
vn 0 -1 0
vn -0.1880494 -0.9402472 0.2838531
vn -0.3642042 -0.7284085 0.5803244
vn -0.4812078 -0.3742728 0.7926909
vn 0.6157109 -0.5142859 -0.597001
vn 0.3911353 -0.8404033 -0.3751473
vn 0.1799611 -0.9759719 -0.1228526
vn -0.005125109 -0.9883352 0.1522077
vn -0.1730991 -0.877106 0.44802
vn -0.3081215 -0.6308965 0.712061
vn -0.3841658 -0.3063908 0.8709428
vn 0.7255045 -0.643731 -0.2434208
vn 0.3918322 -0.9169902 0.07480974
vn 0.1427495 -0.9253972 0.3510877
vn -0.02760942 -0.8180113 0.5745391
vn -0.1471214 -0.6437058 0.750998
vn -0.2266362 -0.4280722 0.8748658
vn -0.2695776 -0.2023111 0.9414873
vn 0.508406 -0.491362 0.707168
vn 0.2053018 -0.5703449 0.795335
vn 0.03927975 -0.4854601 0.873376
vn -0.04713592 -0.3704622 0.9276508
vn -0.09342658 -0.258658 0.9614403
vn -0.1177596 -0.1577035 0.9804398
vn -0.1284291 -0.07055821 0.9892055
vn 0.05529264 -0.08942139 0.9944579
vn -0.008664759 -0.08548156 0.9963021
vn -0.04303158 -0.02006137 0.9988723
vn -0.04649132 0.06220388 0.99698
vn -0.02118247 0.1411986 0.9897547
vn 0.04106253 0.1962001 0.9797037
vn 0.1478252 0.1699822 0.9742965
vn -0.2018067 0.138844 0.9695341
vn -0.1590291 0.2658406 0.9508094
vn -0.1049486 0.377906 0.9198765
vn -0.03321355 0.496544 0.8673759
vn 0.09058391 0.6479258 0.756298
vn 0.3616103 0.8206925 0.4423822
vn 0.7378371 0.6129508 -0.2826441
vn -0.393066 0.2952673 0.8708136
vn -0.2857919 0.5432541 0.7894288
vn -0.1600177 0.7289976 0.6655501
vn -0.0126421 0.8867178 0.4621383
vn 0.1883775 0.9791209 0.07639502
vn 0.3948803 0.7851353 -0.4771082
vn 0.4666559 0.3554467 -0.8098704
vn -0.5370014 0.395634 0.7450525
vn -0.3757744 0.7098048 0.5957942
vn -0.1925734 0.9040075 0.3816883
vn -0.001295683 0.9960366 0.08893568
vn 0.1976934 0.934874 -0.2948354
vn 0.3534712 0.6649281 -0.6579733
vn 0.420956 0.3071863 -0.8534827
vn -0.6229559 0.4360691 0.6494379
vn -0.4239661 0.7631389 0.487721
vn -0.2088671 0.9399016 0.2701101
vn 0 1 0
vn 0.2051591 0.9232157 -0.3249348
vn 0.3747911 0.6746238 -0.6359358
vn 0.4646938 0.3252856 -0.8235587
vn -0.8938578 0 0.4483505
vn -0.7962712 -0.4216418 0.4337861
vn -0.5450068 -0.754398 0.3658568
vn -0.2605443 -0.9334971 0.2463733
vn 0.01167282 -0.9965051 0.08271234
vn 0.2827041 -0.9506539 -0.1278106
vn 0.5446944 -0.7541698 -0.3667913
vn 0.7297804 -0.397448 -0.5562875
vn 0.7849436 0 -0.6195673
vn -0.9585779 0 0.2848304
vn -0.8885363 -0.3492052 0.2975889
vn -0.6549813 -0.6942992 0.2982417
vn -0.3083597 -0.9202675 0.2408774
vn 0.05845144 -0.9905162 0.1243422
vn 0.4039812 -0.9142222 -0.03157292
vn 0.6974429 -0.6893545 -0.1958668
vn 0.8814331 -0.3499264 -0.3172178
vn 0.9337987 0 -0.3577987
vn -0.9711661 0 0.2384036
vn -0.9223785 -0.2897214 0.2554983
vn -0.7224584 -0.6324767 0.2793333
vn -0.3293657 -0.9104819 0.250082
vn 0.1413733 -0.9791892 0.1456092
vn 0.5376691 -0.8431174 0.008064984
vn 0.8042482 -0.5830412 -0.115099
vn 0.9403282 -0.2794265 -0.1941747
vn 0.9755911 0 -0.2195952
vn -0.9524389 0 0.3047296
vn -0.9089289 -0.2712198 0.3166827
vn -0.718742 -0.6127169 0.3286153
vn -0.2989945 -0.9129885 0.2775864
vn 0.2229391 -0.96461 0.1408037
vn 0.6181089 -0.7860131 -0.01117157
vn 0.8463352 -0.5174474 -0.1263526
vn 0.9510221 -0.241604 -0.1928327
vn 0.9769802 0 -0.2133301
vn -0.8715288 0 0.4903443
vn -0.8205622 -0.2986395 0.4873317
vn -0.6156114 -0.6496683 0.4460423
vn -0.2170537 -0.9251365 0.3114645
vn 0.242342 -0.9645886 0.1041119
vn 0.5971629 -0.7968225 -0.0920342
vn 0.8135896 -0.532689 -0.2330543
vn 0.9165617 -0.2507774 -0.311489
vn 0.9423379 0 -0.3346629
vn -0.6526408 0 0.7576674
vn -0.5976204 -0.3554429 0.7186865
vn -0.4110237 -0.7092009 0.5727946
vn -0.1245107 -0.9360869 0.3289961
vn 0.1810841 -0.9820901 0.05203565
vn 0.453897 -0.8666118 -0.2072718
vn 0.6635382 -0.6221822 -0.4154591
vn 0.7832728 -0.305894 -0.5412139
vn 0.8158616 0 -0.5782472
vn -0.3063113 0 0.9519314
vn -0.2783917 -0.4030497 0.8718079
vn -0.1883711 -0.7505603 0.6333841
vn -0.06007416 -0.9441414 0.3240188
vn 0.08314022 -0.9964564 0.01274705
vn 0.236404 -0.9270687 -0.2909583
vn 0.3888699 -0.7195823 -0.5753098
vn 0.5010453 -0.377154 -0.7789149
vn 0.5368295 0 -0.8436908
vn -0.3061967 0 0.9519683
vn -0.2594078 -0.4065787 0.8760145
vn -0.2236472 -0.58838 0.7770398
vn -0.1999499 -0.6748024 0.7103955
vn -0.1683825 -0.7554844 0.6331593
vn -0.0712331 -0.9267402 0.368888
vn -0.05399389 -0.9457228 0.3204576
vn 0.06213102 -0.997843 0.02119104
vn 0.06610637 -0.9977611 0.01013542
vn 0.1950179 -0.9354148 -0.294902
vn 0.2044908 -0.9272552 -0.313658
vn 0.322085 -0.739387 -0.5912428
vn 0.3463846 -0.689643 -0.6359326
vn 0.3615933 -0.6462151 -0.6720538
vn 0.4048579 -0.398932 -0.8227657
vn 0.4412726 0 -0.8973731
vn 0.1499059 2.319189e-8 0.9887003
vn 0.7539461 3.458191e-8 0.6569364
vn 0.9676256 4.229689e-8 0.2523901
vn 0.1710326 -0.4178437 0.8922749
vn 0.7582588 -0.2810282 0.5882743
vn 0.9607807 -0.1239827 0.2480498
vn 0.1730288 -0.5908047 0.7880424
vn 0.7519208 -0.3894806 0.5319023
vn 0.9560706 -0.1672345 0.2407527
vn 0.1878602 -0.6698099 0.7183754
vn 0.7568367 -0.4348809 0.4879311
vn 0.9535398 -0.1896709 0.2340659
vn 0.2165719 -0.7387374 0.6382505
vn 0.7689237 -0.4682901 0.4352708
vn 0.9500893 -0.2130801 0.2278752
vn 0.2738785 -0.8811688 0.3853985
vn 0.7870315 -0.5406165 0.2971788
vn 0.9457557 -0.2570788 0.1986368
vn 0.2909327 -0.8944966 0.3394612
vn 0.7946281 -0.5439657 0.2695691
vn 0.9454622 -0.2646308 0.1899256
vn 0.3684767 -0.9276814 0.06026769
vn 0.8256869 -0.5531489 0.1107582
vn 0.9519627 -0.2797472 0.1245332
vn 0.3723212 -0.9267706 0.04973168
vn 0.8274835 -0.5518215 0.1037494
vn 0.952283 -0.2804464 0.1204444
vn 0.4490392 -0.8599265 -0.2426731
vn 0.857505 -0.5068499 -0.08825018
vn 0.9648285 -0.2628133 0.005925857
vn 0.4511607 -0.8534157 -0.261028
vn 0.8576138 -0.5044405 -0.1001919
vn 0.9657321 -0.2595412 2.418298e-7
vn 0.4977709 -0.6820415 -0.5357645
vn 0.8620366 -0.404297 -0.3056744
vn 0.9676644 -0.2082792 -0.1422864
vn 0.4918594 -0.6443985 -0.5855126
vn 0.8533019 -0.3900941 -0.3459803
vn 0.9683444 -0.1926152 -0.1587718
vn 0.4867847 -0.6094 -0.6258373
vn 0.8461012 -0.3744196 -0.3793715
vn 0.968121 -0.1801992 -0.1739826
vn 0.4882787 -0.3814461 -0.7849094
vn 0.8243338 -0.2398199 -0.5127965
vn 0.9547412 -0.1190068 -0.2725926
vn 0.479083 0 -0.8777696
vn 0.8013045 0 -0.5982567
vn 0.9487356 0 -0.316071
vn -0.7962712 0.4216418 0.4337861
vn -0.5450068 0.754398 0.3658568
vn -0.2605443 0.9334971 0.2463733
vn 0.01167282 0.9965051 0.08271234
vn 0.2827041 0.9506539 -0.1278106
vn 0.5446944 0.7541698 -0.3667913
vn 0.7297804 0.397448 -0.5562875
vn -0.8885363 0.3492052 0.2975889
vn -0.6549813 0.6942992 0.2982417
vn -0.3083597 0.9202675 0.2408774
vn 0.05845144 0.9905162 0.1243422
vn 0.4039812 0.9142222 -0.03157292
vn 0.6974429 0.6893545 -0.1958668
vn 0.8814331 0.3499264 -0.3172178
vn -0.9223785 0.2897214 0.2554983
vn -0.7224584 0.6324767 0.2793333
vn -0.3293657 0.9104819 0.250082
vn 0.1413733 0.9791892 0.1456092
vn 0.5376691 0.8431174 0.008064984
vn 0.8042482 0.5830412 -0.115099
vn 0.9403282 0.2794265 -0.1941747
vn -0.9089289 0.2712198 0.3166827
vn -0.718742 0.6127169 0.3286153
vn -0.2989945 0.9129885 0.2775864
vn 0.2229391 0.96461 0.1408037
vn 0.6181089 0.7860131 -0.01117157
vn 0.8463352 0.5174474 -0.1263526
vn 0.9510221 0.241604 -0.1928327
vn -0.8205622 0.2986395 0.4873317
vn -0.6156114 0.6496683 0.4460423
vn -0.2170537 0.9251365 0.3114645
vn 0.242342 0.9645886 0.1041119
vn 0.5971629 0.7968225 -0.0920342
vn 0.8135896 0.532689 -0.2330543
vn 0.9165617 0.2507774 -0.311489
vn -0.5976204 0.3554429 0.7186865
vn -0.4110237 0.7092009 0.5727946
vn -0.1245107 0.9360869 0.3289961
vn 0.1810841 0.9820901 0.05203565
vn 0.453897 0.8666118 -0.2072718
vn 0.6635382 0.6221822 -0.4154591
vn 0.7832728 0.305894 -0.5412139
vn -0.2783917 0.4030497 0.8718079
vn -0.1883711 0.7505603 0.6333841
vn -0.06007416 0.9441414 0.3240188
vn 0.08314022 0.9964564 0.01274705
vn 0.236404 0.9270687 -0.2909583
vn 0.3888699 0.7195823 -0.5753098
vn 0.5010453 0.377154 -0.7789149
vn -0.2594078 0.4065787 0.8760145
vn -0.2236472 0.58838 0.7770398
vn -0.1999499 0.6748024 0.7103955
vn -0.1683825 0.7554844 0.6331593
vn -0.0712331 0.9267402 0.368888
vn -0.05399389 0.9457228 0.3204576
vn 0.06213102 0.997843 0.02119104
vn 0.06610637 0.9977611 0.01013542
vn 0.1950179 0.9354148 -0.294902
vn 0.2044908 0.9272552 -0.313658
vn 0.322085 0.739387 -0.5912428
vn 0.3463846 0.689643 -0.6359326
vn 0.3615933 0.6462151 -0.6720538
vn 0.4048579 0.398932 -0.8227657
vn 0.1710326 0.4178437 0.8922749
vn 0.7582588 0.2810282 0.5882743
vn 0.9607807 0.1239827 0.2480498
vn 0.1730288 0.5908047 0.7880424
vn 0.7519208 0.3894806 0.5319023
vn 0.9560706 0.1672345 0.2407527
vn 0.1878602 0.6698099 0.7183754
vn 0.7568367 0.4348809 0.4879311
vn 0.9535398 0.1896709 0.2340659
vn 0.2165719 0.7387374 0.6382505
vn 0.7689237 0.4682901 0.4352708
vn 0.9500893 0.2130801 0.2278752
vn 0.2738785 0.8811688 0.3853985
vn 0.7870315 0.5406165 0.2971788
vn 0.9457557 0.2570788 0.1986368
vn 0.2909327 0.8944966 0.3394612
vn 0.7946281 0.5439657 0.2695691
vn 0.9454622 0.2646308 0.1899256
vn 0.3684767 0.9276814 0.06026769
vn 0.8256869 0.5531489 0.1107582
vn 0.9519627 0.2797472 0.1245332
vn 0.3723212 0.9267706 0.04973168
vn 0.8274835 0.5518215 0.1037494
vn 0.952283 0.2804464 0.1204444
vn 0.4490392 0.8599265 -0.2426731
vn 0.857505 0.5068499 -0.08825018
vn 0.9648285 0.2628133 0.005925857
vn 0.4511607 0.8534157 -0.261028
vn 0.8576138 0.5044405 -0.1001919
vn 0.9657321 0.2595412 2.418298e-7
vn 0.4977709 0.6820415 -0.5357645
vn 0.8620366 0.404297 -0.3056744
vn 0.9676644 0.2082792 -0.1422864
vn 0.4918594 0.6443985 -0.5855126
vn 0.8533019 0.3900941 -0.3459803
vn 0.9683444 0.1926152 -0.1587718
vn 0.4867847 0.6094 -0.6258373
vn 0.8461012 0.3744196 -0.3793715
vn 0.968121 0.1801992 -0.1739826
vn 0.4882787 0.3814461 -0.7849094
vn 0.8243338 0.2398199 -0.5127965
vn 0.9547412 0.1190068 -0.2725926
vn 0 0 1
vn -0.2077412 0 0.9781838
vn -0.2037495 -0.04052829 0.9781838
vn -0.1919278 -0.0794991 0.9781838
vn -0.1727305 -0.1154148 0.9781838
vn -0.1468952 -0.1468952 0.9781838
vn -0.1154148 -0.1727305 0.9781838
vn -0.0794991 -0.1919278 0.9781838
vn -0.04052828 -0.2037495 0.9781838
vn 9.080656e-9 -0.2077412 0.9781838
vn -0.7333528 0 0.6798483
vn -0.7192616 -0.14307 0.6798483
vn -0.6775296 -0.2806419 0.6798483
vn -0.6097606 -0.407429 0.6798482
vn -0.5185587 -0.5185587 0.6798483
vn -0.4074289 -0.6097606 0.6798483
vn -0.2806419 -0.6775297 0.6798483
vn -0.14307 -0.7192616 0.6798483
vn 3.205587e-8 -0.7333528 0.6798483
vn -0.9828956 0 -0.1841636
vn -0.9640095 -0.1917534 -0.1841637
vn -0.9080771 -0.3761379 -0.1841636
vn -0.8172479 -0.5460675 -0.1841636
vn -0.6950122 -0.6950122 -0.1841637
vn -0.5460675 -0.8172479 -0.1841636
vn -0.3761378 -0.9080772 -0.1841637
vn -0.1917533 -0.9640096 -0.1841636
vn 4.296373e-8 -0.9828956 -0.1841636
vn -0.8547045 0 -0.519115
vn -0.8382815 -0.1667445 -0.519115
vn -0.7896439 -0.3270812 -0.519115
vn -0.7106608 -0.4748483 -0.519115
vn -0.6043673 -0.6043673 -0.519115
vn -0.4748483 -0.7106608 -0.519115
vn -0.3270812 -0.7896439 -0.519115
vn -0.1667445 -0.8382815 -0.519115
vn 3.736032e-8 -0.8547045 -0.519115
vn -0.8221074 0 -0.5693324
vn -0.8063109 -0.1603852 -0.5693324
vn -0.7595282 -0.3146069 -0.5693324
vn -0.6835574 -0.4567385 -0.5693324
vn -0.5813178 -0.5813178 -0.5693324
vn -0.4567384 -0.6835574 -0.5693324
vn -0.3146069 -0.7595282 -0.5693324
vn -0.1603851 -0.8063109 -0.5693324
vn 3.593546e-8 -0.8221074 -0.5693324
vn -0.8911908 0 -0.4536287
vn -0.8740668 -0.1738627 -0.4536286
vn -0.8233529 -0.3410439 -0.4536287
vn -0.740998 -0.4951191 -0.4536287
vn -0.630167 -0.630167 -0.4536288
vn -0.495119 -0.740998 -0.4536287
vn -0.3410439 -0.823353 -0.4536287
vn -0.1738626 -0.8740668 -0.4536287
vn 3.895519e-8 -0.8911908 -0.4536287
vn -0.9999977 0 0.002142525
vn -0.980783 -0.1950899 0.002142708
vn -0.9238775 -0.3826826 0.00214255
vn -0.8314677 -0.555569 0.002142526
vn -0.7071052 -0.7071052 0.002142507
vn -0.5555689 -0.8314677 0.002142549
vn -0.3826826 -0.9238775 0.002142646
vn -0.1950898 -0.980783 0.002142581
vn 4.371129e-8 -0.9999977 0.002142525
vn -0.7071064 0 0.7071071
vn -0.6935196 -0.1379496 0.7071071
vn -0.6532812 -0.2705979 0.7071071
vn -0.5879375 -0.3928473 0.7071071
vn -0.4999998 -0.4999998 0.7071071
vn -0.3928473 -0.5879375 0.7071071
vn -0.2705979 -0.6532812 0.7071071
vn -0.1379495 -0.6935196 0.7071071
vn 3.090861e-8 -0.7071064 0.7071071
vn 0.04052829 -0.2037495 0.9781838
vn 0.0794991 -0.1919278 0.9781838
vn 0.1154148 -0.1727305 0.9781838
vn 0.1468952 -0.1468952 0.9781838
vn 0.1727305 -0.1154148 0.9781838
vn 0.1919278 -0.0794991 0.9781838
vn 0.2037495 -0.04052828 0.9781838
vn 0.2077412 9.080656e-9 0.9781838
vn 0.14307 -0.7192616 0.6798483
vn 0.2806419 -0.6775296 0.6798483
vn 0.407429 -0.6097606 0.6798482
vn 0.5185587 -0.5185587 0.6798483
vn 0.6097606 -0.4074289 0.6798483
vn 0.6775297 -0.2806419 0.6798483
vn 0.7192616 -0.14307 0.6798483
vn 0.7333528 3.205587e-8 0.6798483
vn 0.1917534 -0.9640095 -0.1841637
vn 0.3761379 -0.9080771 -0.1841636
vn 0.5460675 -0.8172479 -0.1841636
vn 0.6950122 -0.6950122 -0.1841637
vn 0.8172479 -0.5460675 -0.1841636
vn 0.9080772 -0.3761378 -0.1841637
vn 0.9640096 -0.1917533 -0.1841636
vn 0.9828956 4.296373e-8 -0.1841636
vn 0.1667445 -0.8382815 -0.519115
vn 0.3270812 -0.7896439 -0.519115
vn 0.4748483 -0.7106608 -0.519115
vn 0.6043673 -0.6043673 -0.519115
vn 0.7106608 -0.4748483 -0.519115
vn 0.7896439 -0.3270812 -0.519115
vn 0.8382815 -0.1667445 -0.519115
vn 0.8547045 3.736032e-8 -0.519115
vn 0.1603852 -0.8063109 -0.5693324
vn 0.3146069 -0.7595282 -0.5693324
vn 0.4567385 -0.6835574 -0.5693324
vn 0.5813178 -0.5813178 -0.5693324
vn 0.6835574 -0.4567384 -0.5693324
vn 0.7595282 -0.3146069 -0.5693324
vn 0.8063109 -0.1603851 -0.5693324
vn 0.8221074 3.593546e-8 -0.5693324
vn 0.1738627 -0.8740668 -0.4536286
vn 0.3410439 -0.8233529 -0.4536287
vn 0.4951191 -0.740998 -0.4536287
vn 0.630167 -0.630167 -0.4536288
vn 0.740998 -0.495119 -0.4536287
vn 0.823353 -0.3410439 -0.4536287
vn 0.8740668 -0.1738626 -0.4536287
vn 0.8911908 3.895519e-8 -0.4536287
vn 0.1950899 -0.980783 0.002142708
vn 0.3826826 -0.9238775 0.00214255
vn 0.555569 -0.8314677 0.002142526
vn 0.7071052 -0.7071052 0.002142507
vn 0.8314677 -0.5555689 0.002142549
vn 0.9238775 -0.3826826 0.002142646
vn 0.980783 -0.1950898 0.002142581
vn 0.9999977 4.371129e-8 0.002142525
vn 0.1379496 -0.6935196 0.7071071
vn 0.2705979 -0.6532812 0.7071071
vn 0.3928473 -0.5879375 0.7071071
vn 0.4999998 -0.4999998 0.7071071
vn 0.5879375 -0.3928473 0.7071071
vn 0.6532812 -0.2705979 0.7071071
vn 0.6935196 -0.1379495 0.7071071
vn 0.7071064 3.090861e-8 0.7071071
vn 0 0.2077412 0.9781838
vn 0.04052829 0.2037495 0.9781838
vn 0.0794991 0.1919278 0.9781838
vn 0.1154148 0.1727305 0.9781838
vn 0.1468952 0.1468952 0.9781838
vn 0.1727305 0.1154148 0.9781838
vn 0.1919278 0.0794991 0.9781838
vn 0.2037495 0.04052828 0.9781838
vn 0 0.7333528 0.6798483
vn 0.14307 0.7192616 0.6798483
vn 0.2806419 0.6775296 0.6798483
vn 0.407429 0.6097606 0.6798482
vn 0.5185587 0.5185587 0.6798483
vn 0.6097606 0.4074289 0.6798483
vn 0.6775297 0.2806419 0.6798483
vn 0.7192616 0.14307 0.6798483
vn 0 0.9828956 -0.1841636
vn 0.1917534 0.9640095 -0.1841637
vn 0.3761379 0.9080771 -0.1841636
vn 0.5460675 0.8172479 -0.1841636
vn 0.6950122 0.6950122 -0.1841637
vn 0.8172479 0.5460675 -0.1841636
vn 0.9080772 0.3761378 -0.1841637
vn 0.9640096 0.1917533 -0.1841636
vn 0 0.8547045 -0.519115
vn 0.1667445 0.8382815 -0.519115
vn 0.3270812 0.7896439 -0.519115
vn 0.4748483 0.7106608 -0.519115
vn 0.6043673 0.6043673 -0.519115
vn 0.7106608 0.4748483 -0.519115
vn 0.7896439 0.3270812 -0.519115
vn 0.8382815 0.1667445 -0.519115
vn 0 0.8221074 -0.5693324
vn 0.1603852 0.8063109 -0.5693324
vn 0.3146069 0.7595282 -0.5693324
vn 0.4567385 0.6835574 -0.5693324
vn 0.5813178 0.5813178 -0.5693324
vn 0.6835574 0.4567384 -0.5693324
vn 0.7595282 0.3146069 -0.5693324
vn 0.8063109 0.1603851 -0.5693324
vn 0 0.8911908 -0.4536287
vn 0.1738627 0.8740668 -0.4536286
vn 0.3410439 0.8233529 -0.4536287
vn 0.4951191 0.740998 -0.4536287
vn 0.630167 0.630167 -0.4536288
vn 0.740998 0.495119 -0.4536287
vn 0.823353 0.3410439 -0.4536287
vn 0.8740668 0.1738626 -0.4536287
vn 0 0.9999977 0.002142525
vn 0.1950899 0.980783 0.002142708
vn 0.3826826 0.9238775 0.00214255
vn 0.555569 0.8314677 0.002142526
vn 0.7071052 0.7071052 0.002142507
vn 0.8314677 0.5555689 0.002142549
vn 0.9238775 0.3826826 0.002142646
vn 0.980783 0.1950898 0.002142581
vn 0 0.7071064 0.7071071
vn 0.1379496 0.6935196 0.7071071
vn 0.2705979 0.6532812 0.7071071
vn 0.3928473 0.5879375 0.7071071
vn 0.4999998 0.4999998 0.7071071
vn 0.5879375 0.3928473 0.7071071
vn 0.6532812 0.2705979 0.7071071
vn 0.6935196 0.1379495 0.7071071
vn -0.2037495 0.04052829 0.9781838
vn -0.1919278 0.0794991 0.9781838
vn -0.1727305 0.1154148 0.9781838
vn -0.1468952 0.1468952 0.9781838
vn -0.1154148 0.1727305 0.9781838
vn -0.0794991 0.1919278 0.9781838
vn -0.04052828 0.2037495 0.9781838
vn -0.7192616 0.14307 0.6798483
vn -0.6775296 0.2806419 0.6798483
vn -0.6097606 0.407429 0.6798482
vn -0.5185587 0.5185587 0.6798483
vn -0.4074289 0.6097606 0.6798483
vn -0.2806419 0.6775297 0.6798483
vn -0.14307 0.7192616 0.6798483
vn -0.9640095 0.1917534 -0.1841637
vn -0.9080771 0.3761379 -0.1841636
vn -0.8172479 0.5460675 -0.1841636
vn -0.6950122 0.6950122 -0.1841637
vn -0.5460675 0.8172479 -0.1841636
vn -0.3761378 0.9080772 -0.1841637
vn -0.1917533 0.9640096 -0.1841636
vn -0.8382815 0.1667445 -0.519115
vn -0.7896439 0.3270812 -0.519115
vn -0.7106608 0.4748483 -0.519115
vn -0.6043673 0.6043673 -0.519115
vn -0.4748483 0.7106608 -0.519115
vn -0.3270812 0.7896439 -0.519115
vn -0.1667445 0.8382815 -0.519115
vn -0.8063109 0.1603852 -0.5693324
vn -0.7595282 0.3146069 -0.5693324
vn -0.6835574 0.4567385 -0.5693324
vn -0.5813178 0.5813178 -0.5693324
vn -0.4567384 0.6835574 -0.5693324
vn -0.3146069 0.7595282 -0.5693324
vn -0.1603851 0.8063109 -0.5693324
vn -0.8740668 0.1738627 -0.4536286
vn -0.8233529 0.3410439 -0.4536287
vn -0.740998 0.4951191 -0.4536287
vn -0.630167 0.630167 -0.4536288
vn -0.495119 0.740998 -0.4536287
vn -0.3410439 0.823353 -0.4536287
vn -0.1738626 0.8740668 -0.4536287
vn -0.980783 0.1950899 0.002142708
vn -0.9238775 0.3826826 0.00214255
vn -0.8314677 0.555569 0.002142526
vn -0.7071052 0.7071052 0.002142507
vn -0.5555689 0.8314677 0.002142549
vn -0.3826826 0.9238775 0.002142646
vn -0.1950898 0.980783 0.002142581
vn -0.6935196 0.1379496 0.7071071
vn -0.6532812 0.2705979 0.7071071
vn -0.5879375 0.3928473 0.7071071
vn -0.4999998 0.4999998 0.7071071
vn -0.3928473 0.5879375 0.7071071
vn -0.2705979 0.6532812 0.7071071
vn -0.1379495 0.6935196 0.7071071
vn -0.3767824 0 0.9263018
vn -0.3695426 -0.07350658 0.9263018
vn -0.3481014 -0.1441884 0.9263018
vn -0.3132831 -0.2093291 0.9263018
vn -0.2664253 -0.2664253 0.9263018
vn -0.209329 -0.3132831 0.9263018
vn -0.1441884 -0.3481015 0.9263018
vn -0.07350654 -0.3695425 0.9263018
vn 1.646968e-8 -0.3767824 0.9263018
vn -0.2477336 0 0.9688282
vn -0.2429735 -0.04833044 0.9688281
vn -0.228876 -0.09480356 0.9688283
vn -0.205983 -0.1376334 0.9688281
vn -0.1751741 -0.1751741 0.9688282
vn -0.1376334 -0.205983 0.9688283
vn -0.09480356 -0.228876 0.9688282
vn -0.04833041 -0.2429735 0.9688282
vn 1.082878e-8 -0.2477336 0.9688282
vn -0.2047471 0 0.9788149
vn -0.2008129 -0.03994417 0.9788149
vn -0.1891616 -0.07835332 0.9788149
vn -0.170241 -0.1137514 0.9788149
vn -0.144778 -0.144778 0.9788149
vn -0.1137513 -0.170241 0.9788149
vn -0.07835332 -0.1891616 0.9788149
vn -0.03994415 -0.2008129 0.9788149
vn 8.949777e-9 -0.2047471 0.9788149
vn -0.206788 0 0.9783858
vn -0.2028146 -0.04034232 0.9783858
vn -0.1910472 -0.07913433 0.9783858
vn -0.1719379 -0.1148852 0.9783858
vn -0.1462212 -0.1462212 0.9783858
vn -0.1148852 -0.1719379 0.9783858
vn -0.07913433 -0.1910472 0.9783858
vn -0.04034231 -0.2028146 0.9783858
vn 9.038988e-9 -0.206788 0.9783858
vn -0.2487504 0 0.9685677
vn -0.2439707 -0.04852879 0.9685676
vn -0.2298153 -0.09519264 0.9685676
vn -0.2068283 -0.1381983 0.9685676
vn -0.1758931 -0.1758931 0.9685676
vn -0.1381983 -0.2068284 0.9685677
vn -0.09519264 -0.2298153 0.9685677
vn -0.04852876 -0.2439707 0.9685676
vn 1.087322e-8 -0.2487504 0.9685677
vn -0.3563818 0 0.9343404
vn -0.349534 -0.06952664 0.9343404
vn -0.3292538 -0.1363814 0.9343404
vn -0.2963206 -0.1979951 0.9343404
vn -0.252 -0.252 0.9343404
vn -0.1979951 -0.2963206 0.9343404
vn -0.1363814 -0.3292538 0.9343404
vn -0.06952661 -0.349534 0.9343404
vn 1.557794e-8 -0.3563818 0.9343404
vn -0.6262189 0 0.7796473
vn -0.6141863 -0.1221692 0.7796474
vn -0.5785507 -0.2396436 0.7796473
vn -0.520682 -0.3479086 0.7796473
vn -0.4428037 -0.4428037 0.7796472
vn -0.3479086 -0.5206821 0.7796473
vn -0.2396436 -0.5785507 0.7796473
vn -0.1221692 -0.6141863 0.7796473
vn 2.737289e-8 -0.6262189 0.7796473
vn -1 0 0
vn -0.9807853 -0.1950903 0
vn -0.9238795 -0.3826835 -9.504036e-8
vn -0.8314696 -0.5555702 0
vn -0.7071068 -0.7071068 -7.024468e-7
vn -0.5555701 -0.8314697 -2.759544e-7
vn -0.3826835 -0.9238795 -9.504036e-8
vn -0.1950902 -0.9807853 0
vn 4.371139e-8 -1 0
vn 0.07350658 -0.3695426 0.9263018
vn 0.1441884 -0.3481014 0.9263018
vn 0.2093291 -0.3132831 0.9263018
vn 0.2664253 -0.2664253 0.9263018
vn 0.3132831 -0.209329 0.9263018
vn 0.3481015 -0.1441884 0.9263018
vn 0.3695425 -0.07350654 0.9263018
vn 0.3767824 1.646968e-8 0.9263018
vn 0.04833044 -0.2429735 0.9688281
vn 0.09480356 -0.228876 0.9688283
vn 0.1376334 -0.205983 0.9688281
vn 0.1751741 -0.1751741 0.9688282
vn 0.205983 -0.1376334 0.9688283
vn 0.228876 -0.09480356 0.9688282
vn 0.2429735 -0.04833041 0.9688282
vn 0.2477336 1.082878e-8 0.9688282
vn 0.03994417 -0.2008129 0.9788149
vn 0.07835332 -0.1891616 0.9788149
vn 0.1137514 -0.170241 0.9788149
vn 0.144778 -0.144778 0.9788149
vn 0.170241 -0.1137513 0.9788149
vn 0.1891616 -0.07835332 0.9788149
vn 0.2008129 -0.03994415 0.9788149
vn 0.2047471 8.949777e-9 0.9788149
vn 0.04034232 -0.2028146 0.9783858
vn 0.07913433 -0.1910472 0.9783858
vn 0.1148852 -0.1719379 0.9783858
vn 0.1462212 -0.1462212 0.9783858
vn 0.1719379 -0.1148852 0.9783858
vn 0.1910472 -0.07913433 0.9783858
vn 0.2028146 -0.04034231 0.9783858
vn 0.206788 9.038988e-9 0.9783858
vn 0.04852879 -0.2439707 0.9685676
vn 0.09519264 -0.2298153 0.9685676
vn 0.1381983 -0.2068283 0.9685676
vn 0.1758931 -0.1758931 0.9685676
vn 0.2068284 -0.1381983 0.9685677
vn 0.2298153 -0.09519264 0.9685677
vn 0.2439707 -0.04852876 0.9685676
vn 0.2487504 1.087322e-8 0.9685677
vn 0.06952664 -0.349534 0.9343404
vn 0.1363814 -0.3292538 0.9343404
vn 0.1979951 -0.2963206 0.9343404
vn 0.252 -0.252 0.9343404
vn 0.2963206 -0.1979951 0.9343404
vn 0.3292538 -0.1363814 0.9343404
vn 0.349534 -0.06952661 0.9343404
vn 0.3563818 1.557794e-8 0.9343404
vn 0.1221692 -0.6141863 0.7796474
vn 0.2396436 -0.5785507 0.7796473
vn 0.3479086 -0.520682 0.7796473
vn 0.4428037 -0.4428037 0.7796472
vn 0.5206821 -0.3479086 0.7796473
vn 0.5785507 -0.2396436 0.7796473
vn 0.6141863 -0.1221692 0.7796473
vn 0.6262189 2.737289e-8 0.7796473
vn 0.1950903 -0.9807853 0
vn 0.3826835 -0.9238795 -9.504036e-8
vn 0.5555702 -0.8314696 0
vn 0.7071068 -0.7071068 -7.024468e-7
vn 0.8314697 -0.5555701 -2.759544e-7
vn 0.9238795 -0.3826835 -9.504036e-8
vn 0.9807853 -0.1950902 0
vn 1 4.371139e-8 0
vn 0 0.3767824 0.9263018
vn 0.07350658 0.3695426 0.9263018
vn 0.1441884 0.3481014 0.9263018
vn 0.2093291 0.3132831 0.9263018
vn 0.2664253 0.2664253 0.9263018
vn 0.3132831 0.209329 0.9263018
vn 0.3481015 0.1441884 0.9263018
vn 0.3695425 0.07350654 0.9263018
vn 0 0.2477336 0.9688282
vn 0.04833044 0.2429735 0.9688281
vn 0.09480356 0.228876 0.9688283
vn 0.1376334 0.205983 0.9688281
vn 0.1751741 0.1751741 0.9688282
vn 0.205983 0.1376334 0.9688283
vn 0.228876 0.09480356 0.9688282
vn 0.2429735 0.04833041 0.9688282
vn 0 0.2047471 0.9788149
vn 0.03994417 0.2008129 0.9788149
vn 0.07835332 0.1891616 0.9788149
vn 0.1137514 0.170241 0.9788149
vn 0.144778 0.144778 0.9788149
vn 0.170241 0.1137513 0.9788149
vn 0.1891616 0.07835332 0.9788149
vn 0.2008129 0.03994415 0.9788149
vn 0 0.206788 0.9783858
vn 0.04034232 0.2028146 0.9783858
vn 0.07913433 0.1910472 0.9783858
vn 0.1148852 0.1719379 0.9783858
vn 0.1462212 0.1462212 0.9783858
vn 0.1719379 0.1148852 0.9783858
vn 0.1910472 0.07913433 0.9783858
vn 0.2028146 0.04034231 0.9783858
vn 0 0.2487504 0.9685677
vn 0.04852879 0.2439707 0.9685676
vn 0.09519264 0.2298153 0.9685676
vn 0.1381983 0.2068283 0.9685676
vn 0.1758931 0.1758931 0.9685676
vn 0.2068284 0.1381983 0.9685677
vn 0.2298153 0.09519264 0.9685677
vn 0.2439707 0.04852876 0.9685676
vn 0 0.3563818 0.9343404
vn 0.06952664 0.349534 0.9343404
vn 0.1363814 0.3292538 0.9343404
vn 0.1979951 0.2963206 0.9343404
vn 0.252 0.252 0.9343404
vn 0.2963206 0.1979951 0.9343404
vn 0.3292538 0.1363814 0.9343404
vn 0.349534 0.06952661 0.9343404
vn 0 0.6262189 0.7796473
vn 0.1221692 0.6141863 0.7796474
vn 0.2396436 0.5785507 0.7796473
vn 0.3479086 0.520682 0.7796473
vn 0.4428037 0.4428037 0.7796472
vn 0.5206821 0.3479086 0.7796473
vn 0.5785507 0.2396436 0.7796473
vn 0.6141863 0.1221692 0.7796473
vn 0 1 0
vn 0.1950903 0.9807853 0
vn 0.3826835 0.9238795 -9.504036e-8
vn 0.5555702 0.8314696 0
vn 0.7071068 0.7071068 -7.024468e-7
vn 0.8314697 0.5555701 -2.759544e-7
vn 0.9238795 0.3826835 -9.504036e-8
vn 0.9807853 0.1950902 0
vn -0.3695426 0.07350658 0.9263018
vn -0.3481014 0.1441884 0.9263018
vn -0.3132831 0.2093291 0.9263018
vn -0.2664253 0.2664253 0.9263018
vn -0.209329 0.3132831 0.9263018
vn -0.1441884 0.3481015 0.9263018
vn -0.07350654 0.3695425 0.9263018
vn -0.2429735 0.04833044 0.9688281
vn -0.228876 0.09480356 0.9688283
vn -0.205983 0.1376334 0.9688281
vn -0.1751741 0.1751741 0.9688282
vn -0.1376334 0.205983 0.9688283
vn -0.09480356 0.228876 0.9688282
vn -0.04833041 0.2429735 0.9688282
vn -0.2008129 0.03994417 0.9788149
vn -0.1891616 0.07835332 0.9788149
vn -0.170241 0.1137514 0.9788149
vn -0.144778 0.144778 0.9788149
vn -0.1137513 0.170241 0.9788149
vn -0.07835332 0.1891616 0.9788149
vn -0.03994415 0.2008129 0.9788149
vn -0.2028146 0.04034232 0.9783858
vn -0.1910472 0.07913433 0.9783858
vn -0.1719379 0.1148852 0.9783858
vn -0.1462212 0.1462212 0.9783858
vn -0.1148852 0.1719379 0.9783858
vn -0.07913433 0.1910472 0.9783858
vn -0.04034231 0.2028146 0.9783858
vn -0.2439707 0.04852879 0.9685676
vn -0.2298153 0.09519264 0.9685676
vn -0.2068283 0.1381983 0.9685676
vn -0.1758931 0.1758931 0.9685676
vn -0.1381983 0.2068284 0.9685677
vn -0.09519264 0.2298153 0.9685677
vn -0.04852876 0.2439707 0.9685676
vn -0.349534 0.06952664 0.9343404
vn -0.3292538 0.1363814 0.9343404
vn -0.2963206 0.1979951 0.9343404
vn -0.252 0.252 0.9343404
vn -0.1979951 0.2963206 0.9343404
vn -0.1363814 0.3292538 0.9343404
vn -0.06952661 0.349534 0.9343404
vn -0.6141863 0.1221692 0.7796474
vn -0.5785507 0.2396436 0.7796473
vn -0.520682 0.3479086 0.7796473
vn -0.4428037 0.4428037 0.7796472
vn -0.3479086 0.5206821 0.7796473
vn -0.2396436 0.5785507 0.7796473
vn -0.1221692 0.6141863 0.7796473
vn -0.9807853 0.1950903 0
vn -0.9238795 0.3826835 -9.504036e-8
vn -0.8314696 0.5555702 0
vn -0.7071068 0.7071068 -7.024468e-7
vn -0.5555701 0.8314697 -2.759544e-7
vn -0.3826835 0.9238795 -9.504036e-8
vn -0.1950902 0.9807853 0
vn 0.9417421 0 -0.3363358
vn 0.9236469 0.1837248 -0.3363353
vn 0.8700563 0.3603892 -0.3363354
vn 0.7830302 0.5232041 -0.3363352
vn 0.6659124 0.6659124 -0.3363349
vn 0.5232038 0.78303 -0.3363357
vn 0.3603892 0.8700565 -0.3363352
vn 0.1837247 0.923647 -0.3363353
vn -4.116485e-8 0.9417421 -0.3363358
vn 0.9860859 0 -0.1662366
vn 0.9671386 0.1923758 -0.1662365
vn 0.9110246 0.3773588 -0.166236
vn 0.8199005 0.5478401 -0.1662364
vn 0.6972681 0.6972681 -0.166236
vn 0.5478399 0.8199006 -0.1662365
vn 0.3773588 0.9110246 -0.1662359
vn 0.1923758 0.9671386 -0.1662361
vn -4.310317e-8 0.9860859 -0.1662366
vn 0.9895641 0 0.1440938
vn 0.9705498 0.1930544 0.1440934
vn 0.9142379 0.3786897 0.1440943
vn 0.8227924 0.5497723 0.1440935
vn 0.6997274 0.6997274 0.1440936
vn 0.5497723 0.8227925 0.1440938
vn 0.3786897 0.9142379 0.1440943
vn 0.1930543 0.9705499 0.1440939
vn -4.325522e-8 0.9895641 0.1440938
vn 0.7634668 0 0.645847
vn 0.7487975 0.1489451 0.6458464
vn 0.7053514 0.2921661 0.6458469
vn 0.6347996 0.4241595 0.6458468
vn 0.539853 0.539853 0.6458462
vn 0.4241593 0.6347994 0.6458473
vn 0.2921661 0.7053514 0.645847
vn 0.148945 0.7487974 0.6458465
vn -3.337219e-8 0.7634668 0.645847
vn 0.03372478 0 0.9994312
vn 0.03307681 0.006579387 0.9994312
vn 0.03115766 0.01290593 0.9994312
vn 0.02804042 0.01873601 0.9994312
vn 0.02384706 0.02384706 0.9994311
vn 0.01873599 0.0280404 0.9994312
vn 0.01290592 0.03115766 0.9994312
vn 0.006579386 0.03307683 0.9994312
vn -1.474157e-9 0.03372478 0.9994312
vn -0.5877622 0 0.8090338
vn -0.5764688 -0.1146668 0.8090335
vn -0.5430219 -0.2249271 0.8090334
vn -0.4887065 -0.3265432 0.8090338
vn -0.415611 -0.415611 0.8090334
vn -0.3265431 -0.4887062 0.8090338
vn -0.224927 -0.5430218 0.8090335
vn -0.1146668 -0.5764691 0.8090333
vn 2.56919e-8 -0.5877622 0.8090338
vn -0.8340962 0 0.5516191
vn -0.8180693 -0.1627241 0.5516188
vn -0.7706047 -0.3191949 0.5516186
vn -0.6935253 -0.4633988 0.5516197
vn -0.5897951 -0.5897951 0.5516189
vn -0.4633986 -0.6935253 0.5516198
vn -0.3191949 -0.7706047 0.5516186
vn -0.1627241 -0.8180696 0.5516186
vn 3.64595e-8 -0.8340962 0.5516191
vn -0.9195523 0 0.3929678
vn -0.9018832 -0.1793957 0.3929679
vn -0.8495556 -0.3518975 0.3929673
vn -0.7645794 -0.5108757 0.3929688
vn -0.6502216 -0.6502216 0.3929679
vn -0.5108756 -0.7645794 0.3929688
vn -0.3518975 -0.8495556 0.3929674
vn -0.1793957 -0.9018834 0.3929678
vn 4.01949e-8 -0.9195523 0.3929678
vn -0.9417424 0 0.3363349
vn -0.9236469 -0.1837248 0.3363353
vn -0.8700567 -0.3603894 0.3363344
vn -0.78303 -0.523204 0.3363357
vn -0.6659124 -0.6659124 0.3363349
vn -0.5232038 -0.78303 0.3363357
vn -0.3603894 -0.8700567 0.3363344
vn -0.1837247 -0.923647 0.3363353
vn 4.116486e-8 -0.9417424 0.3363349
vn -0.1837248 0.9236469 -0.3363353
vn -0.3603892 0.8700563 -0.3363354
vn -0.5232041 0.7830302 -0.3363352
vn -0.6659124 0.6659124 -0.3363349
vn -0.78303 0.5232038 -0.3363357
vn -0.8700565 0.3603892 -0.3363352
vn -0.923647 0.1837247 -0.3363353
vn -0.9417421 -4.116485e-8 -0.3363358
vn -0.1923758 0.9671386 -0.1662365
vn -0.3773588 0.9110246 -0.166236
vn -0.5478401 0.8199005 -0.1662364
vn -0.6972681 0.6972681 -0.166236
vn -0.8199006 0.5478399 -0.1662365
vn -0.9110246 0.3773588 -0.1662359
vn -0.9671386 0.1923758 -0.1662361
vn -0.9860859 -4.310317e-8 -0.1662366
vn -0.1930544 0.9705498 0.1440934
vn -0.3786897 0.9142379 0.1440943
vn -0.5497723 0.8227924 0.1440935
vn -0.6997274 0.6997274 0.1440936
vn -0.8227925 0.5497723 0.1440938
vn -0.9142379 0.3786897 0.1440943
vn -0.9705499 0.1930543 0.1440939
vn -0.9895641 -4.325522e-8 0.1440938
vn -0.1489451 0.7487975 0.6458464
vn -0.2921661 0.7053514 0.6458469
vn -0.4241595 0.6347996 0.6458468
vn -0.539853 0.539853 0.6458462
vn -0.6347994 0.4241593 0.6458473
vn -0.7053514 0.2921661 0.645847
vn -0.7487974 0.148945 0.6458465
vn -0.7634668 -3.337219e-8 0.645847
vn -0.006579387 0.03307681 0.9994312
vn -0.01290593 0.03115766 0.9994312
vn -0.01873601 0.02804042 0.9994312
vn -0.02384706 0.02384706 0.9994311
vn -0.0280404 0.01873599 0.9994312
vn -0.03115766 0.01290592 0.9994312
vn -0.03307683 0.006579386 0.9994312
vn -0.03372478 -1.474157e-9 0.9994312
vn 0.1146668 -0.5764688 0.8090335
vn 0.2249271 -0.5430219 0.8090334
vn 0.3265432 -0.4887065 0.8090338
vn 0.415611 -0.415611 0.8090334
vn 0.4887062 -0.3265431 0.8090338
vn 0.5430218 -0.224927 0.8090335
vn 0.5764691 -0.1146668 0.8090333
vn 0.5877622 2.56919e-8 0.8090338
vn 0.1627241 -0.8180693 0.5516188
vn 0.3191949 -0.7706047 0.5516186
vn 0.4633988 -0.6935253 0.5516197
vn 0.5897951 -0.5897951 0.5516189
vn 0.6935253 -0.4633986 0.5516198
vn 0.7706047 -0.3191949 0.5516186
vn 0.8180696 -0.1627241 0.5516186
vn 0.8340962 3.64595e-8 0.5516191
vn 0.1793957 -0.9018832 0.3929679
vn 0.3518975 -0.8495556 0.3929673
vn 0.5108757 -0.7645794 0.3929688
vn 0.6502216 -0.6502216 0.3929679
vn 0.7645794 -0.5108756 0.3929688
vn 0.8495556 -0.3518975 0.3929674
vn 0.9018834 -0.1793957 0.3929678
vn 0.9195523 4.01949e-8 0.3929678
vn 0.1837248 -0.9236469 0.3363353
vn 0.3603894 -0.8700567 0.3363344
vn 0.523204 -0.78303 0.3363357
vn 0.6659124 -0.6659124 0.3363349
vn 0.78303 -0.5232038 0.3363357
vn 0.8700567 -0.3603894 0.3363344
vn 0.923647 -0.1837247 0.3363353
vn 0.9417424 4.116486e-8 0.3363349
vn 0 -0.9417421 -0.3363358
vn -0.1837248 -0.9236469 -0.3363353
vn -0.3603892 -0.8700563 -0.3363354
vn -0.5232041 -0.7830302 -0.3363352
vn -0.6659124 -0.6659124 -0.3363349
vn -0.78303 -0.5232038 -0.3363357
vn -0.8700565 -0.3603892 -0.3363352
vn -0.923647 -0.1837247 -0.3363353
vn 0 -0.9860859 -0.1662366
vn -0.1923758 -0.9671386 -0.1662365
vn -0.3773588 -0.9110246 -0.166236
vn -0.5478401 -0.8199005 -0.1662364
vn -0.6972681 -0.6972681 -0.166236
vn -0.8199006 -0.5478399 -0.1662365
vn -0.9110246 -0.3773588 -0.1662359
vn -0.9671386 -0.1923758 -0.1662361
vn 0 -0.9895641 0.1440938
vn -0.1930544 -0.9705498 0.1440934
vn -0.3786897 -0.9142379 0.1440943
vn -0.5497723 -0.8227924 0.1440935
vn -0.6997274 -0.6997274 0.1440936
vn -0.8227925 -0.5497723 0.1440938
vn -0.9142379 -0.3786897 0.1440943
vn -0.9705499 -0.1930543 0.1440939
vn 0 -0.7634668 0.645847
vn -0.1489451 -0.7487975 0.6458464
vn -0.2921661 -0.7053514 0.6458469
vn -0.4241595 -0.6347996 0.6458468
vn -0.539853 -0.539853 0.6458462
vn -0.6347994 -0.4241593 0.6458473
vn -0.7053514 -0.2921661 0.645847
vn -0.7487974 -0.148945 0.6458465
vn 0 -0.03372478 0.9994312
vn -0.006579387 -0.03307681 0.9994312
vn -0.01290593 -0.03115766 0.9994312
vn -0.01873601 -0.02804042 0.9994312
vn -0.02384706 -0.02384706 0.9994311
vn -0.0280404 -0.01873599 0.9994312
vn -0.03115766 -0.01290592 0.9994312
vn -0.03307683 -0.006579386 0.9994312
vn 0 0.5877622 0.8090338
vn 0.1146668 0.5764688 0.8090335
vn 0.2249271 0.5430219 0.8090334
vn 0.3265432 0.4887065 0.8090338
vn 0.415611 0.415611 0.8090334
vn 0.4887062 0.3265431 0.8090338
vn 0.5430218 0.224927 0.8090335
vn 0.5764691 0.1146668 0.8090333
vn 0 0.8340962 0.5516191
vn 0.1627241 0.8180693 0.5516188
vn 0.3191949 0.7706047 0.5516186
vn 0.4633988 0.6935253 0.5516197
vn 0.5897951 0.5897951 0.5516189
vn 0.6935253 0.4633986 0.5516198
vn 0.7706047 0.3191949 0.5516186
vn 0.8180696 0.1627241 0.5516186
vn 0 0.9195523 0.3929678
vn 0.1793957 0.9018832 0.3929679
vn 0.3518975 0.8495556 0.3929673
vn 0.5108757 0.7645794 0.3929688
vn 0.6502216 0.6502216 0.3929679
vn 0.7645794 0.5108756 0.3929688
vn 0.8495556 0.3518975 0.3929674
vn 0.9018834 0.1793957 0.3929678
vn 0 0.9417424 0.3363349
vn 0.1837248 0.9236469 0.3363353
vn 0.3603894 0.8700567 0.3363344
vn 0.523204 0.78303 0.3363357
vn 0.6659124 0.6659124 0.3363349
vn 0.78303 0.5232038 0.3363357
vn 0.8700567 0.3603894 0.3363344
vn 0.923647 0.1837247 0.3363353
vn 0.9236469 -0.1837248 -0.3363353
vn 0.8700563 -0.3603892 -0.3363354
vn 0.7830302 -0.5232041 -0.3363352
vn 0.6659124 -0.6659124 -0.3363349
vn 0.5232038 -0.78303 -0.3363357
vn 0.3603892 -0.8700565 -0.3363352
vn 0.1837247 -0.923647 -0.3363353
vn 0.9671386 -0.1923758 -0.1662365
vn 0.9110246 -0.3773588 -0.166236
vn 0.8199005 -0.5478401 -0.1662364
vn 0.6972681 -0.6972681 -0.166236
vn 0.5478399 -0.8199006 -0.1662365
vn 0.3773588 -0.9110246 -0.1662359
vn 0.1923758 -0.9671386 -0.1662361
vn 0.9705498 -0.1930544 0.1440934
vn 0.9142379 -0.3786897 0.1440943
vn 0.8227924 -0.5497723 0.1440935
vn 0.6997274 -0.6997274 0.1440936
vn 0.5497723 -0.8227925 0.1440938
vn 0.3786897 -0.9142379 0.1440943
vn 0.1930543 -0.9705499 0.1440939
vn 0.7487975 -0.1489451 0.6458464
vn 0.7053514 -0.2921661 0.6458469
vn 0.6347996 -0.4241595 0.6458468
vn 0.539853 -0.539853 0.6458462
vn 0.4241593 -0.6347994 0.6458473
vn 0.2921661 -0.7053514 0.645847
vn 0.148945 -0.7487974 0.6458465
vn 0.03307681 -0.006579387 0.9994312
vn 0.03115766 -0.01290593 0.9994312
vn 0.02804042 -0.01873601 0.9994312
vn 0.02384706 -0.02384706 0.9994311
vn 0.01873599 -0.0280404 0.9994312
vn 0.01290592 -0.03115766 0.9994312
vn 0.006579386 -0.03307683 0.9994312
vn -0.5764688 0.1146668 0.8090335
vn -0.5430219 0.2249271 0.8090334
vn -0.4887065 0.3265432 0.8090338
vn -0.415611 0.415611 0.8090334
vn -0.3265431 0.4887062 0.8090338
vn -0.224927 0.5430218 0.8090335
vn -0.1146668 0.5764691 0.8090333
vn -0.8180693 0.1627241 0.5516188
vn -0.7706047 0.3191949 0.5516186
vn -0.6935253 0.4633988 0.5516197
vn -0.5897951 0.5897951 0.5516189
vn -0.4633986 0.6935253 0.5516198
vn -0.3191949 0.7706047 0.5516186
vn -0.1627241 0.8180696 0.5516186
vn -0.9018832 0.1793957 0.3929679
vn -0.8495556 0.3518975 0.3929673
vn -0.7645794 0.5108757 0.3929688
vn -0.6502216 0.6502216 0.3929679
vn -0.5108756 0.7645794 0.3929688
vn -0.3518975 0.8495556 0.3929674
vn -0.1793957 0.9018834 0.3929678
vn -0.9236469 0.1837248 0.3363353
vn -0.8700567 0.3603894 0.3363344
vn -0.78303 0.523204 0.3363357
vn -0.6659124 0.6659124 0.3363349
vn -0.5232038 0.78303 0.3363357
vn -0.3603894 0.8700567 0.3363344
vn -0.1837247 0.923647 0.3363353
vn -0.9316688 -0.1853205 0.3124894
vn -0.8776128 -0.3635192 0.3124894
vn -0.7898307 -0.527748 0.3124894
vn -0.6716958 -0.6716958 0.3124893
vn -0.527748 -0.7898307 0.3124894
vn -0.3635191 -0.8776128 0.3124893
vn -0.1853204 -0.9316688 0.3124894
vn 4.152237e-8 -0.9499213 0.3124894
vn -0.9370775 -0.1863963 0.2951986
vn -0.8827077 -0.3656295 0.2951985
vn -0.794416 -0.5308117 0.2951984
vn -0.6755953 -0.6755953 0.2951984
vn -0.5308117 -0.794416 0.2951984
vn -0.3656295 -0.8827077 0.2951985
vn -0.1863962 -0.9370775 0.2951985
vn 4.176343e-8 -0.9554359 0.2951986
vn -0.9597247 0 0.2809423
vn -0.9412839 -0.187233 0.2809423
vn -0.8866699 -0.3672707 0.2809423
vn -0.7979819 -0.5331945 0.2809422
vn -0.6786278 -0.6786278 0.2809421
vn -0.5331944 -0.7979819 0.2809422
vn -0.3672707 -0.88667 0.2809423
vn -0.1872329 -0.9412839 0.2809423
vn 4.19509e-8 -0.9597247 0.2809423
vn -0.9642816 0 0.2648792
vn -0.9457532 -0.188122 0.2648792
vn -0.89088 -0.3690146 0.2648792
vn -0.8017708 -0.5357262 0.2648792
vn -0.6818501 -0.6818501 0.2648792
vn -0.5357261 -0.8017709 0.2648792
vn -0.3690146 -0.89088 0.2648792
vn -0.1881219 -0.9457532 0.2648792
vn 4.215009e-8 -0.9642816 0.2648792
vn -0.9706993 0 0.2402973
vn -0.9520476 -0.1893741 0.2402973
vn -0.8968092 -0.3714705 0.2402974
vn -0.807107 -0.5392916 0.2402974
vn -0.686388 -0.686388 0.2402975
vn -0.5392916 -0.807107 0.2402973
vn -0.3714705 -0.8968092 0.2402974
vn -0.189374 -0.9520476 0.2402974
vn 4.243061e-8 -0.9706993 0.2402973
vn -0.9802428 0 0.1977984
vn -0.9614077 -0.1912359 0.1977984
vn -0.9056262 -0.3751227 0.1977985
vn -0.815042 -0.5445937 0.1977986
vn -0.6931362 -0.6931362 0.1977988
vn -0.5445936 -0.8150421 0.1977985
vn -0.3751226 -0.9056262 0.1977985
vn -0.1912358 -0.9614077 0.1977986
vn 4.284777e-8 -0.9802428 0.1977984
vn -0.9922888 0 0.1239473
vn -0.9732222 -0.193586 0.1239474
vn -0.9167553 -0.3797325 0.1239474
vn -0.825058 -0.5512861 0.1239474
vn -0.7016541 -0.7016541 0.1239475
vn -0.5512861 -0.825058 0.1239474
vn -0.3797324 -0.9167553 0.1239474
vn -0.1935859 -0.9732223 0.1239474
vn 4.337432e-8 -0.9922888 0.1239473
vn -0.9807853 -0.1950903 0
vn -0.9238795 -0.3826835 0
vn -0.8314696 -0.5555702 -2.753303e-7
vn -0.7071068 -0.7071068 -4.682983e-7
vn -0.5555701 -0.8314697 -1.839698e-7
vn -0.3826835 -0.9238795 -6.33603e-8
vn -0.1950902 -0.9807854 -3.247742e-7
vn 4.371139e-8 -1 0
vn 0.1853205 -0.9316688 0.3124894
vn 0.3635192 -0.8776128 0.3124894
vn 0.527748 -0.7898307 0.3124894
vn 0.6716958 -0.6716958 0.3124893
vn 0.7898307 -0.527748 0.3124894
vn 0.8776128 -0.3635191 0.3124893
vn 0.9316688 -0.1853204 0.3124894
vn 0.9499213 4.152237e-8 0.3124894
vn 0.1863963 -0.9370775 0.2951986
vn 0.3656295 -0.8827077 0.2951985
vn 0.5308117 -0.794416 0.2951984
vn 0.6755953 -0.6755953 0.2951984
vn 0.794416 -0.5308117 0.2951984
vn 0.8827077 -0.3656295 0.2951985
vn 0.9370775 -0.1863962 0.2951985
vn 0.9554359 4.176343e-8 0.2951986
vn 0.187233 -0.9412839 0.2809423
vn 0.3672707 -0.8866699 0.2809423
vn 0.5331945 -0.7979819 0.2809422
vn 0.6786278 -0.6786278 0.2809421
vn 0.7979819 -0.5331944 0.2809422
vn 0.88667 -0.3672707 0.2809423
vn 0.9412839 -0.1872329 0.2809423
vn 0.9597247 4.19509e-8 0.2809423
vn 0.188122 -0.9457532 0.2648792
vn 0.3690146 -0.89088 0.2648792
vn 0.5357262 -0.8017708 0.2648792
vn 0.6818501 -0.6818501 0.2648792
vn 0.8017709 -0.5357261 0.2648792
vn 0.89088 -0.3690146 0.2648792
vn 0.9457532 -0.1881219 0.2648792
vn 0.9642816 4.215009e-8 0.2648792
vn 0.1893741 -0.9520476 0.2402973
vn 0.3714705 -0.8968092 0.2402974
vn 0.5392916 -0.807107 0.2402974
vn 0.686388 -0.686388 0.2402975
vn 0.807107 -0.5392916 0.2402973
vn 0.8968092 -0.3714705 0.2402974
vn 0.9520476 -0.189374 0.2402974
vn 0.1912359 -0.9614077 0.1977984
vn 0.3751227 -0.9056262 0.1977985
vn 0.5445937 -0.815042 0.1977986
vn 0.6931362 -0.6931362 0.1977988
vn 0.8150421 -0.5445936 0.1977985
vn 0.9056262 -0.3751226 0.1977985
vn 0.193586 -0.9732222 0.1239474
vn 0.3797325 -0.9167553 0.1239474
vn 0.5512861 -0.825058 0.1239474
vn 0.7016541 -0.7016541 0.1239475
vn 0.825058 -0.5512861 0.1239474
vn 0.9167553 -0.3797324 0.1239474
vn 0.1950903 -0.9807853 0
vn 0.3826835 -0.9238795 0
vn 0.5555702 -0.8314696 -2.753303e-7
vn 0.7071068 -0.7071068 -4.682983e-7
vn 0.8314697 -0.5555701 -1.839698e-7
vn 0.9238795 -0.3826835 -6.33603e-8
vn 0 0.9499213 0.3124894
vn 0.1853205 0.9316688 0.3124894
vn 0.3635192 0.8776128 0.3124894
vn 0.527748 0.7898307 0.3124894
vn 0.6716958 0.6716958 0.3124893
vn 0.7898307 0.527748 0.3124894
vn 0.8776128 0.3635191 0.3124893
vn 0.9316688 0.1853204 0.3124894
vn 0 0.9554359 0.2951986
vn 0.1863963 0.9370775 0.2951986
vn 0.3656295 0.8827077 0.2951985
vn 0.5308117 0.794416 0.2951984
vn 0.6755953 0.6755953 0.2951984
vn 0.794416 0.5308117 0.2951984
vn 0.8827077 0.3656295 0.2951985
vn 0.9370775 0.1863962 0.2951985
vn 0 0.9597247 0.2809423
vn 0.187233 0.9412839 0.2809423
vn 0.3672707 0.8866699 0.2809423
vn 0.5331945 0.7979819 0.2809422
vn 0.6786278 0.6786278 0.2809421
vn 0.7979819 0.5331944 0.2809422
vn 0.88667 0.3672707 0.2809423
vn 0.9412839 0.1872329 0.2809423
vn 0 0.9642816 0.2648792
vn 0.188122 0.9457532 0.2648792
vn 0.3690146 0.89088 0.2648792
vn 0.5357262 0.8017708 0.2648792
vn 0.6818501 0.6818501 0.2648792
vn 0.8017709 0.5357261 0.2648792
vn 0.89088 0.3690146 0.2648792
vn 0.9457532 0.1881219 0.2648792
vn 0 0.9706993 0.2402973
vn 0.1893741 0.9520476 0.2402973
vn 0.3714705 0.8968092 0.2402974
vn 0.5392916 0.807107 0.2402974
vn 0.686388 0.686388 0.2402975
vn 0.807107 0.5392916 0.2402973
vn 0.8968092 0.3714705 0.2402974
vn 0.9520476 0.189374 0.2402974
vn 0 0.9802428 0.1977984
vn 0.1912359 0.9614077 0.1977984
vn 0.3751227 0.9056262 0.1977985
vn 0.5445937 0.815042 0.1977986
vn 0.6931362 0.6931362 0.1977988
vn 0.8150421 0.5445936 0.1977985
vn 0.9056262 0.3751226 0.1977985
vn 0 0.9922888 0.1239473
vn 0.193586 0.9732222 0.1239474
vn 0.3797325 0.9167553 0.1239474
vn 0.5512861 0.825058 0.1239474
vn 0.7016541 0.7016541 0.1239475
vn 0.825058 0.5512861 0.1239474
vn 0.9167553 0.3797324 0.1239474
vn 0 1 0
vn 0.1950903 0.9807853 0
vn 0.3826835 0.9238795 0
vn 0.5555702 0.8314696 -2.753303e-7
vn 0.7071068 0.7071068 -4.682983e-7
vn 0.8314697 0.5555701 -1.839698e-7
vn 0.9238795 0.3826835 -6.33603e-8
vn -0.9316688 0.1853205 0.3124894
vn -0.8776128 0.3635192 0.3124894
vn -0.7898307 0.527748 0.3124894
vn -0.6716958 0.6716958 0.3124893
vn -0.527748 0.7898307 0.3124894
vn -0.3635191 0.8776128 0.3124893
vn -0.1853204 0.9316688 0.3124894
vn -0.9370775 0.1863963 0.2951986
vn -0.8827077 0.3656295 0.2951985
vn -0.794416 0.5308117 0.2951984
vn -0.6755953 0.6755953 0.2951984
vn -0.5308117 0.794416 0.2951984
vn -0.3656295 0.8827077 0.2951985
vn -0.1863962 0.9370775 0.2951985
vn -0.9412839 0.187233 0.2809423
vn -0.8866699 0.3672707 0.2809423
vn -0.7979819 0.5331945 0.2809422
vn -0.6786278 0.6786278 0.2809421
vn -0.5331944 0.7979819 0.2809422
vn -0.3672707 0.88667 0.2809423
vn -0.1872329 0.9412839 0.2809423
vn -0.9457532 0.188122 0.2648792
vn -0.89088 0.3690146 0.2648792
vn -0.8017708 0.5357262 0.2648792
vn -0.6818501 0.6818501 0.2648792
vn -0.5357261 0.8017709 0.2648792
vn -0.3690146 0.89088 0.2648792
vn -0.1881219 0.9457532 0.2648792
vn -0.9520476 0.1893741 0.2402973
vn -0.8968092 0.3714705 0.2402974
vn -0.807107 0.5392916 0.2402974
vn -0.686388 0.686388 0.2402975
vn -0.5392916 0.807107 0.2402973
vn -0.3714705 0.8968092 0.2402974
vn -0.189374 0.9520476 0.2402974
vn -0.9614077 0.1912359 0.1977984
vn -0.9056262 0.3751227 0.1977985
vn -0.815042 0.5445937 0.1977986
vn -0.6931362 0.6931362 0.1977988
vn -0.5445936 0.8150421 0.1977985
vn -0.3751226 0.9056262 0.1977985
vn -0.1912358 0.9614077 0.1977986
vn -0.9732222 0.193586 0.1239474
vn -0.9167553 0.3797325 0.1239474
vn -0.825058 0.5512861 0.1239474
vn -0.7016541 0.7016541 0.1239475
vn -0.5512861 0.825058 0.1239474
vn -0.3797324 0.9167553 0.1239474
vn -0.1935859 0.9732223 0.1239474
vn -0.9807853 0.1950903 0
vn -0.9238795 0.3826835 0
vn -0.8314696 0.5555702 -2.753303e-7
vn -0.7071068 0.7071068 -4.682983e-7
vn -0.5555701 0.8314697 -1.839698e-7
vn -0.3826835 0.9238795 -6.33603e-8
vn -0.1950902 0.9807854 -3.247742e-7
vn -0.9658602 -0.1921216 -0.1737911
vn -0.9098204 -0.37686 -0.1737912
vn -0.8188167 -0.5471159 -0.173791
vn -0.6963464 -0.6963464 -0.173791
vn -0.5471159 -0.8188168 -0.173791
vn -0.3768599 -0.9098204 -0.1737912
vn -0.1921215 -0.9658603 -0.1737909
vn 4.304621e-8 -0.9847826 -0.1737911
vn -0.9161928 -0.1822421 -0.3569014
vn -0.8630347 -0.3574806 -0.3569014
vn -0.7767108 -0.5189816 -0.3569013
vn -0.6605382 -0.6605382 -0.3569014
vn -0.5189816 -0.7767109 -0.3569013
vn -0.3574806 -0.8630347 -0.3569014
vn -0.182242 -0.9161929 -0.3569012
vn 4.083264e-8 -0.9341421 -0.3569013
vn -0.8588061 0 -0.5123008
vn -0.8423043 -0.1675448 -0.5123008
vn -0.7934333 -0.3286509 -0.512301
vn -0.7140712 -0.4771271 -0.5123008
vn -0.6072676 -0.6072676 -0.512301
vn -0.4771271 -0.7140712 -0.5123007
vn -0.3286508 -0.7934333 -0.5123009
vn -0.1675447 -0.8423044 -0.5123007
vn 3.753961e-8 -0.8588061 -0.5123008
vn -0.7834345 0 -0.6214745
vn -0.7683809 -0.1528405 -0.6214745
vn -0.723799 -0.2998074 -0.6214746
vn -0.6514019 -0.4352529 -0.6214745
vn -0.5539717 -0.5539717 -0.6214745
vn -0.4352529 -0.6514021 -0.6214744
vn -0.2998074 -0.723799 -0.6214746
vn -0.1528404 -0.7683809 -0.6214745
vn 3.424501e-8 -0.7834345 -0.6214745
vn -0.7306737 0 -0.6827267
vn -0.716634 -0.1425474 -0.6827268
vn -0.6750546 -0.2796167 -0.6827267
vn -0.607533 -0.4059406 -0.6827268
vn -0.5166643 -0.5166643 -0.6827268
vn -0.4059406 -0.6075331 -0.6827267
vn -0.2796167 -0.6750546 -0.6827267
vn -0.1425473 -0.716634 -0.6827268
vn 3.193876e-8 -0.7306737 -0.6827267
vn -0.7218174 0 -0.6920835
vn -0.7079479 -0.1408196 -0.6920835
vn -0.6668724 -0.2762276 -0.6920835
vn -0.6001692 -0.4010203 -0.6920836
vn -0.510402 -0.510402 -0.6920835
vn -0.4010203 -0.6001693 -0.6920835
vn -0.2762276 -0.6668724 -0.6920835
vn -0.1408195 -0.7079477 -0.6920837
vn 3.155164e-8 -0.7218174 -0.6920835
vn -0.8006032 0 -0.5991949
vn -0.7852198 -0.1561899 -0.5991949
vn -0.7396609 -0.3063776 -0.5991948
vn -0.6656771 -0.4447913 -0.5991951
vn -0.566112 -0.566112 -0.5991949
vn -0.4447912 -0.6656772 -0.5991951
vn -0.3063776 -0.739661 -0.5991948
vn -0.1561898 -0.7852195 -0.5991954
vn 3.499548e-8 -0.8006032 -0.5991949
vn -1 0 0
vn -0.9807853 -0.1950903 0
vn -0.9238796 -0.3826835 0
vn -0.8314695 -0.5555702 -5.519093e-7
vn -0.7071068 -0.7071068 0
vn -0.5555702 -0.8314696 -5.519092e-7
vn -0.3826834 -0.9238796 0
vn -0.1950902 -0.9807853 -0.000001948645
vn 4.371139e-8 -1 0
vn 0.1921216 -0.9658602 -0.1737911
vn 0.37686 -0.9098204 -0.1737912
vn 0.5471159 -0.8188167 -0.173791
vn 0.6963464 -0.6963464 -0.173791
vn 0.8188168 -0.5471159 -0.173791
vn 0.9098204 -0.3768599 -0.1737912
vn 0.9658603 -0.1921215 -0.1737909
vn 0.1822421 -0.9161928 -0.3569014
vn 0.3574806 -0.8630347 -0.3569014
vn 0.5189816 -0.7767108 -0.3569013
vn 0.6605382 -0.6605382 -0.3569014
vn 0.7767109 -0.5189816 -0.3569013
vn 0.8630347 -0.3574806 -0.3569014
vn 0.9161929 -0.182242 -0.3569012
vn 0.9341421 4.083264e-8 -0.3569013
vn 0.1675448 -0.8423043 -0.5123008
vn 0.3286509 -0.7934333 -0.512301
vn 0.4771271 -0.7140712 -0.5123008
vn 0.6072676 -0.6072676 -0.512301
vn 0.7140712 -0.4771271 -0.5123007
vn 0.7934333 -0.3286508 -0.5123009
vn 0.8423044 -0.1675447 -0.5123007
vn 0.8588061 3.753961e-8 -0.5123008
vn 0.1528405 -0.7683809 -0.6214745
vn 0.2998074 -0.723799 -0.6214746
vn 0.4352529 -0.6514019 -0.6214745
vn 0.5539717 -0.5539717 -0.6214745
vn 0.6514021 -0.4352529 -0.6214744
vn 0.723799 -0.2998074 -0.6214746
vn 0.7683809 -0.1528404 -0.6214745
vn 0.7834345 3.424501e-8 -0.6214745
vn 0.1425474 -0.716634 -0.6827268
vn 0.2796167 -0.6750546 -0.6827267
vn 0.4059406 -0.607533 -0.6827268
vn 0.5166643 -0.5166643 -0.6827268
vn 0.6075331 -0.4059406 -0.6827267
vn 0.6750546 -0.2796167 -0.6827267
vn 0.716634 -0.1425473 -0.6827268
vn 0.7306737 3.193876e-8 -0.6827267
vn 0.1408196 -0.7079479 -0.6920835
vn 0.2762276 -0.6668724 -0.6920835
vn 0.4010203 -0.6001692 -0.6920836
vn 0.510402 -0.510402 -0.6920835
vn 0.6001693 -0.4010203 -0.6920835
vn 0.6668724 -0.2762276 -0.6920835
vn 0.7079477 -0.1408195 -0.6920837
vn 0.7218174 3.155164e-8 -0.6920835
vn 0.1561899 -0.7852198 -0.5991949
vn 0.3063776 -0.7396609 -0.5991948
vn 0.4447913 -0.6656771 -0.5991951
vn 0.566112 -0.566112 -0.5991949
vn 0.6656772 -0.4447912 -0.5991951
vn 0.739661 -0.3063776 -0.5991948
vn 0.7852195 -0.1561898 -0.5991954
vn 0.8006032 3.499548e-8 -0.5991949
vn 0.1950903 -0.9807853 0
vn 0.3826835 -0.9238796 0
vn 0.5555702 -0.8314695 -5.519093e-7
vn 0.7071068 -0.7071068 0
vn 0.8314696 -0.5555702 -5.519092e-7
vn 0.9238796 -0.3826834 0
vn 0.9807853 -0.1950902 -0.000001948645
vn 1 4.371139e-8 0
vn 0 0.9847826 -0.1737911
vn 0.1921216 0.9658602 -0.1737911
vn 0.37686 0.9098204 -0.1737912
vn 0.5471159 0.8188167 -0.173791
vn 0.6963464 0.6963464 -0.173791
vn 0.8188168 0.5471159 -0.173791
vn 0.9098204 0.3768599 -0.1737912
vn 0.9658603 0.1921215 -0.1737909
vn 0 0.9341421 -0.3569013
vn 0.1822421 0.9161928 -0.3569014
vn 0.3574806 0.8630347 -0.3569014
vn 0.5189816 0.7767108 -0.3569013
vn 0.6605382 0.6605382 -0.3569014
vn 0.7767109 0.5189816 -0.3569013
vn 0.8630347 0.3574806 -0.3569014
vn 0.9161929 0.182242 -0.3569012
vn 0 0.8588061 -0.5123008
vn 0.1675448 0.8423043 -0.5123008
vn 0.3286509 0.7934333 -0.512301
vn 0.4771271 0.7140712 -0.5123008
vn 0.6072676 0.6072676 -0.512301
vn 0.7140712 0.4771271 -0.5123007
vn 0.7934333 0.3286508 -0.5123009
vn 0.8423044 0.1675447 -0.5123007
vn 0 0.7834345 -0.6214745
vn 0.1528405 0.7683809 -0.6214745
vn 0.2998074 0.723799 -0.6214746
vn 0.4352529 0.6514019 -0.6214745
vn 0.5539717 0.5539717 -0.6214745
vn 0.6514021 0.4352529 -0.6214744
vn 0.723799 0.2998074 -0.6214746
vn 0.7683809 0.1528404 -0.6214745
vn 0 0.7306737 -0.6827267
vn 0.1425474 0.716634 -0.6827268
vn 0.2796167 0.6750546 -0.6827267
vn 0.4059406 0.607533 -0.6827268
vn 0.5166643 0.5166643 -0.6827268
vn 0.6075331 0.4059406 -0.6827267
vn 0.6750546 0.2796167 -0.6827267
vn 0.716634 0.1425473 -0.6827268
vn 0 0.7218174 -0.6920835
vn 0.1408196 0.7079479 -0.6920835
vn 0.2762276 0.6668724 -0.6920835
vn 0.4010203 0.6001692 -0.6920836
vn 0.510402 0.510402 -0.6920835
vn 0.6001693 0.4010203 -0.6920835
vn 0.6668724 0.2762276 -0.6920835
vn 0.7079477 0.1408195 -0.6920837
vn 0 0.8006032 -0.5991949
vn 0.1561899 0.7852198 -0.5991949
vn 0.3063776 0.7396609 -0.5991948
vn 0.4447913 0.6656771 -0.5991951
vn 0.566112 0.566112 -0.5991949
vn 0.6656772 0.4447912 -0.5991951
vn 0.739661 0.3063776 -0.5991948
vn 0.7852195 0.1561898 -0.5991954
vn 0 1 0
vn 0.1950903 0.9807853 0
vn 0.3826835 0.9238796 0
vn 0.5555702 0.8314695 -5.519093e-7
vn 0.7071068 0.7071068 0
vn 0.8314696 0.5555702 -5.519092e-7
vn 0.9238796 0.3826834 0
vn 0.9807853 0.1950902 -0.000001948645
vn -0.9658602 0.1921216 -0.1737911
vn -0.9098204 0.37686 -0.1737912
vn -0.8188167 0.5471159 -0.173791
vn -0.6963464 0.6963464 -0.173791
vn -0.5471159 0.8188168 -0.173791
vn -0.3768599 0.9098204 -0.1737912
vn -0.1921215 0.9658603 -0.1737909
vn -0.9161928 0.1822421 -0.3569014
vn -0.8630347 0.3574806 -0.3569014
vn -0.7767108 0.5189816 -0.3569013
vn -0.6605382 0.6605382 -0.3569014
vn -0.5189816 0.7767109 -0.3569013
vn -0.3574806 0.8630347 -0.3569014
vn -0.182242 0.9161929 -0.3569012
vn -0.8423043 0.1675448 -0.5123008
vn -0.7934333 0.3286509 -0.512301
vn -0.7140712 0.4771271 -0.5123008
vn -0.6072676 0.6072676 -0.512301
vn -0.4771271 0.7140712 -0.5123007
vn -0.3286508 0.7934333 -0.5123009
vn -0.1675447 0.8423044 -0.5123007
vn -0.7683809 0.1528405 -0.6214745
vn -0.723799 0.2998074 -0.6214746
vn -0.6514019 0.4352529 -0.6214745
vn -0.5539717 0.5539717 -0.6214745
vn -0.4352529 0.6514021 -0.6214744
vn -0.2998074 0.723799 -0.6214746
vn -0.1528404 0.7683809 -0.6214745
vn -0.716634 0.1425474 -0.6827268
vn -0.6750546 0.2796167 -0.6827267
vn -0.607533 0.4059406 -0.6827268
vn -0.5166643 0.5166643 -0.6827268
vn -0.4059406 0.6075331 -0.6827267
vn -0.2796167 0.6750546 -0.6827267
vn -0.1425473 0.716634 -0.6827268
vn -0.7079479 0.1408196 -0.6920835
vn -0.6668724 0.2762276 -0.6920835
vn -0.6001692 0.4010203 -0.6920836
vn -0.510402 0.510402 -0.6920835
vn -0.4010203 0.6001693 -0.6920835
vn -0.2762276 0.6668724 -0.6920835
vn -0.1408195 0.7079477 -0.6920837
vn -0.7852198 0.1561899 -0.5991949
vn -0.7396609 0.3063776 -0.5991948
vn -0.6656771 0.4447913 -0.5991951
vn -0.566112 0.566112 -0.5991949
vn -0.4447912 0.6656772 -0.5991951
vn -0.3063776 0.739661 -0.5991948
vn -0.1561898 0.7852195 -0.5991954
vn -0.9807853 0.1950903 0
vn -0.9238796 0.3826835 0
vn -0.8314695 0.5555702 -5.519093e-7
vn -0.7071068 0.7071068 0
vn -0.5555702 0.8314696 -5.519092e-7
vn -0.3826834 0.9238796 0
vn -0.1950902 0.9807853 -0.000001948645
vn -0.9307515 0 -0.3656524
vn -0.9128674 -0.1815806 -0.3656524
vn -0.8599022 -0.3561833 -0.3656524
vn -0.7738915 -0.5170978 -0.3656525
vn -0.6581407 -0.6581407 -0.3656523
vn -0.5170977 -0.7738916 -0.3656525
vn -0.3561833 -0.8599022 -0.3656524
vn -0.1815805 -0.9128674 -0.3656524
vn 4.068444e-8 -0.9307515 -0.3656524
vn -0.624695 0 -0.7808688
vn -0.6126917 -0.121872 -0.7808688
vn -0.577143 -0.2390605 -0.7808688
vn -0.5194149 -0.3470619 -0.7808689
vn -0.4417261 -0.4417261 -0.7808688
vn -0.3470619 -0.5194149 -0.7808689
vn -0.2390605 -0.577143 -0.7808688
vn -0.1218719 -0.6126918 -0.7808688
vn 2.730628e-8 -0.624695 -0.7808688
vn -0.3427436 0 -0.939429
vn -0.3361579 -0.06686597 -0.939429
vn -0.3166538 -0.1311623 -0.939429
vn -0.2849808 -0.1904181 -0.939429
vn -0.2423564 -0.2423564 -0.939429
vn -0.1904181 -0.2849808 -0.939429
vn -0.1311623 -0.3166538 -0.939429
vn -0.06686592 -0.3361579 -0.939429
vn 1.49818e-8 -0.3427436 -0.939429
vn -0.1871121 0 -0.9823386
vn -0.1835168 -0.03650377 -0.9823386
vn -0.1728691 -0.07160471 -0.9823386
vn -0.155578 -0.1039539 -0.9823385
vn -0.1323082 -0.1323082 -0.9823386
vn -0.1039539 -0.155578 -0.9823386
vn -0.07160471 -0.1728691 -0.9823386
vn -0.03650375 -0.1835168 -0.9823385
vn 8.17893e-9 -0.1871121 -0.9823386
vn -0.1024287 0 -0.9947403
vn -0.1004606 -0.01998286 -0.9947403
vn -0.0946318 -0.03919778 -0.9947403
vn -0.08516636 -0.05690634 -0.9947403
vn -0.07242803 -0.07242803 -0.9947403
vn -0.05690634 -0.08516636 -0.9947403
vn -0.03919778 -0.0946318 -0.9947403
vn -0.01998284 -0.1004606 -0.9947403
vn 4.4773e-9 -0.1024287 -0.9947403
vn -0.05265754 0 -0.9986126
vn -0.05164574 -0.01027298 -0.9986126
vn -0.04864923 -0.02015118 -0.9986126
vn -0.04378315 -0.02925496 -0.9986126
vn -0.03723451 -0.03723451 -0.9986126
vn -0.02925496 -0.04378315 -0.9986126
vn -0.02015118 -0.04864923 -0.9986126
vn -0.01027297 -0.05164575 -0.9986126
vn 2.301734e-9 -0.05265754 -0.9986126
vn -0.02115928 0 -0.9997761
vn -0.02075272 -0.004127973 -0.9997761
vn -0.01954863 -0.00809731 -0.9997761
vn -0.0175933 -0.01175547 -0.9997761
vn -0.01496187 -0.01496187 -0.9997761
vn -0.01175547 -0.0175933 -0.9997761
vn -0.00809731 -0.01954863 -0.9997761
vn -0.00412797 -0.02075271 -0.9997761
vn 9.249016e-10 -0.02115928 -0.9997761
vn 0 0 -1
vn 0.1815806 -0.9128674 -0.3656524
vn 0.3561833 -0.8599022 -0.3656524
vn 0.5170978 -0.7738915 -0.3656525
vn 0.6581407 -0.6581407 -0.3656523
vn 0.7738916 -0.5170977 -0.3656525
vn 0.8599022 -0.3561833 -0.3656524
vn 0.9128674 -0.1815805 -0.3656524
vn 0.9307515 4.068444e-8 -0.3656524
vn 0.121872 -0.6126917 -0.7808688
vn 0.2390605 -0.577143 -0.7808688
vn 0.3470619 -0.5194149 -0.7808689
vn 0.4417261 -0.4417261 -0.7808688
vn 0.5194149 -0.3470619 -0.7808689
vn 0.577143 -0.2390605 -0.7808688
vn 0.6126918 -0.1218719 -0.7808688
vn 0.624695 2.730628e-8 -0.7808688
vn 0.06686597 -0.3361579 -0.939429
vn 0.1311623 -0.3166538 -0.939429
vn 0.1904181 -0.2849808 -0.939429
vn 0.2423564 -0.2423564 -0.939429
vn 0.2849808 -0.1904181 -0.939429
vn 0.3166538 -0.1311623 -0.939429
vn 0.3361579 -0.06686592 -0.939429
vn 0.3427436 1.49818e-8 -0.939429
vn 0.03650377 -0.1835168 -0.9823386
vn 0.07160471 -0.1728691 -0.9823386
vn 0.1039539 -0.155578 -0.9823385
vn 0.1323082 -0.1323082 -0.9823386
vn 0.155578 -0.1039539 -0.9823386
vn 0.1728691 -0.07160471 -0.9823386
vn 0.1835168 -0.03650375 -0.9823385
vn 0.1871121 8.17893e-9 -0.9823386
vn 0.01998286 -0.1004606 -0.9947403
vn 0.03919778 -0.0946318 -0.9947403
vn 0.05690634 -0.08516636 -0.9947403
vn 0.07242803 -0.07242803 -0.9947403
vn 0.08516636 -0.05690634 -0.9947403
vn 0.0946318 -0.03919778 -0.9947403
vn 0.1004606 -0.01998284 -0.9947403
vn 0.1024287 4.4773e-9 -0.9947403
vn 0.01027298 -0.05164574 -0.9986126
vn 0.02015118 -0.04864923 -0.9986126
vn 0.02925496 -0.04378315 -0.9986126
vn 0.03723451 -0.03723451 -0.9986126
vn 0.04378315 -0.02925496 -0.9986126
vn 0.04864923 -0.02015118 -0.9986126
vn 0.05164575 -0.01027297 -0.9986126
vn 0.05265754 2.301734e-9 -0.9986126
vn 0.004127973 -0.02075272 -0.9997761
vn 0.00809731 -0.01954863 -0.9997761
vn 0.01175547 -0.0175933 -0.9997761
vn 0.01496187 -0.01496187 -0.9997761
vn 0.0175933 -0.01175547 -0.9997761
vn 0.01954863 -0.00809731 -0.9997761
vn 0.02075271 -0.00412797 -0.9997761
vn 0.02115928 9.249016e-10 -0.9997761
vn 0 0.9307515 -0.3656524
vn 0.1815806 0.9128674 -0.3656524
vn 0.3561833 0.8599022 -0.3656524
vn 0.5170978 0.7738915 -0.3656525
vn 0.6581407 0.6581407 -0.3656523
vn 0.7738916 0.5170977 -0.3656525
vn 0.8599022 0.3561833 -0.3656524
vn 0.9128674 0.1815805 -0.3656524
vn 0 0.624695 -0.7808688
vn 0.121872 0.6126917 -0.7808688
vn 0.2390605 0.577143 -0.7808688
vn 0.3470619 0.5194149 -0.7808689
vn 0.4417261 0.4417261 -0.7808688
vn 0.5194149 0.3470619 -0.7808689
vn 0.577143 0.2390605 -0.7808688
vn 0.6126918 0.1218719 -0.7808688
vn 0 0.3427436 -0.939429
vn 0.06686597 0.3361579 -0.939429
vn 0.1311623 0.3166538 -0.939429
vn 0.1904181 0.2849808 -0.939429
vn 0.2423564 0.2423564 -0.939429
vn 0.2849808 0.1904181 -0.939429
vn 0.3166538 0.1311623 -0.939429
vn 0.3361579 0.06686592 -0.939429
vn 0 0.1871121 -0.9823386
vn 0.03650377 0.1835168 -0.9823386
vn 0.07160471 0.1728691 -0.9823386
vn 0.1039539 0.155578 -0.9823385
vn 0.1323082 0.1323082 -0.9823386
vn 0.155578 0.1039539 -0.9823386
vn 0.1728691 0.07160471 -0.9823386
vn 0.1835168 0.03650375 -0.9823385
vn 0 0.1024287 -0.9947403
vn 0.01998286 0.1004606 -0.9947403
vn 0.03919778 0.0946318 -0.9947403
vn 0.05690634 0.08516636 -0.9947403
vn 0.07242803 0.07242803 -0.9947403
vn 0.08516636 0.05690634 -0.9947403
vn 0.0946318 0.03919778 -0.9947403
vn 0.1004606 0.01998284 -0.9947403
vn 0 0.05265754 -0.9986126
vn 0.01027298 0.05164574 -0.9986126
vn 0.02015118 0.04864923 -0.9986126
vn 0.02925496 0.04378315 -0.9986126
vn 0.03723451 0.03723451 -0.9986126
vn 0.04378315 0.02925496 -0.9986126
vn 0.04864923 0.02015118 -0.9986126
vn 0.05164575 0.01027297 -0.9986126
vn 0 0.02115928 -0.9997761
vn 0.004127973 0.02075272 -0.9997761
vn 0.00809731 0.01954863 -0.9997761
vn 0.01175547 0.0175933 -0.9997761
vn 0.01496187 0.01496187 -0.9997761
vn 0.0175933 0.01175547 -0.9997761
vn 0.01954863 0.00809731 -0.9997761
vn 0.02075271 0.00412797 -0.9997761
vn -0.9128674 0.1815806 -0.3656524
vn -0.8599022 0.3561833 -0.3656524
vn -0.7738915 0.5170978 -0.3656525
vn -0.6581407 0.6581407 -0.3656523
vn -0.5170977 0.7738916 -0.3656525
vn -0.3561833 0.8599022 -0.3656524
vn -0.1815805 0.9128674 -0.3656524
vn -0.6126917 0.121872 -0.7808688
vn -0.577143 0.2390605 -0.7808688
vn -0.5194149 0.3470619 -0.7808689
vn -0.4417261 0.4417261 -0.7808688
vn -0.3470619 0.5194149 -0.7808689
vn -0.2390605 0.577143 -0.7808688
vn -0.1218719 0.6126918 -0.7808688
vn -0.3361579 0.06686597 -0.939429
vn -0.3166538 0.1311623 -0.939429
vn -0.2849808 0.1904181 -0.939429
vn -0.2423564 0.2423564 -0.939429
vn -0.1904181 0.2849808 -0.939429
vn -0.1311623 0.3166538 -0.939429
vn -0.06686592 0.3361579 -0.939429
vn -0.1835168 0.03650377 -0.9823386
vn -0.1728691 0.07160471 -0.9823386
vn -0.155578 0.1039539 -0.9823385
vn -0.1323082 0.1323082 -0.9823386
vn -0.1039539 0.155578 -0.9823386
vn -0.07160471 0.1728691 -0.9823386
vn -0.03650375 0.1835168 -0.9823385
vn -0.1004606 0.01998286 -0.9947403
vn -0.0946318 0.03919778 -0.9947403
vn -0.08516636 0.05690634 -0.9947403
vn -0.07242803 0.07242803 -0.9947403
vn -0.05690634 0.08516636 -0.9947403
vn -0.03919778 0.0946318 -0.9947403
vn -0.01998284 0.1004606 -0.9947403
vn -0.05164574 0.01027298 -0.9986126
vn -0.04864923 0.02015118 -0.9986126
vn -0.04378315 0.02925496 -0.9986126
vn -0.03723451 0.03723451 -0.9986126
vn -0.02925496 0.04378315 -0.9986126
vn -0.02015118 0.04864923 -0.9986126
vn -0.01027297 0.05164575 -0.9986126
vn -0.02075272 0.004127973 -0.9997761
vn -0.01954863 0.00809731 -0.9997761
vn -0.0175933 0.01175547 -0.9997761
vn -0.01496187 0.01496187 -0.9997761
vn -0.01175547 0.0175933 -0.9997761
vn -0.00809731 0.01954863 -0.9997761
vn -0.00412797 0.02075271 -0.9997761
vn 0.3534444 0 -0.9354555
vn 0.3177477 0.4349329 -0.8425377
vn 0.2153008 0.7795284 -0.5882016
vn 0.08710106 0.9529286 -0.2904142
vn -0.04577272 0.998927 -0.007044149
vn -0.1880042 0.9437638 0.2719639
vn -0.3402638 0.7601512 0.5535256
vn -0.4668854 0.4158369 0.7804472
vn -0.5114716 0 0.8593002
vn 0.6913609 0 -0.7225096
vn 0.6350655 0.3756971 -0.6749397
vn 0.4522088 0.7275617 -0.515908
vn 0.1868161 0.941409 -0.2808005
vn -0.0965572 0.9949286 -0.02817474
vn -0.3688424 0.904402 0.2145052
vn -0.603902 0.6746141 0.4244976
vn -0.7544632 0.3410531 0.5607745
vn -0.7986215 0 0.6018335
vn 0.8926369 0 -0.4507763
vn 0.8433359 0.3101576 -0.4388471
vn 0.6530524 0.6557603 -0.3788153
vn 0.2987914 0.9226426 -0.2438326
vn -0.1300637 0.9898096 -0.05796943
vn -0.5074474 0.8529512 0.1223577
vn -0.7675303 0.5869974 0.257549
vn -0.9005826 0.2795323 0.3328854
vn -0.9351034 0 0.354375
vn 0.9600551 0 -0.2798111
vn 0.9165493 0.2841988 -0.2813689
vn 0.7367222 0.6209648 -0.2676621
vn 0.36333 0.9092586 -0.2030766
vn -0.1217542 0.9891091 -0.08269853
vn -0.5406104 0.8398831 0.04833947
vn -0.8106079 0.5661405 0.1496657
vn -0.9412987 0.2662627 0.2075116
vn -0.9744188 0 0.2247399
vn 0.9713258 0 -0.2377523
vn 0.9196026 0.3092952 -0.2422137
vn 0.7210156 0.6513994 -0.2362526
vn 0.3578724 0.9146252 -0.1881167
vn -0.07906515 0.9925132 -0.09309173
vn -0.4773089 0.8784248 0.02336869
vn -0.7713917 0.6230133 0.1296505
vn -0.9320897 0.3026469 0.1990313
vn -0.9752463 0 0.2211214
vn 0.9505106 0 -0.310692
vn 0.8755708 0.3726657 -0.307402
vn 0.6393449 0.717884 -0.2754641
vn 0.3097597 0.929379 -0.2007578
vn -0.03334632 0.9953029 -0.09088549
vn -0.3665803 0.9292604 0.04575983
vn -0.6693541 0.7175262 0.1926685
vn -0.8758441 0.3726616 0.3066275
vn -0.938337 0 0.3457218
vn 0.8747519 0 -0.4845712
vn 0.7739177 0.4434568 -0.4521034
vn 0.5224598 0.7756015 -0.3542289
vn 0.2494507 0.9420649 -0.2242498
vn -0.006042531 0.997398 -0.07183757
vn -0.2631226 0.9578605 0.1151941
vn -0.5274912 0.7804666 0.3355963
vn -0.7356778 0.4259938 0.5265998
vn -0.8037575 0 0.5949569
vn 0.7071065 0 -0.7071071
vn -0.5144957 0 0.857493
vn 0.2622038 0 -0.9650126
vn 0.2282988 0.4523341 -0.8621331
vn 0.2186379 0.5242723 -0.8230042
vn 0.1584601 0.7927236 -0.5886253
vn 0.09214765 0.9262851 -0.365383
vn 0.06855445 0.9557346 -0.2861324
vn -0.03174782 0.999484 -0.0048858
vn -0.03685306 0.9992935 0.007371754
vn -0.1408082 0.9513412 0.2740859
vn -0.1802979 0.9117192 0.3691351
vn -0.2520554 0.7834832 0.5679983
vn -0.3364182 0.5005379 0.7976745
vn -0.3449744 0.4434462 0.8272533
vn -0.3821602 0 0.9240962
vn -0.1692223 -2.802009e-8 -0.9855779
vn -0.7603629 -3.216568e-8 -0.6494984
vn -0.9665848 -4.225075e-8 -0.256347
vn -0.1780043 0.4430382 -0.8786533
vn -0.7593085 0.2700893 -0.5920324
vn -0.9628269 0.08840887 -0.2552414
vn -0.1700319 0.5127638 -0.8415239
vn -0.7519215 0.3146661 -0.5793092
vn -0.9619488 0.1001832 -0.2542002
vn -0.2017839 0.7650226 -0.6115748
vn -0.7622368 0.4631189 -0.4522344
vn -0.9600766 0.1496011 -0.2363735
vn -0.2294411 0.8892439 -0.3957297
vn -0.7695214 0.5423415 -0.3371982
vn -0.9608933 0.1741498 -0.215304
vn -0.2526831 0.9136794 -0.3183412
vn -0.7817706 0.5527262 -0.288667
vn -0.9624935 0.1824229 -0.2008189
vn -0.3325803 0.9420813 -0.04327976
vn -0.8213297 0.5582069 -0.1175696
vn -0.9715819 0.1922169 -0.1381353
vn -0.3359377 0.9413632 -0.03132169
vn -0.8228794 0.5574098 -0.1102902
vn -0.9720698 0.19169 -0.1354076
vn -0.4365267 0.8701571 0.2286287
vn -0.8719875 0.4849594 0.06672517
vn -0.9828306 0.1818958 -0.03095001
vn -0.4643462 0.8265344 0.3181565
vn -0.8827937 0.4536524 0.1219629
vn -0.9852359 0.1712024 5.525511e-7
vn -0.5440946 0.6782144 0.4939499
vn -0.9110737 0.339096 0.2344323
vn -0.9835203 0.1475755 0.1044469
vn -0.6105295 0.4122148 0.6762637
vn -0.9244547 0.1899871 0.330588
vn -0.9751157 0.09425902 0.2006601
vn -0.6179988 0.3618985 0.6979305
vn -0.924324 0.1642968 0.3444298
vn -0.9715213 0.08559746 0.2209512
vn -0.6431761 0 0.7657182
vn -0.9250995 0 0.3797248
vn -0.9631023 0 0.2691358
vn 0.3177477 -0.4349329 -0.8425377
vn 0.2153008 -0.7795284 -0.5882016
vn 0.08710106 -0.9529286 -0.2904142
vn -0.04577272 -0.998927 -0.007044149
vn -0.1880042 -0.9437638 0.2719639
vn -0.3402638 -0.7601512 0.5535256
vn -0.4668854 -0.4158369 0.7804472
vn 0.6350655 -0.3756971 -0.6749397
vn 0.4522088 -0.7275617 -0.515908
vn 0.1868161 -0.941409 -0.2808005
vn -0.0965572 -0.9949286 -0.02817474
vn -0.3688424 -0.904402 0.2145052
vn -0.603902 -0.6746141 0.4244976
vn -0.7544632 -0.3410531 0.5607745
vn 0.8433359 -0.3101576 -0.4388471
vn 0.6530524 -0.6557603 -0.3788153
vn 0.2987914 -0.9226426 -0.2438326
vn -0.1300637 -0.9898096 -0.05796943
vn -0.5074474 -0.8529512 0.1223577
vn -0.7675303 -0.5869974 0.257549
vn -0.9005826 -0.2795323 0.3328854
vn 0.9165493 -0.2841988 -0.2813689
vn 0.7367222 -0.6209648 -0.2676621
vn 0.36333 -0.9092586 -0.2030766
vn -0.1217542 -0.9891091 -0.08269853
vn -0.5406104 -0.8398831 0.04833947
vn -0.8106079 -0.5661405 0.1496657
vn -0.9412987 -0.2662627 0.2075116
vn 0.9196026 -0.3092952 -0.2422137
vn 0.7210156 -0.6513994 -0.2362526
vn 0.3578724 -0.9146252 -0.1881167
vn -0.07906515 -0.9925132 -0.09309173
vn -0.4773089 -0.8784248 0.02336869
vn -0.7713917 -0.6230133 0.1296505
vn -0.9320897 -0.3026469 0.1990313
vn 0.8755708 -0.3726657 -0.307402
vn 0.6393449 -0.717884 -0.2754641
vn 0.3097597 -0.929379 -0.2007578
vn -0.03334632 -0.9953029 -0.09088549
vn -0.3665803 -0.9292604 0.04575983
vn -0.6693541 -0.7175262 0.1926685
vn -0.8758441 -0.3726616 0.3066275
vn 0.7739177 -0.4434568 -0.4521034
vn 0.5224598 -0.7756015 -0.3542289
vn 0.2494507 -0.9420649 -0.2242498
vn -0.006042531 -0.997398 -0.07183757
vn -0.2631226 -0.9578605 0.1151941
vn -0.5274912 -0.7804666 0.3355963
vn -0.7356778 -0.4259938 0.5265998
vn 0.6126953 -0.4765409 -0.6304865
vn 0.4009005 -0.8018011 -0.4431632
vn 0.1907919 -0.9539599 -0.231428
vn 0 -1 0
vn -0.1885615 -0.9428075 0.2748792
vn -0.3664876 -0.7329755 0.5730914
vn -0.4828432 -0.3755448 0.7910932
vn 0.2282988 -0.4523341 -0.8621331
vn 0.2186379 -0.5242723 -0.8230042
vn 0.1584601 -0.7927236 -0.5886253
vn 0.09214765 -0.9262851 -0.365383
vn 0.06855445 -0.9557346 -0.2861324
vn -0.03174782 -0.999484 -0.0048858
vn -0.03685306 -0.9992935 0.007371754
vn -0.1408082 -0.9513412 0.2740859
vn -0.1802979 -0.9117192 0.3691351
vn -0.2520554 -0.7834832 0.5679983
vn -0.3364182 -0.5005379 0.7976745
vn -0.3449744 -0.4434462 0.8272533
vn -0.1780043 -0.4430382 -0.8786533
vn -0.7593085 -0.2700893 -0.5920324
vn -0.9628269 -0.08840887 -0.2552414
vn -0.1700319 -0.5127638 -0.8415239
vn -0.7519215 -0.3146661 -0.5793092
vn -0.9619488 -0.1001832 -0.2542002
vn -0.2017839 -0.7650226 -0.6115748
vn -0.7622368 -0.4631189 -0.4522344
vn -0.9600766 -0.1496011 -0.2363735
vn -0.2294411 -0.8892439 -0.3957297
vn -0.7695214 -0.5423415 -0.3371982
vn -0.9608933 -0.1741498 -0.215304
vn -0.2526831 -0.9136794 -0.3183412
vn -0.7817706 -0.5527262 -0.288667
vn -0.9624935 -0.1824229 -0.2008189
vn -0.3325803 -0.9420813 -0.04327976
vn -0.8213297 -0.5582069 -0.1175696
vn -0.9715819 -0.1922169 -0.1381353
vn -0.3359377 -0.9413632 -0.03132169
vn -0.8228794 -0.5574098 -0.1102902
vn -0.9720698 -0.19169 -0.1354076
vn -0.4365267 -0.8701571 0.2286287
vn -0.8719875 -0.4849594 0.06672517
vn -0.9828306 -0.1818958 -0.03095001
vn -0.4643462 -0.8265344 0.3181565
vn -0.8827937 -0.4536524 0.1219629
vn -0.9852359 -0.1712024 5.525511e-7
vn -0.5440946 -0.6782144 0.4939499
vn -0.9110737 -0.339096 0.2344323
vn -0.9835203 -0.1475755 0.1044469
vn -0.6105295 -0.4122148 0.6762637
vn -0.9244547 -0.1899871 0.330588
vn -0.9751157 -0.09425902 0.2006601
vn -0.6179988 -0.3618985 0.6979305
vn -0.924324 -0.1642968 0.3444298
vn -0.9715213 -0.08559746 0.2209512
vn 0 0 1
vn 0.003909509 0 0.9999924
vn 0.003834389 0.0007627075 0.9999924
vn 0.003611915 0.001496105 0.9999924
vn 0.003250635 0.002172005 0.9999924
vn 0.002764437 0.002764437 0.9999924
vn 0.002172004 0.003250635 0.9999924
vn 0.001496105 0.003611915 0.9999924
vn 0.000762708 0.003834394 0.9999924
vn -1.708901e-10 0.003909509 0.9999924
vn 0.01470997 0 0.9998918
vn 0.01442732 0.002869772 0.9998918
vn 0.01359024 0.00562926 0.9998918
vn 0.01223087 0.008172411 0.9998918
vn 0.01040151 0.01040151 0.9998918
vn 0.008172409 0.01223087 0.9998918
vn 0.00562926 0.01359024 0.9998918
vn 0.002869773 0.01442733 0.9998918
vn -6.42993e-10 0.01470997 0.9998918
vn 0.03100237 0 0.9995193
vn 0.03040667 0.006048263 0.9995193
vn 0.02864245 0.01186409 0.9995193
vn 0.02577751 0.01722399 0.9995193
vn 0.02192197 0.02192197 0.9995193
vn 0.01722398 0.02577751 0.9995193
vn 0.01186409 0.02864245 0.9995193
vn 0.006048263 0.03040669 0.9995193
vn -1.355157e-9 0.03100237 0.9995193
vn 0.05193802 0 0.9986504
vn 0.05094004 0.01013261 0.9986504
vn 0.04798447 0.01987582 0.9986504
vn 0.04318487 0.02885521 0.9986504
vn 0.03672572 0.03672572 0.9986504
vn 0.0288552 0.04318487 0.9986504
vn 0.01987582 0.04798447 0.9986504
vn 0.0101326 0.05094006 0.9986504
vn -2.270283e-9 0.05193802 0.9986504
vn 0.07884528 0 0.9968868
vn 0.07733029 0.01538195 0.9968868
vn 0.07284354 0.03017278 0.9968868
vn 0.06555746 0.0438041 0.9968868
vn 0.05575205 0.05575205 0.9968868
vn 0.04380409 0.06555746 0.9968868
vn 0.03017278 0.07284354 0.9968868
vn 0.01538194 0.07733029 0.9968868
vn -3.446436e-9 0.07884528 0.9968868
vn 0.1180667 0 0.9930056
vn 0.1157981 0.02303367 0.9930057
vn 0.1090794 0.04518218 0.9930057
vn 0.09816889 0.06559437 0.9930057
vn 0.0834858 0.0834858 0.9930057
vn 0.06559438 0.09816891 0.9930057
vn 0.04518217 0.1090794 0.9930056
vn 0.02303365 0.115798 0.9930057
vn -5.160859e-9 0.1180667 0.9930056
vn 0.1827886 0 0.9831522
vn 0.1792763 0.03566028 0.9831522
vn 0.1688746 0.06995018 0.9831522
vn 0.1519832 0.1015519 0.9831522
vn 0.1292511 0.1292511 0.9831522
vn 0.1015519 0.1519832 0.9831522
vn 0.06995017 0.1688746 0.9831522
vn 0.03566025 0.1792763 0.9831522
vn -7.989943e-9 0.1827886 0.9831522
vn 0.287348 0 0.9578263
vn 0.2818266 0.05605881 0.9578263
vn 0.2654749 0.1099633 0.9578263
vn 0.2389211 0.159642 0.9578263
vn 0.2031857 0.2031857 0.9578263
vn 0.159642 0.2389211 0.9578263
vn 0.1099633 0.2654749 0.9578263
vn 0.05605877 0.2818266 0.9578263
vn -1.256038e-8 0.287348 0.9578263
vn -0.0007627075 0.003834389 0.9999924
vn -0.001496105 0.003611915 0.9999924
vn -0.002172005 0.003250635 0.9999924
vn -0.002764437 0.002764437 0.9999924
vn -0.003250635 0.002172004 0.9999924
vn -0.003611915 0.001496105 0.9999924
vn -0.003834394 0.000762708 0.9999924
vn -0.003909509 -1.708901e-10 0.9999924
vn -0.002869772 0.01442732 0.9998918
vn -0.00562926 0.01359024 0.9998918
vn -0.008172411 0.01223087 0.9998918
vn -0.01040151 0.01040151 0.9998918
vn -0.01223087 0.008172409 0.9998918
vn -0.01359024 0.00562926 0.9998918
vn -0.01442733 0.002869773 0.9998918
vn -0.01470997 -6.42993e-10 0.9998918
vn -0.006048263 0.03040667 0.9995193
vn -0.01186409 0.02864245 0.9995193
vn -0.01722399 0.02577751 0.9995193
vn -0.02192197 0.02192197 0.9995193
vn -0.02577751 0.01722398 0.9995193
vn -0.02864245 0.01186409 0.9995193
vn -0.03040669 0.006048263 0.9995193
vn -0.03100237 -1.355157e-9 0.9995193
vn -0.01013261 0.05094004 0.9986504
vn -0.01987582 0.04798447 0.9986504
vn -0.02885521 0.04318487 0.9986504
vn -0.03672572 0.03672572 0.9986504
vn -0.04318487 0.0288552 0.9986504
vn -0.04798447 0.01987582 0.9986504
vn -0.05094006 0.0101326 0.9986504
vn -0.05193802 -2.270283e-9 0.9986504
vn -0.01538195 0.07733029 0.9968868
vn -0.03017278 0.07284354 0.9968868
vn -0.0438041 0.06555746 0.9968868
vn -0.05575205 0.05575205 0.9968868
vn -0.06555746 0.04380409 0.9968868
vn -0.07284354 0.03017278 0.9968868
vn -0.07733029 0.01538194 0.9968868
vn -0.07884528 -3.446436e-9 0.9968868
vn -0.02303367 0.1157981 0.9930057
vn -0.04518218 0.1090794 0.9930057
vn -0.06559437 0.09816889 0.9930057
vn -0.0834858 0.0834858 0.9930057
vn -0.09816891 0.06559438 0.9930057
vn -0.1090794 0.04518217 0.9930056
vn -0.115798 0.02303365 0.9930057
vn -0.1180667 -5.160859e-9 0.9930056
vn -0.03566028 0.1792763 0.9831522
vn -0.06995018 0.1688746 0.9831522
vn -0.1015519 0.1519832 0.9831522
vn -0.1292511 0.1292511 0.9831522
vn -0.1519832 0.1015519 0.9831522
vn -0.1688746 0.06995017 0.9831522
vn -0.1792763 0.03566025 0.9831522
vn -0.1827886 -7.989943e-9 0.9831522
vn -0.05605881 0.2818266 0.9578263
vn -0.1099633 0.2654749 0.9578263
vn -0.159642 0.2389211 0.9578263
vn -0.2031857 0.2031857 0.9578263
vn -0.2389211 0.159642 0.9578263
vn -0.2654749 0.1099633 0.9578263
vn -0.2818266 0.05605877 0.9578263
vn -0.287348 -1.256038e-8 0.9578263
vn 0 -0.003909509 0.9999924
vn -0.0007627075 -0.003834389 0.9999924
vn -0.001496105 -0.003611915 0.9999924
vn -0.002172005 -0.003250635 0.9999924
vn -0.002764437 -0.002764437 0.9999924
vn -0.003250635 -0.002172004 0.9999924
vn -0.003611915 -0.001496105 0.9999924
vn -0.003834394 -0.000762708 0.9999924
vn 0 -0.01470997 0.9998918
vn -0.002869772 -0.01442732 0.9998918
vn -0.00562926 -0.01359024 0.9998918
vn -0.008172411 -0.01223087 0.9998918
vn -0.01040151 -0.01040151 0.9998918
vn -0.01223087 -0.008172409 0.9998918
vn -0.01359024 -0.00562926 0.9998918
vn -0.01442733 -0.002869773 0.9998918
vn 0 -0.03100237 0.9995193
vn -0.006048263 -0.03040667 0.9995193
vn -0.01186409 -0.02864245 0.9995193
vn -0.01722399 -0.02577751 0.9995193
vn -0.02192197 -0.02192197 0.9995193
vn -0.02577751 -0.01722398 0.9995193
vn -0.02864245 -0.01186409 0.9995193
vn -0.03040669 -0.006048263 0.9995193
vn 0 -0.05193802 0.9986504
vn -0.01013261 -0.05094004 0.9986504
vn -0.01987582 -0.04798447 0.9986504
vn -0.02885521 -0.04318487 0.9986504
vn -0.03672572 -0.03672572 0.9986504
vn -0.04318487 -0.0288552 0.9986504
vn -0.04798447 -0.01987582 0.9986504
vn -0.05094006 -0.0101326 0.9986504
vn 0 -0.07884528 0.9968868
vn -0.01538195 -0.07733029 0.9968868
vn -0.03017278 -0.07284354 0.9968868
vn -0.0438041 -0.06555746 0.9968868
vn -0.05575205 -0.05575205 0.9968868
vn -0.06555746 -0.04380409 0.9968868
vn -0.07284354 -0.03017278 0.9968868
vn -0.07733029 -0.01538194 0.9968868
vn 0 -0.1180667 0.9930056
vn -0.02303367 -0.1157981 0.9930057
vn -0.04518218 -0.1090794 0.9930057
vn -0.06559437 -0.09816889 0.9930057
vn -0.0834858 -0.0834858 0.9930057
vn -0.09816891 -0.06559438 0.9930057
vn -0.1090794 -0.04518217 0.9930056
vn -0.115798 -0.02303365 0.9930057
vn 0 -0.1827886 0.9831522
vn -0.03566028 -0.1792763 0.9831522
vn -0.06995018 -0.1688746 0.9831522
vn -0.1015519 -0.1519832 0.9831522
vn -0.1292511 -0.1292511 0.9831522
vn -0.1519832 -0.1015519 0.9831522
vn -0.1688746 -0.06995017 0.9831522
vn -0.1792763 -0.03566025 0.9831522
vn 0 -0.287348 0.9578263
vn -0.05605881 -0.2818266 0.9578263
vn -0.1099633 -0.2654749 0.9578263
vn -0.159642 -0.2389211 0.9578263
vn -0.2031857 -0.2031857 0.9578263
vn -0.2389211 -0.159642 0.9578263
vn -0.2654749 -0.1099633 0.9578263
vn -0.2818266 -0.05605877 0.9578263
vn 0.003834389 -0.0007627075 0.9999924
vn 0.003611915 -0.001496105 0.9999924
vn 0.003250635 -0.002172005 0.9999924
vn 0.002764437 -0.002764437 0.9999924
vn 0.002172004 -0.003250635 0.9999924
vn 0.001496105 -0.003611915 0.9999924
vn 0.000762708 -0.003834394 0.9999924
vn 0.01442732 -0.002869772 0.9998918
vn 0.01359024 -0.00562926 0.9998918
vn 0.01223087 -0.008172411 0.9998918
vn 0.01040151 -0.01040151 0.9998918
vn 0.008172409 -0.01223087 0.9998918
vn 0.00562926 -0.01359024 0.9998918
vn 0.002869773 -0.01442733 0.9998918
vn 0.03040667 -0.006048263 0.9995193
vn 0.02864245 -0.01186409 0.9995193
vn 0.02577751 -0.01722399 0.9995193
vn 0.02192197 -0.02192197 0.9995193
vn 0.01722398 -0.02577751 0.9995193
vn 0.01186409 -0.02864245 0.9995193
vn 0.006048263 -0.03040669 0.9995193
vn 0.05094004 -0.01013261 0.9986504
vn 0.04798447 -0.01987582 0.9986504
vn 0.04318487 -0.02885521 0.9986504
vn 0.03672572 -0.03672572 0.9986504
vn 0.0288552 -0.04318487 0.9986504
vn 0.01987582 -0.04798447 0.9986504
vn 0.0101326 -0.05094006 0.9986504
vn 0.07733029 -0.01538195 0.9968868
vn 0.07284354 -0.03017278 0.9968868
vn 0.06555746 -0.0438041 0.9968868
vn 0.05575205 -0.05575205 0.9968868
vn 0.04380409 -0.06555746 0.9968868
vn 0.03017278 -0.07284354 0.9968868
vn 0.01538194 -0.07733029 0.9968868
vn 0.1157981 -0.02303367 0.9930057
vn 0.1090794 -0.04518218 0.9930057
vn 0.09816889 -0.06559437 0.9930057
vn 0.0834858 -0.0834858 0.9930057
vn 0.06559438 -0.09816891 0.9930057
vn 0.04518217 -0.1090794 0.9930056
vn 0.02303365 -0.115798 0.9930057
vn 0.1792763 -0.03566028 0.9831522
vn 0.1688746 -0.06995018 0.9831522
vn 0.1519832 -0.1015519 0.9831522
vn 0.1292511 -0.1292511 0.9831522
vn 0.1015519 -0.1519832 0.9831522
vn 0.06995017 -0.1688746 0.9831522
vn 0.03566025 -0.1792763 0.9831522
vn 0.2818266 -0.05605881 0.9578263
vn 0.2654749 -0.1099633 0.9578263
vn 0.2389211 -0.159642 0.9578263
vn 0.2031857 -0.2031857 0.9578263
vn 0.159642 -0.2389211 0.9578263
vn 0.1099633 -0.2654749 0.9578263
vn 0.05605877 -0.2818266 0.9578263
vn 0.4007432 0 0.9161904
vn 0.3930429 0.0781811 0.9161904
vn 0.3702384 0.1533578 0.9161904
vn 0.3332057 0.222641 0.9161904
vn 0.2833682 0.2833682 0.9161904
vn 0.2226409 0.3332057 0.9161904
vn 0.1533578 0.3702384 0.9161904
vn 0.07818109 0.393043 0.9161904
vn -1.751705e-8 0.4007432 0.9161904
vn 0.5021242 0 0.8647955
vn 0.4924759 0.09795954 0.8647956
vn 0.4639022 0.1921546 0.8647955
vn 0.4175009 0.2789652 0.8647956
vn 0.3550554 0.3550554 0.8647956
vn 0.2789651 0.417501 0.8647956
vn 0.1921546 0.4639023 0.8647956
vn 0.0979595 0.492476 0.8647956
vn -2.194855e-8 0.5021242 0.8647955
vn 0.6031464 0 0.7976305
vn 0.591557 0.117668 0.7976305
vn 0.5572346 0.2308142 0.7976305
vn 0.5014978 0.3350902 0.7976305
vn 0.4264889 0.4264889 0.7976305
vn 0.3350901 0.5014979 0.7976305
vn 0.2308141 0.5572346 0.7976305
vn 0.117668 0.5915571 0.7976305
vn -2.636436e-8 0.6031464 0.7976305
vn 0.7087978 0 0.7054118
vn 0.6951783 0.1382796 0.7054119
vn 0.6548436 0.2712452 0.7054118
vn 0.5893436 0.3937868 0.705412
vn 0.5011956 0.5011956 0.7054119
vn 0.3937869 0.5893438 0.7054118
vn 0.2712451 0.6548436 0.7054118
vn 0.1382795 0.6951784 0.7054118
vn -3.098253e-8 0.7087978 0.7054118
vn 0.8169404 0 0.5767221
vn 0.8012432 0.1593772 0.5767221
vn 0.7547545 0.3126296 0.5767222
vn 0.6792611 0.4538678 0.5767221
vn 0.5776641 0.5776641 0.576722
vn 0.4538677 0.6792611 0.5767221
vn 0.3126296 0.7547545 0.5767222
vn 0.1593771 0.8012432 0.576722
vn -3.57096e-8 0.8169404 0.5767221
vn 0.9145796 0 0.4044059
vn 0.8970063 0.1784256 0.4044057
vn 0.8449614 0.3499945 0.4044059
vn 0.7604452 0.5081133 0.4044057
vn 0.6467054 0.6467054 0.4044058
vn 0.5081132 0.7604452 0.4044058
vn 0.3499945 0.8449614 0.4044059
vn 0.1784256 0.8970064 0.4044057
vn -3.997755e-8 0.9145796 0.4044059
vn 0.9798501 0 0.1997341
vn 0.9610226 0.1911593 0.1997339
vn 0.9052634 0.3749725 0.1997342
vn 0.8147156 0.5443756 0.1997339
vn 0.6928587 0.6928587 0.199734
vn 0.5443755 0.8147156 0.1997341
vn 0.3749725 0.9052635 0.1997342
vn 0.1911592 0.9610226 0.1997339
vn -4.283061e-8 0.9798501 0.1997341
vn 1 0 0
vn 0.9807853 0.1950903 -1.863508e-8
vn 0.9238795 0.3826834 0
vn 0.8314695 0.5555702 0
vn 0.7071068 0.7071068 0
vn 0.5555701 0.8314697 0
vn 0.3826834 0.9238795 0
vn 0.1950902 0.9807853 0
vn -4.371139e-8 1 0
vn -0.0781811 0.3930429 0.9161904
vn -0.1533578 0.3702384 0.9161904
vn -0.222641 0.3332057 0.9161904
vn -0.2833682 0.2833682 0.9161904
vn -0.3332057 0.2226409 0.9161904
vn -0.3702384 0.1533578 0.9161904
vn -0.393043 0.07818109 0.9161904
vn -0.4007432 -1.751705e-8 0.9161904
vn -0.09795954 0.4924759 0.8647956
vn -0.1921546 0.4639022 0.8647955
vn -0.2789652 0.4175009 0.8647956
vn -0.3550554 0.3550554 0.8647956
vn -0.417501 0.2789651 0.8647956
vn -0.4639023 0.1921546 0.8647956
vn -0.492476 0.0979595 0.8647956
vn -0.5021242 -2.194855e-8 0.8647955
vn -0.117668 0.591557 0.7976305
vn -0.2308142 0.5572346 0.7976305
vn -0.3350902 0.5014978 0.7976305
vn -0.4264889 0.4264889 0.7976305
vn -0.5014979 0.3350901 0.7976305
vn -0.5572346 0.2308141 0.7976305
vn -0.5915571 0.117668 0.7976305
vn -0.6031464 -2.636436e-8 0.7976305
vn -0.1382796 0.6951783 0.7054119
vn -0.2712452 0.6548436 0.7054118
vn -0.3937868 0.5893436 0.705412
vn -0.5011956 0.5011956 0.7054119
vn -0.5893438 0.3937869 0.7054118
vn -0.6548436 0.2712451 0.7054118
vn -0.6951784 0.1382795 0.7054118
vn -0.7087978 -3.098253e-8 0.7054118
vn -0.1593772 0.8012432 0.5767221
vn -0.3126296 0.7547545 0.5767222
vn -0.4538678 0.6792611 0.5767221
vn -0.5776641 0.5776641 0.576722
vn -0.6792611 0.4538677 0.5767221
vn -0.7547545 0.3126296 0.5767222
vn -0.8012432 0.1593771 0.576722
vn -0.8169404 -3.57096e-8 0.5767221
vn -0.1784256 0.8970063 0.4044057
vn -0.3499945 0.8449614 0.4044059
vn -0.5081133 0.7604452 0.4044057
vn -0.6467054 0.6467054 0.4044058
vn -0.7604452 0.5081132 0.4044058
vn -0.8449614 0.3499945 0.4044059
vn -0.8970064 0.1784256 0.4044057
vn -0.9145796 -3.997755e-8 0.4044059
vn -0.1911593 0.9610226 0.1997339
vn -0.3749725 0.9052634 0.1997342
vn -0.5443756 0.8147156 0.1997339
vn -0.6928587 0.6928587 0.199734
vn -0.8147156 0.5443755 0.1997341
vn -0.9052635 0.3749725 0.1997342
vn -0.9610226 0.1911592 0.1997339
vn -0.1950903 0.9807853 -1.863508e-8
vn -0.3826834 0.9238795 0
vn -0.5555702 0.8314695 0
vn -0.7071068 0.7071068 0
vn -0.8314697 0.5555701 0
vn -0.9238795 0.3826834 0
vn -0.9807853 0.1950902 0
vn 0 -0.4007432 0.9161904
vn -0.0781811 -0.3930429 0.9161904
vn -0.1533578 -0.3702384 0.9161904
vn -0.222641 -0.3332057 0.9161904
vn -0.2833682 -0.2833682 0.9161904
vn -0.3332057 -0.2226409 0.9161904
vn -0.3702384 -0.1533578 0.9161904
vn -0.393043 -0.07818109 0.9161904
vn 0 -0.5021242 0.8647955
vn -0.09795954 -0.4924759 0.8647956
vn -0.1921546 -0.4639022 0.8647955
vn -0.2789652 -0.4175009 0.8647956
vn -0.3550554 -0.3550554 0.8647956
vn -0.417501 -0.2789651 0.8647956
vn -0.4639023 -0.1921546 0.8647956
vn -0.492476 -0.0979595 0.8647956
vn 0 -0.6031464 0.7976305
vn -0.117668 -0.591557 0.7976305
vn -0.2308142 -0.5572346 0.7976305
vn -0.3350902 -0.5014978 0.7976305
vn -0.4264889 -0.4264889 0.7976305
vn -0.5014979 -0.3350901 0.7976305
vn -0.5572346 -0.2308141 0.7976305
vn -0.5915571 -0.117668 0.7976305
vn 0 -0.7087978 0.7054118
vn -0.1382796 -0.6951783 0.7054119
vn -0.2712452 -0.6548436 0.7054118
vn -0.3937868 -0.5893436 0.705412
vn -0.5011956 -0.5011956 0.7054119
vn -0.5893438 -0.3937869 0.7054118
vn -0.6548436 -0.2712451 0.7054118
vn -0.6951784 -0.1382795 0.7054118
vn 0 -0.8169404 0.5767221
vn -0.1593772 -0.8012432 0.5767221
vn -0.3126296 -0.7547545 0.5767222
vn -0.4538678 -0.6792611 0.5767221
vn -0.5776641 -0.5776641 0.576722
vn -0.6792611 -0.4538677 0.5767221
vn -0.7547545 -0.3126296 0.5767222
vn -0.8012432 -0.1593771 0.576722
vn 0 -0.9145796 0.4044059
vn -0.1784256 -0.8970063 0.4044057
vn -0.3499945 -0.8449614 0.4044059
vn -0.5081133 -0.7604452 0.4044057
vn -0.6467054 -0.6467054 0.4044058
vn -0.7604452 -0.5081132 0.4044058
vn -0.8449614 -0.3499945 0.4044059
vn -0.8970064 -0.1784256 0.4044057
vn 0 -0.9798501 0.1997341
vn -0.1911593 -0.9610226 0.1997339
vn -0.3749725 -0.9052634 0.1997342
vn -0.5443756 -0.8147156 0.1997339
vn -0.6928587 -0.6928587 0.199734
vn -0.8147156 -0.5443755 0.1997341
vn -0.9052635 -0.3749725 0.1997342
vn -0.9610226 -0.1911592 0.1997339
vn 0 -1 0
vn -0.1950903 -0.9807853 -1.863508e-8
vn -0.3826834 -0.9238795 0
vn -0.5555702 -0.8314695 0
vn -0.7071068 -0.7071068 0
vn -0.8314697 -0.5555701 0
vn -0.9238795 -0.3826834 0
vn -0.9807853 -0.1950902 0
vn 0.3930429 -0.0781811 0.9161904
vn 0.3702384 -0.1533578 0.9161904
vn 0.3332057 -0.222641 0.9161904
vn 0.2833682 -0.2833682 0.9161904
vn 0.2226409 -0.3332057 0.9161904
vn 0.1533578 -0.3702384 0.9161904
vn 0.07818109 -0.393043 0.9161904
vn 0.4924759 -0.09795954 0.8647956
vn 0.4639022 -0.1921546 0.8647955
vn 0.4175009 -0.2789652 0.8647956
vn 0.3550554 -0.3550554 0.8647956
vn 0.2789651 -0.417501 0.8647956
vn 0.1921546 -0.4639023 0.8647956
vn 0.0979595 -0.492476 0.8647956
vn 0.591557 -0.117668 0.7976305
vn 0.5572346 -0.2308142 0.7976305
vn 0.5014978 -0.3350902 0.7976305
vn 0.4264889 -0.4264889 0.7976305
vn 0.3350901 -0.5014979 0.7976305
vn 0.2308141 -0.5572346 0.7976305
vn 0.117668 -0.5915571 0.7976305
vn 0.6951783 -0.1382796 0.7054119
vn 0.6548436 -0.2712452 0.7054118
vn 0.5893436 -0.3937868 0.705412
vn 0.5011956 -0.5011956 0.7054119
vn 0.3937869 -0.5893438 0.7054118
vn 0.2712451 -0.6548436 0.7054118
vn 0.1382795 -0.6951784 0.7054118
vn 0.8012432 -0.1593772 0.5767221
vn 0.7547545 -0.3126296 0.5767222
vn 0.6792611 -0.4538678 0.5767221
vn 0.5776641 -0.5776641 0.576722
vn 0.4538677 -0.6792611 0.5767221
vn 0.3126296 -0.7547545 0.5767222
vn 0.1593771 -0.8012432 0.576722
vn 0.8970063 -0.1784256 0.4044057
vn 0.8449614 -0.3499945 0.4044059
vn 0.7604452 -0.5081133 0.4044057
vn 0.6467054 -0.6467054 0.4044058
vn 0.5081132 -0.7604452 0.4044058
vn 0.3499945 -0.8449614 0.4044059
vn 0.1784256 -0.8970064 0.4044057
vn 0.9610226 -0.1911593 0.1997339
vn 0.9052634 -0.3749725 0.1997342
vn 0.8147156 -0.5443756 0.1997339
vn 0.6928587 -0.6928587 0.199734
vn 0.5443755 -0.8147156 0.1997341
vn 0.3749725 -0.9052635 0.1997342
vn 0.1911592 -0.9610226 0.1997339
vn 0.9807853 -0.1950903 -1.863508e-8
vn 0.9238795 -0.3826834 0
vn 0.8314695 -0.5555702 0
vn 0.7071068 -0.7071068 0
vn 0.5555701 -0.8314697 0
vn 0.3826834 -0.9238795 0
vn 0.1950902 -0.9807853 0
vn 0.9907929 0 -0.135386
vn 0.9717551 0.1932941 -0.1353861
vn 0.9153733 0.3791601 -0.1353863
vn 0.8238143 0.550455 -0.135386
vn 0.7005963 0.7005963 -0.1353861
vn 0.550455 0.8238142 -0.1353862
vn 0.37916 0.9153733 -0.1353864
vn 0.193294 0.9717551 -0.1353861
vn -4.330892e-8 0.9907929 -0.135386
vn 0.9766164 0 -0.2149892
vn 0.957851 0.1905284 -0.2149895
vn 0.9022758 0.3737349 -0.2149897
vn 0.8120269 0.5425791 -0.2149893
vn 0.6905721 0.6905721 -0.2149894
vn 0.5425789 0.8120269 -0.2149895
vn 0.3737349 0.9022757 -0.21499
vn 0.1905283 0.957851 -0.2149895
vn -4.268925e-8 0.9766164 -0.2149892
vn 0.9674509 0 -0.2530588
vn 0.9488614 0.1887403 -0.2530593
vn 0.8938079 0.3702274 -0.2530594
vn 0.8044059 0.5374869 -0.2530591
vn 0.684091 0.684091 -0.2530591
vn 0.5374869 0.804406 -0.2530591
vn 0.3702273 0.8938079 -0.2530598
vn 0.1887402 0.9488615 -0.2530592
vn -4.228862e-8 0.9674509 -0.2530588
vn 0.9647785 0 -0.2630636
vn 0.9462404 0.1882189 -0.263064
vn 0.891339 0.3692048 -0.2630641
vn 0.802184 0.5360022 -0.2630639
vn 0.6822014 0.6822014 -0.2630638
vn 0.5360022 0.8021839 -0.2630639
vn 0.3692047 0.891339 -0.2630643
vn 0.1882188 0.9462404 -0.2630639
vn -4.217181e-8 0.9647785 -0.2630636
vn 0.9660323 0 -0.2584217
vn 0.9474701 0.1884635 -0.2584218
vn 0.8924974 0.3696845 -0.2584217
vn 0.8032264 0.5366988 -0.2584219
vn 0.6830879 0.6830879 -0.2584218
vn 0.5366986 0.8032265 -0.2584217
vn 0.3696845 0.8924974 -0.2584216
vn 0.1884634 0.9474701 -0.2584217
vn -4.222661e-8 0.9660323 -0.2584217
vn 0.9672284 0 -0.2539083
vn 0.9486434 0.1886969 -0.253908
vn 0.8936025 0.3701424 -0.2539079
vn 0.804221 0.5373633 -0.2539082
vn 0.6839337 0.6839337 -0.2539082
vn 0.5373632 0.804221 -0.2539081
vn 0.3701423 0.8936026 -0.2539075
vn 0.1886968 0.9486434 -0.2539079
vn -4.227889e-8 0.9672284 -0.2539083
vn 0.9638244 0 -0.2665384
vn 0.9453049 0.1880328 -0.2665379
vn 0.8904577 0.3688397 -0.2665377
vn 0.8013907 0.5354721 -0.2665381
vn 0.6815267 0.6815267 -0.2665381
vn 0.5354721 0.8013908 -0.2665379
vn 0.3688397 0.8904578 -0.2665372
vn 0.1880327 0.9453049 -0.2665377
vn -4.21301e-8 0.9638244 -0.2665384
vn 0.9486832 0 -0.3162279
vn 0.9304546 0.1850789 -0.316228
vn 0.8764691 0.3630454 -0.3162278
vn 0.7888013 0.5270602 -0.3162278
vn 0.6708204 0.6708204 -0.3162281
vn 0.5270602 0.7888014 -0.3162275
vn 0.3630454 0.8764691 -0.3162278
vn 0.1850789 0.9304547 -0.3162277
vn -4.146826e-8 0.9486832 -0.3162279
vn -0.1932941 0.9717551 -0.1353861
vn -0.3791601 0.9153733 -0.1353863
vn -0.550455 0.8238143 -0.135386
vn -0.7005963 0.7005963 -0.1353861
vn -0.8238142 0.550455 -0.1353862
vn -0.9153733 0.37916 -0.1353864
vn -0.9717551 0.193294 -0.1353861
vn -0.1905284 0.957851 -0.2149895
vn -0.3737349 0.9022758 -0.2149897
vn -0.5425791 0.8120269 -0.2149893
vn -0.6905721 0.6905721 -0.2149894
vn -0.8120269 0.5425789 -0.2149895
vn -0.9022757 0.3737349 -0.21499
vn -0.957851 0.1905283 -0.2149895
vn -0.1887403 0.9488614 -0.2530593
vn -0.3702274 0.8938079 -0.2530594
vn -0.5374869 0.8044059 -0.2530591
vn -0.684091 0.684091 -0.2530591
vn -0.804406 0.5374869 -0.2530591
vn -0.8938079 0.3702273 -0.2530598
vn -0.9488615 0.1887402 -0.2530592
vn -0.1882189 0.9462404 -0.263064
vn -0.3692048 0.891339 -0.2630641
vn -0.5360022 0.802184 -0.2630639
vn -0.6822014 0.6822014 -0.2630638
vn -0.8021839 0.5360022 -0.2630639
vn -0.891339 0.3692047 -0.2630643
vn -0.9462404 0.1882188 -0.2630639
vn -0.9647785 -4.217181e-8 -0.2630636
vn -0.1884635 0.9474701 -0.2584218
vn -0.3696845 0.8924974 -0.2584217
vn -0.5366988 0.8032264 -0.2584219
vn -0.6830879 0.6830879 -0.2584218
vn -0.8032265 0.5366986 -0.2584217
vn -0.8924974 0.3696845 -0.2584216
vn -0.9474701 0.1884634 -0.2584217
vn -0.9660323 -4.222661e-8 -0.2584217
vn -0.1886969 0.9486434 -0.253908
vn -0.3701424 0.8936025 -0.2539079
vn -0.5373633 0.804221 -0.2539082
vn -0.6839337 0.6839337 -0.2539082
vn -0.804221 0.5373632 -0.2539081
vn -0.8936026 0.3701423 -0.2539075
vn -0.9486434 0.1886968 -0.2539079
vn -0.9672284 -4.227889e-8 -0.2539083
vn -0.1880328 0.9453049 -0.2665379
vn -0.3688397 0.8904577 -0.2665377
vn -0.5354721 0.8013907 -0.2665381
vn -0.6815267 0.6815267 -0.2665381
vn -0.8013908 0.5354721 -0.2665379
vn -0.8904578 0.3688397 -0.2665372
vn -0.9453049 0.1880327 -0.2665377
vn -0.9638244 -4.21301e-8 -0.2665384
vn -0.1850789 0.9304546 -0.316228
vn -0.3630454 0.8764691 -0.3162278
vn -0.5270602 0.7888013 -0.3162278
vn -0.6708204 0.6708204 -0.3162281
vn -0.7888014 0.5270602 -0.3162275
vn -0.8764691 0.3630454 -0.3162278
vn -0.9304547 0.1850789 -0.3162277
vn -0.9486832 -4.146826e-8 -0.3162279
vn 0 -0.9907929 -0.135386
vn -0.1932941 -0.9717551 -0.1353861
vn -0.3791601 -0.9153733 -0.1353863
vn -0.550455 -0.8238143 -0.135386
vn -0.7005963 -0.7005963 -0.1353861
vn -0.8238142 -0.550455 -0.1353862
vn -0.9153733 -0.37916 -0.1353864
vn -0.9717551 -0.193294 -0.1353861
vn 0 -0.9766164 -0.2149892
vn -0.1905284 -0.957851 -0.2149895
vn -0.3737349 -0.9022758 -0.2149897
vn -0.5425791 -0.8120269 -0.2149893
vn -0.6905721 -0.6905721 -0.2149894
vn -0.8120269 -0.5425789 -0.2149895
vn -0.9022757 -0.3737349 -0.21499
vn -0.957851 -0.1905283 -0.2149895
vn 0 -0.9674509 -0.2530588
vn -0.1887403 -0.9488614 -0.2530593
vn -0.3702274 -0.8938079 -0.2530594
vn -0.5374869 -0.8044059 -0.2530591
vn -0.684091 -0.684091 -0.2530591
vn -0.804406 -0.5374869 -0.2530591
vn -0.8938079 -0.3702273 -0.2530598
vn -0.9488615 -0.1887402 -0.2530592
vn 0 -0.9647785 -0.2630636
vn -0.1882189 -0.9462404 -0.263064
vn -0.3692048 -0.891339 -0.2630641
vn -0.5360022 -0.802184 -0.2630639
vn -0.6822014 -0.6822014 -0.2630638
vn -0.8021839 -0.5360022 -0.2630639
vn -0.891339 -0.3692047 -0.2630643
vn -0.9462404 -0.1882188 -0.2630639
vn 0 -0.9660323 -0.2584217
vn -0.1884635 -0.9474701 -0.2584218
vn -0.3696845 -0.8924974 -0.2584217
vn -0.5366988 -0.8032264 -0.2584219
vn -0.6830879 -0.6830879 -0.2584218
vn -0.8032265 -0.5366986 -0.2584217
vn -0.8924974 -0.3696845 -0.2584216
vn -0.9474701 -0.1884634 -0.2584217
vn 0 -0.9672284 -0.2539083
vn -0.1886969 -0.9486434 -0.253908
vn -0.3701424 -0.8936025 -0.2539079
vn -0.5373633 -0.804221 -0.2539082
vn -0.6839337 -0.6839337 -0.2539082
vn -0.804221 -0.5373632 -0.2539081
vn -0.8936026 -0.3701423 -0.2539075
vn -0.9486434 -0.1886968 -0.2539079
vn 0 -0.9638244 -0.2665384
vn -0.1880328 -0.9453049 -0.2665379
vn -0.3688397 -0.8904577 -0.2665377
vn -0.5354721 -0.8013907 -0.2665381
vn -0.6815267 -0.6815267 -0.2665381
vn -0.8013908 -0.5354721 -0.2665379
vn -0.8904578 -0.3688397 -0.2665372
vn -0.9453049 -0.1880327 -0.2665377
vn 0 -0.9486832 -0.3162279
vn -0.1850789 -0.9304546 -0.316228
vn -0.3630454 -0.8764691 -0.3162278
vn -0.5270602 -0.7888013 -0.3162278
vn -0.6708204 -0.6708204 -0.3162281
vn -0.7888014 -0.5270602 -0.3162275
vn -0.8764691 -0.3630454 -0.3162278
vn -0.9304547 -0.1850789 -0.3162277
vn 0.9717551 -0.1932941 -0.1353861
vn 0.9153733 -0.3791601 -0.1353863
vn 0.8238143 -0.550455 -0.135386
vn 0.7005963 -0.7005963 -0.1353861
vn 0.550455 -0.8238142 -0.1353862
vn 0.37916 -0.9153733 -0.1353864
vn 0.193294 -0.9717551 -0.1353861
vn 0.957851 -0.1905284 -0.2149895
vn 0.9022758 -0.3737349 -0.2149897
vn 0.8120269 -0.5425791 -0.2149893
vn 0.6905721 -0.6905721 -0.2149894
vn 0.5425789 -0.8120269 -0.2149895
vn 0.3737349 -0.9022757 -0.21499
vn 0.1905283 -0.957851 -0.2149895
vn 0.9488614 -0.1887403 -0.2530593
vn 0.8938079 -0.3702274 -0.2530594
vn 0.8044059 -0.5374869 -0.2530591
vn 0.684091 -0.684091 -0.2530591
vn 0.5374869 -0.804406 -0.2530591
vn 0.3702273 -0.8938079 -0.2530598
vn 0.1887402 -0.9488615 -0.2530592
vn 0.9462404 -0.1882189 -0.263064
vn 0.891339 -0.3692048 -0.2630641
vn 0.802184 -0.5360022 -0.2630639
vn 0.6822014 -0.6822014 -0.2630638
vn 0.5360022 -0.8021839 -0.2630639
vn 0.3692047 -0.891339 -0.2630643
vn 0.1882188 -0.9462404 -0.2630639
vn 0.9474701 -0.1884635 -0.2584218
vn 0.8924974 -0.3696845 -0.2584217
vn 0.8032264 -0.5366988 -0.2584219
vn 0.6830879 -0.6830879 -0.2584218
vn 0.5366986 -0.8032265 -0.2584217
vn 0.3696845 -0.8924974 -0.2584216
vn 0.1884634 -0.9474701 -0.2584217
vn 0.9486434 -0.1886969 -0.253908
vn 0.8936025 -0.3701424 -0.2539079
vn 0.804221 -0.5373633 -0.2539082
vn 0.6839337 -0.6839337 -0.2539082
vn 0.5373632 -0.804221 -0.2539081
vn 0.3701423 -0.8936026 -0.2539075
vn 0.1886968 -0.9486434 -0.2539079
vn 0.9453049 -0.1880328 -0.2665379
vn 0.8904577 -0.3688397 -0.2665377
vn 0.8013907 -0.5354721 -0.2665381
vn 0.6815267 -0.6815267 -0.2665381
vn 0.5354721 -0.8013908 -0.2665379
vn 0.3688397 -0.8904578 -0.2665372
vn 0.1880327 -0.9453049 -0.2665377
vn 0.9304546 -0.1850789 -0.316228
vn 0.8764691 -0.3630454 -0.3162278
vn 0.7888013 -0.5270602 -0.3162278
vn 0.6708204 -0.6708204 -0.3162281
vn 0.5270602 -0.7888014 -0.3162275
vn 0.3630454 -0.8764691 -0.3162278
vn 0.1850789 -0.9304547 -0.3162277
vn 0.8980893 0 -0.4398129
vn 0.8808328 0.1752086 -0.4398131
vn 0.8297263 0.3436839 -0.4398132
vn 0.746734 0.4989517 -0.4398132
vn 0.6350452 0.6350452 -0.4398125
vn 0.4989517 0.7467341 -0.439813
vn 0.3436838 0.8297261 -0.4398136
vn 0.1752084 0.8808328 -0.4398131
vn -3.925673e-8 0.8980893 -0.4398129
vn 0.7208371 0 -0.6931046
vn 0.7069861 0.1406283 -0.6931049
vn 0.6659663 0.2758523 -0.6931048
vn 0.5993538 0.4004754 -0.693105
vn 0.5097088 0.5097088 -0.6931045
vn 0.4004757 0.5993541 -0.6931045
vn 0.2758522 0.6659662 -0.693105
vn 0.1406282 0.7069861 -0.6931048
vn -3.150879e-8 0.7208371 -0.6931046
vn 0.4486051 0 -0.8937301
vn 0.4399853 0.08751854 -0.89373
vn 0.4144572 0.1716738 -0.89373
vn 0.3730015 0.2492316 -0.8937301
vn 0.3172117 0.3172117 -0.8937301
vn 0.2492317 0.3730017 -0.89373
vn 0.1716738 0.4144571 -0.89373
vn 0.0875185 0.4399854 -0.89373
vn -1.960915e-8 0.4486051 -0.8937301
vn 0.2399332 0 -0.9707894
vn 0.2353233 0.04680871 -0.9707893
vn 0.2216697 0.09181862 -0.9707893
vn 0.1994974 0.1332999 -0.9707893
vn 0.1696583 0.1696583 -0.9707894
vn 0.1332996 0.199497 -0.9707895
vn 0.09181864 0.2216698 -0.9707893
vn 0.0468087 0.2353233 -0.9707894
vn -1.048781e-8 0.2399332 -0.9707894
vn 0.1582851 0 -0.9873934
vn 0.1552443 0.03088002 -0.9873933
vn 0.146237 0.06057335 -0.9873933
vn 0.1316098 0.08793885 -0.9873933
vn 0.1119244 0.1119244 -0.9873934
vn 0.08793821 0.1316088 -0.9873936
vn 0.06057337 0.146237 -0.9873933
vn 0.03088 0.1552443 -0.9873933
vn -6.918862e-9 0.1582851 -0.9873934
vn 0.2477026 0 -0.9688361
vn 0.2429438 0.04832453 -0.9688359
vn 0.2288481 0.09479199 -0.9688359
vn 0.2059578 0.1376166 -0.9688359
vn 0.1751522 0.1751522 -0.9688361
vn 0.1376158 0.2059567 -0.9688363
vn 0.09479202 0.2288482 -0.9688359
vn 0.04832451 0.2429438 -0.9688359
vn -1.082743e-8 0.2477026 -0.9688361
vn 0.6897036 0 -0.7240918
vn 0.6764515 0.1345546 -0.7240915
vn 0.6372034 0.2639383 -0.7240915
vn 0.5734679 0.383179 -0.7240915
vn 0.4876941 0.4876941 -0.7240918
vn 0.3831785 0.5734672 -0.7240922
vn 0.2639383 0.6372035 -0.7240914
vn 0.1345545 0.6764515 -0.7240915
vn -3.01479e-8 0.6897036 -0.7240918
vn 1 0 0
vn 0.9807853 0.1950903 -6.056419e-8
vn 0.9238796 0.3826835 -2.376019e-7
vn 0.8314696 0.5555702 -6.898889e-7
vn 0.7071068 0.7071068 0
vn 0.5555702 0.8314697 0
vn 0.3826835 0.9238796 -2.376019e-7
vn 0.1950902 0.9807853 -6.056415e-8
vn -4.371139e-8 1 0
vn -0.1752086 0.8808328 -0.4398131
vn -0.3436839 0.8297263 -0.4398132
vn -0.4989517 0.746734 -0.4398132
vn -0.6350452 0.6350452 -0.4398125
vn -0.7467341 0.4989517 -0.439813
vn -0.8297261 0.3436838 -0.4398136
vn -0.8808328 0.1752084 -0.4398131
vn -0.8980893 -3.925673e-8 -0.4398129
vn -0.1406283 0.7069861 -0.6931049
vn -0.2758523 0.6659663 -0.6931048
vn -0.4004754 0.5993538 -0.693105
vn -0.5097088 0.5097088 -0.6931045
vn -0.5993541 0.4004757 -0.6931045
vn -0.6659662 0.2758522 -0.693105
vn -0.7069861 0.1406282 -0.6931048
vn -0.7208371 -3.150879e-8 -0.6931046
vn -0.08751854 0.4399853 -0.89373
vn -0.1716738 0.4144572 -0.89373
vn -0.2492316 0.3730015 -0.8937301
vn -0.3172117 0.3172117 -0.8937301
vn -0.3730017 0.2492317 -0.89373
vn -0.4144571 0.1716738 -0.89373
vn -0.4399854 0.0875185 -0.89373
vn -0.4486051 -1.960915e-8 -0.8937301
vn -0.04680871 0.2353233 -0.9707893
vn -0.09181862 0.2216697 -0.9707893
vn -0.1332999 0.1994974 -0.9707893
vn -0.1696583 0.1696583 -0.9707894
vn -0.199497 0.1332996 -0.9707895
vn -0.2216698 0.09181864 -0.9707893
vn -0.2353233 0.0468087 -0.9707894
vn -0.2399332 -1.048781e-8 -0.9707894
vn -0.03088002 0.1552443 -0.9873933
vn -0.06057335 0.146237 -0.9873933
vn -0.08793885 0.1316098 -0.9873933
vn -0.1119244 0.1119244 -0.9873934
vn -0.1316088 0.08793821 -0.9873936
vn -0.146237 0.06057337 -0.9873933
vn -0.1552443 0.03088 -0.9873933
vn -0.1582851 -6.918862e-9 -0.9873934
vn -0.04832453 0.2429438 -0.9688359
vn -0.09479199 0.2288481 -0.9688359
vn -0.1376166 0.2059578 -0.9688359
vn -0.1751522 0.1751522 -0.9688361
vn -0.2059567 0.1376158 -0.9688363
vn -0.2288482 0.09479202 -0.9688359
vn -0.2429438 0.04832451 -0.9688359
vn -0.2477026 -1.082743e-8 -0.9688361
vn -0.1345546 0.6764515 -0.7240915
vn -0.2639383 0.6372034 -0.7240915
vn -0.383179 0.5734679 -0.7240915
vn -0.4876941 0.4876941 -0.7240918
vn -0.5734672 0.3831785 -0.7240922
vn -0.6372035 0.2639383 -0.7240914
vn -0.6764515 0.1345545 -0.7240915
vn -0.6897036 -3.01479e-8 -0.7240918
vn -0.1950903 0.9807853 -6.056419e-8
vn -0.3826835 0.9238796 -2.376019e-7
vn -0.5555702 0.8314696 -6.898889e-7
vn -0.7071068 0.7071068 0
vn -0.8314697 0.5555702 0
vn -0.9238796 0.3826835 -2.376019e-7
vn -0.9807853 0.1950902 -6.056415e-8
vn -1 -4.371139e-8 0
vn 0 -0.8980893 -0.4398129
vn -0.1752086 -0.8808328 -0.4398131
vn -0.3436839 -0.8297263 -0.4398132
vn -0.4989517 -0.746734 -0.4398132
vn -0.6350452 -0.6350452 -0.4398125
vn -0.7467341 -0.4989517 -0.439813
vn -0.8297261 -0.3436838 -0.4398136
vn -0.8808328 -0.1752084 -0.4398131
vn 0 -0.7208371 -0.6931046
vn -0.1406283 -0.7069861 -0.6931049
vn -0.2758523 -0.6659663 -0.6931048
vn -0.4004754 -0.5993538 -0.693105
vn -0.5097088 -0.5097088 -0.6931045
vn -0.5993541 -0.4004757 -0.6931045
vn -0.6659662 -0.2758522 -0.693105
vn -0.7069861 -0.1406282 -0.6931048
vn 0 -0.4486051 -0.8937301
vn -0.08751854 -0.4399853 -0.89373
vn -0.1716738 -0.4144572 -0.89373
vn -0.2492316 -0.3730015 -0.8937301
vn -0.3172117 -0.3172117 -0.8937301
vn -0.3730017 -0.2492317 -0.89373
vn -0.4144571 -0.1716738 -0.89373
vn -0.4399854 -0.0875185 -0.89373
vn 0 -0.2399332 -0.9707894
vn -0.04680871 -0.2353233 -0.9707893
vn -0.09181862 -0.2216697 -0.9707893
vn -0.1332999 -0.1994974 -0.9707893
vn -0.1696583 -0.1696583 -0.9707894
vn -0.199497 -0.1332996 -0.9707895
vn -0.2216698 -0.09181864 -0.9707893
vn -0.2353233 -0.0468087 -0.9707894
vn 0 -0.1582851 -0.9873934
vn -0.03088002 -0.1552443 -0.9873933
vn -0.06057335 -0.146237 -0.9873933
vn -0.08793885 -0.1316098 -0.9873933
vn -0.1119244 -0.1119244 -0.9873934
vn -0.1316088 -0.08793821 -0.9873936
vn -0.146237 -0.06057337 -0.9873933
vn -0.1552443 -0.03088 -0.9873933
vn 0 -0.2477026 -0.9688361
vn -0.04832453 -0.2429438 -0.9688359
vn -0.09479199 -0.2288481 -0.9688359
vn -0.1376166 -0.2059578 -0.9688359
vn -0.1751522 -0.1751522 -0.9688361
vn -0.2059567 -0.1376158 -0.9688363
vn -0.2288482 -0.09479202 -0.9688359
vn -0.2429438 -0.04832451 -0.9688359
vn 0 -0.6897036 -0.7240918
vn -0.1345546 -0.6764515 -0.7240915
vn -0.2639383 -0.6372034 -0.7240915
vn -0.383179 -0.5734679 -0.7240915
vn -0.4876941 -0.4876941 -0.7240918
vn -0.5734672 -0.3831785 -0.7240922
vn -0.6372035 -0.2639383 -0.7240914
vn -0.6764515 -0.1345545 -0.7240915
vn 0 -1 0
vn -0.1950903 -0.9807853 -6.056419e-8
vn -0.3826835 -0.9238796 -2.376019e-7
vn -0.5555702 -0.8314696 -6.898889e-7
vn -0.7071068 -0.7071068 0
vn -0.8314697 -0.5555702 0
vn -0.9238796 -0.3826835 -2.376019e-7
vn -0.9807853 -0.1950902 -6.056415e-8
vn 0.8808328 -0.1752086 -0.4398131
vn 0.8297263 -0.3436839 -0.4398132
vn 0.746734 -0.4989517 -0.4398132
vn 0.6350452 -0.6350452 -0.4398125
vn 0.4989517 -0.7467341 -0.439813
vn 0.3436838 -0.8297261 -0.4398136
vn 0.1752084 -0.8808328 -0.4398131
vn 0.7069861 -0.1406283 -0.6931049
vn 0.6659663 -0.2758523 -0.6931048
vn 0.5993538 -0.4004754 -0.693105
vn 0.5097088 -0.5097088 -0.6931045
vn 0.4004757 -0.5993541 -0.6931045
vn 0.2758522 -0.6659662 -0.693105
vn 0.1406282 -0.7069861 -0.6931048
vn 0.4399853 -0.08751854 -0.89373
vn 0.4144572 -0.1716738 -0.89373
vn 0.3730015 -0.2492316 -0.8937301
vn 0.3172117 -0.3172117 -0.8937301
vn 0.2492317 -0.3730017 -0.89373
vn 0.1716738 -0.4144571 -0.89373
vn 0.0875185 -0.4399854 -0.89373
vn 0.2353233 -0.04680871 -0.9707893
vn 0.2216697 -0.09181862 -0.9707893
vn 0.1994974 -0.1332999 -0.9707893
vn 0.1696583 -0.1696583 -0.9707894
vn 0.1332996 -0.199497 -0.9707895
vn 0.09181864 -0.2216698 -0.9707893
vn 0.0468087 -0.2353233 -0.9707894
vn 0.1552443 -0.03088002 -0.9873933
vn 0.146237 -0.06057335 -0.9873933
vn 0.1316098 -0.08793885 -0.9873933
vn 0.1119244 -0.1119244 -0.9873934
vn 0.08793821 -0.1316088 -0.9873936
vn 0.06057337 -0.146237 -0.9873933
vn 0.03088 -0.1552443 -0.9873933
vn 0.2429438 -0.04832453 -0.9688359
vn 0.2288481 -0.09479199 -0.9688359
vn 0.2059578 -0.1376166 -0.9688359
vn 0.1751522 -0.1751522 -0.9688361
vn 0.1376158 -0.2059567 -0.9688363
vn 0.09479202 -0.2288482 -0.9688359
vn 0.04832451 -0.2429438 -0.9688359
vn 0.6764515 -0.1345546 -0.7240915
vn 0.6372034 -0.2639383 -0.7240915
vn 0.5734679 -0.383179 -0.7240915
vn 0.4876941 -0.4876941 -0.7240918
vn 0.3831785 -0.5734672 -0.7240922
vn 0.2639383 -0.6372035 -0.7240914
vn 0.1345545 -0.6764515 -0.7240915
vn 0.9807853 -0.1950903 -6.056419e-8
vn 0.9238796 -0.3826835 -2.376019e-7
vn 0.8314696 -0.5555702 -6.898889e-7
vn 0.7071068 -0.7071068 0
vn 0.5555702 -0.8314697 0
vn 0.3826835 -0.9238796 -2.376019e-7
vn 0.1950902 -0.9807853 -6.056415e-8
vn 0.8902722 0 0.4554289
vn 0.8731658 0.1736835 0.4554288
vn 0.8225041 0.3406924 0.4554291
vn 0.7402344 0.4946089 0.4554285
vn 0.6295176 0.6295176 0.4554288
vn 0.4946086 0.7402343 0.4554291
vn 0.3406923 0.8225041 0.4554291
vn 0.1736834 0.873166 0.4554287
vn -3.891504e-8 0.8902722 0.4554289
vn 0.6683862 0 0.7438145
vn 0.6555433 0.1303957 0.7438144
vn 0.6175082 0.2557803 0.7438145
vn 0.5557432 0.3713357 0.7438141
vn 0.4726204 0.4726204 0.7438145
vn 0.3713354 0.5557427 0.7438146
vn 0.2557803 0.6175082 0.7438145
vn 0.1303957 0.6555436 0.7438142
vn -2.921608e-8 0.6683862 0.7438145
vn 0.4498821 0 0.8930879
vn 0.4412378 0.08776766 0.893088
vn 0.415637 0.1721625 0.893088
vn 0.3740636 0.2499413 0.8930878
vn 0.3181147 0.3181147 0.8930879
vn 0.2499412 0.3740634 0.8930879
vn 0.1721625 0.415637 0.893088
vn 0.08776767 0.4412381 0.8930877
vn -1.966497e-8 0.4498821 0.8930879
vn 0.2702571 0 0.9627882
vn 0.2650641 0.05272453 0.9627882
vn 0.249685 0.1034229 0.9627882
vn 0.2247106 0.1501469 0.9627881
vn 0.1911006 0.1911006 0.9627882
vn 0.1501468 0.2247106 0.9627881
vn 0.1034229 0.249685 0.9627881
vn 0.05272454 0.2650643 0.9627881
vn -1.181331e-8 0.2702571 0.9627882
vn 0.1392478 0 0.9902576
vn 0.1365721 0.02716589 0.9902576
vn 0.1286482 0.05328784 0.9902576
vn 0.1157803 0.07736193 0.9902576
vn 0.09846304 0.09846304 0.9902576
vn 0.07736196 0.1157804 0.9902576
vn 0.05328783 0.1286482 0.9902576
vn 0.02716589 0.1365722 0.9902576
vn -6.086714e-9 0.1392478 0.9902576
vn 0.05620033 0 0.9984195
vn 0.05512045 0.01096414 0.9984195
vn 0.05192233 0.02150694 0.9984195
vn 0.04672885 0.03122322 0.9984195
vn 0.03973962 0.03973962 0.9984195
vn 0.03122323 0.04672888 0.9984195
vn 0.02150694 0.05192233 0.9984195
vn 0.01096413 0.05512043 0.9984195
vn -2.456594e-9 0.05620033 0.9984195
vn 0.01295283 0 0.9999161
vn 0.01270395 0.002526974 0.9999161
vn 0.01196686 0.004956835 0.9999161
vn 0.01076989 0.007196207 0.9999161
vn 0.009159036 0.009159036 0.9999161
vn 0.007196208 0.01076989 0.9999161
vn 0.004956835 0.01196686 0.9999161
vn 0.00252697 0.01270394 0.9999161
vn -5.661864e-10 0.01295283 0.9999161
vn -0.000003973647 0 1
vn -0.000003897301 -7.752215e-7 1
vn -0.000003671172 -0.00000152065 1
vn -0.000003303966 -0.00000220764 1
vn -0.000002809794 -0.000002809794 1
vn -0.000002207639 -0.000003303966 1
vn -0.00000152065 -0.000003671174 1
vn -7.752195e-7 -0.000003897294 1
vn 1.736936e-13 -0.000003973647 1
vn -0.1736835 0.8731658 0.4554288
vn -0.3406924 0.8225041 0.4554291
vn -0.4946089 0.7402344 0.4554285
vn -0.6295176 0.6295176 0.4554288
vn -0.7402343 0.4946086 0.4554291
vn -0.8225041 0.3406923 0.4554291
vn -0.873166 0.1736834 0.4554287
vn -0.8902722 -3.891504e-8 0.4554289
vn -0.1303957 0.6555433 0.7438144
vn -0.2557803 0.6175082 0.7438145
vn -0.3713357 0.5557432 0.7438141
vn -0.4726204 0.4726204 0.7438145
vn -0.5557427 0.3713354 0.7438146
vn -0.6175082 0.2557803 0.7438145
vn -0.6555436 0.1303957 0.7438142
vn -0.6683862 -2.921608e-8 0.7438145
vn -0.08776766 0.4412378 0.893088
vn -0.1721625 0.415637 0.893088
vn -0.2499413 0.3740636 0.8930878
vn -0.3181147 0.3181147 0.8930879
vn -0.3740634 0.2499412 0.8930879
vn -0.415637 0.1721625 0.893088
vn -0.4412381 0.08776767 0.8930877
vn -0.4498821 -1.966497e-8 0.8930879
vn -0.05272453 0.2650641 0.9627882
vn -0.1034229 0.249685 0.9627882
vn -0.1501469 0.2247106 0.9627881
vn -0.1911006 0.1911006 0.9627882
vn -0.2247106 0.1501468 0.9627881
vn -0.249685 0.1034229 0.9627881
vn -0.2650643 0.05272454 0.9627881
vn -0.2702571 -1.181331e-8 0.9627882
vn -0.02716589 0.1365721 0.9902576
vn -0.05328784 0.1286482 0.9902576
vn -0.07736193 0.1157803 0.9902576
vn -0.09846304 0.09846304 0.9902576
vn -0.1157804 0.07736196 0.9902576
vn -0.1286482 0.05328783 0.9902576
vn -0.1365722 0.02716589 0.9902576
vn -0.1392478 -6.086714e-9 0.9902576
vn -0.01096414 0.05512045 0.9984195
vn -0.02150694 0.05192233 0.9984195
vn -0.03122322 0.04672885 0.9984195
vn -0.03973962 0.03973962 0.9984195
vn -0.04672888 0.03122323 0.9984195
vn -0.05192233 0.02150694 0.9984195
vn -0.05512043 0.01096413 0.9984195
vn -0.05620033 -2.456594e-9 0.9984195
vn -0.002526974 0.01270395 0.9999161
vn -0.004956835 0.01196686 0.9999161
vn -0.007196207 0.01076989 0.9999161
vn -0.009159036 0.009159036 0.9999161
vn -0.01076989 0.007196208 0.9999161
vn -0.01196686 0.004956835 0.9999161
vn -0.01270394 0.00252697 0.9999161
vn -0.01295283 -5.661864e-10 0.9999161
vn 7.752215e-7 -0.000003897301 1
vn 0.00000152065 -0.000003671172 1
vn 0.00000220764 -0.000003303966 1
vn 0.000002809794 -0.000002809794 1
vn 0.000003303966 -0.000002207639 1
vn 0.000003671174 -0.00000152065 1
vn 0.000003897294 -7.752195e-7 1
vn 0.000003973647 1.736936e-13 1
vn 0 -0.8902722 0.4554289
vn -0.1736835 -0.8731658 0.4554288
vn -0.3406924 -0.8225041 0.4554291
vn -0.4946089 -0.7402344 0.4554285
vn -0.6295176 -0.6295176 0.4554288
vn -0.7402343 -0.4946086 0.4554291
vn -0.8225041 -0.3406923 0.4554291
vn -0.873166 -0.1736834 0.4554287
vn 0 -0.6683862 0.7438145
vn -0.1303957 -0.6555433 0.7438144
vn -0.2557803 -0.6175082 0.7438145
vn -0.3713357 -0.5557432 0.7438141
vn -0.4726204 -0.4726204 0.7438145
vn -0.5557427 -0.3713354 0.7438146
vn -0.6175082 -0.2557803 0.7438145
vn -0.6555436 -0.1303957 0.7438142
vn 0 -0.4498821 0.8930879
vn -0.08776766 -0.4412378 0.893088
vn -0.1721625 -0.415637 0.893088
vn -0.2499413 -0.3740636 0.8930878
vn -0.3181147 -0.3181147 0.8930879
vn -0.3740634 -0.2499412 0.8930879
vn -0.415637 -0.1721625 0.893088
vn -0.4412381 -0.08776767 0.8930877
vn 0 -0.2702571 0.9627882
vn -0.05272453 -0.2650641 0.9627882
vn -0.1034229 -0.249685 0.9627882
vn -0.1501469 -0.2247106 0.9627881
vn -0.1911006 -0.1911006 0.9627882
vn -0.2247106 -0.1501468 0.9627881
vn -0.249685 -0.1034229 0.9627881
vn -0.2650643 -0.05272454 0.9627881
vn 0 -0.1392478 0.9902576
vn -0.02716589 -0.1365721 0.9902576
vn -0.05328784 -0.1286482 0.9902576
vn -0.07736193 -0.1157803 0.9902576
vn -0.09846304 -0.09846304 0.9902576
vn -0.1157804 -0.07736196 0.9902576
vn -0.1286482 -0.05328783 0.9902576
vn -0.1365722 -0.02716589 0.9902576
vn 0 -0.05620033 0.9984195
vn -0.01096414 -0.05512045 0.9984195
vn -0.02150694 -0.05192233 0.9984195
vn -0.03122322 -0.04672885 0.9984195
vn -0.03973962 -0.03973962 0.9984195
vn -0.04672888 -0.03122323 0.9984195
vn -0.05192233 -0.02150694 0.9984195
vn -0.05512043 -0.01096413 0.9984195
vn 0 -0.01295283 0.9999161
vn -0.002526974 -0.01270395 0.9999161
vn -0.004956835 -0.01196686 0.9999161
vn -0.007196207 -0.01076989 0.9999161
vn -0.009159036 -0.009159036 0.9999161
vn -0.01076989 -0.007196208 0.9999161
vn -0.01196686 -0.004956835 0.9999161
vn -0.01270394 -0.00252697 0.9999161
vn 0 0.000003973647 1
vn 7.752215e-7 0.000003897301 1
vn 0.00000152065 0.000003671172 1
vn 0.00000220764 0.000003303966 1
vn 0.000002809794 0.000002809794 1
vn 0.000003303966 0.000002207639 1
vn 0.000003671174 0.00000152065 1
vn 0.000003897294 7.752195e-7 1
vn 0.8731658 -0.1736835 0.4554288
vn 0.8225041 -0.3406924 0.4554291
vn 0.7402344 -0.4946089 0.4554285
vn 0.6295176 -0.6295176 0.4554288
vn 0.4946086 -0.7402343 0.4554291
vn 0.3406923 -0.8225041 0.4554291
vn 0.1736834 -0.873166 0.4554287
vn 0.6555433 -0.1303957 0.7438144
vn 0.6175082 -0.2557803 0.7438145
vn 0.5557432 -0.3713357 0.7438141
vn 0.4726204 -0.4726204 0.7438145
vn 0.3713354 -0.5557427 0.7438146
vn 0.2557803 -0.6175082 0.7438145
vn 0.1303957 -0.6555436 0.7438142
vn 0.4412378 -0.08776766 0.893088
vn 0.415637 -0.1721625 0.893088
vn 0.3740636 -0.2499413 0.8930878
vn 0.3181147 -0.3181147 0.8930879
vn 0.2499412 -0.3740634 0.8930879
vn 0.1721625 -0.415637 0.893088
vn 0.08776767 -0.4412381 0.8930877
vn 0.2650641 -0.05272453 0.9627882
vn 0.249685 -0.1034229 0.9627882
vn 0.2247106 -0.1501469 0.9627881
vn 0.1911006 -0.1911006 0.9627882
vn 0.1501468 -0.2247106 0.9627881
vn 0.1034229 -0.249685 0.9627881
vn 0.05272454 -0.2650643 0.9627881
vn 0.1365721 -0.02716589 0.9902576
vn 0.1286482 -0.05328784 0.9902576
vn 0.1157803 -0.07736193 0.9902576
vn 0.09846304 -0.09846304 0.9902576
vn 0.07736196 -0.1157804 0.9902576
vn 0.05328783 -0.1286482 0.9902576
vn 0.02716589 -0.1365722 0.9902576
vn 0.05512045 -0.01096414 0.9984195
vn 0.05192233 -0.02150694 0.9984195
vn 0.04672885 -0.03122322 0.9984195
vn 0.03973962 -0.03973962 0.9984195
vn 0.03122323 -0.04672888 0.9984195
vn 0.02150694 -0.05192233 0.9984195
vn 0.01096413 -0.05512043 0.9984195
vn 0.01270395 -0.002526974 0.9999161
vn 0.01196686 -0.004956835 0.9999161
vn 0.01076989 -0.007196207 0.9999161
vn 0.009159036 -0.009159036 0.9999161
vn 0.007196208 -0.01076989 0.9999161
vn 0.004956835 -0.01196686 0.9999161
vn 0.00252697 -0.01270394 0.9999161
vn -0.000003897301 7.752215e-7 1
vn -0.000003671172 0.00000152065 1
vn -0.000003303966 0.00000220764 1
vn -0.000002809794 0.000002809794 1
vn -0.000002207639 0.000003303966 1
vn -0.00000152065 0.000003671174 1
vn -7.752195e-7 0.000003897294 1
vn 0.000002649098 0 -1
vn 0.000002598194 5.168129e-7 -1
vn 0.000002447444 0.000001013765 -1
vn 0.000002202644 0.00000147176 -1
vn 0.000001873194 0.000001873194 -1
vn 0.000001471757 0.000002202641 -1
vn 0.000001013765 0.000002447444 -1
vn 5.168126e-7 0.000002598194 -1
vn -1.157957e-13 0.000002649098 -1
vn -0.2045365 0 -0.9788589
vn -0.2006063 -0.03990308 -0.9788589
vn -0.1889669 -0.07827266 -0.9788589
vn -0.1700659 -0.1136344 -0.9788589
vn -0.1446291 -0.1446291 -0.9788589
vn -0.1136343 -0.1700658 -0.9788589
vn -0.07827266 -0.1889669 -0.9788589
vn -0.03990306 -0.2006064 -0.9788589
vn 8.940576e-9 -0.2045365 -0.9788589
vn -0.4788521 0 -0.8778956
vn -0.4696511 -0.0934194 -0.8778956
vn -0.4424014 -0.1832487 -0.8778958
vn -0.398151 -0.266036 -0.8778956
vn -0.3385995 -0.3385995 -0.8778957
vn -0.2660359 -0.3981509 -0.8778957
vn -0.1832487 -0.4424014 -0.8778958
vn -0.09341938 -0.4696513 -0.8778955
vn 2.093129e-8 -0.4788521 -0.8778956
vn -0.7432946 0 -0.6689643
vn -0.7290125 -0.1450096 -0.6689641
vn -0.6867147 -0.2844466 -0.6689641
vn -0.6180268 -0.4129524 -0.6689643
vn -0.5255886 -0.5255886 -0.6689643
vn -0.4129524 -0.6180271 -0.668964
vn -0.2844465 -0.6867146 -0.6689642
vn -0.1450096 -0.7290128 -0.6689638
vn 3.249044e-8 -0.7432946 -0.6689643
vn -0.8944275 0 -0.4472128
vn -0.8772414 -0.1744942 -0.4472127
vn -0.8263436 -0.3422828 -0.4472122
vn -0.7436892 -0.4969173 -0.4472131
vn -0.6324558 -0.6324558 -0.4472128
vn -0.4969175 -0.7436897 -0.4472122
vn -0.3422827 -0.8263435 -0.4472123
vn -0.1744941 -0.8772417 -0.4472122
vn 3.909667e-8 -0.8944275 -0.4472128
vn -0.9388766 0 -0.3442539
vn -0.9208363 -0.1831657 -0.344254
vn -0.8674091 -0.3592927 -0.3442531
vn -0.7806472 -0.5216119 -0.3442542
vn -0.6638861 -0.6638861 -0.3442537
vn -0.521612 -0.7806476 -0.344253
vn -0.3592926 -0.8674091 -0.3442532
vn -0.1831657 -0.9208364 -0.3442536
vn 4.103961e-8 -0.9388766 -0.3442539
vn -0.8944279 0 -0.4472123
vn -0.8772415 -0.1744942 -0.4472128
vn -0.8263437 -0.3422828 -0.447212
vn -0.7436894 -0.4969175 -0.4472127
vn -0.6324562 -0.6324562 -0.4472117
vn -0.4969176 -0.74369 -0.4472117
vn -0.3422828 -0.8263437 -0.447212
vn -0.1744941 -0.8772416 -0.4472125
vn 3.909669e-8 -0.8944279 -0.4472123
vn -0.5932018 0 -0.8050538
vn -0.5818027 -0.1157278 -0.8050544
vn -0.5480466 -0.2270084 -0.8050541
vn -0.493229 -0.3295651 -0.805054
vn -0.4194574 -0.4194574 -0.8050535
vn -0.3295652 -0.4932293 -0.8050538
vn -0.2270084 -0.5480466 -0.8050541
vn -0.1157279 -0.5818035 -0.8050538
vn 2.592968e-8 -0.5932018 -0.8050538
vn 0 0 -1
vn 0 0 -1
vn 0 0 -1
vn 0 0 -1
vn 0 0 -1
vn 0 0 -1
vn 0 0 -1
vn 0 0 -1
vn 0 0 -1
vn -5.168129e-7 0.000002598194 -1
vn -0.000001013765 0.000002447444 -1
vn -0.00000147176 0.000002202644 -1
vn -0.000001873194 0.000001873194 -1
vn -0.000002202641 0.000001471757 -1
vn -0.000002447444 0.000001013765 -1
vn -0.000002598194 5.168126e-7 -1
vn -0.000002649098 -1.157957e-13 -1
vn 0.03990308 -0.2006063 -0.9788589
vn 0.07827266 -0.1889669 -0.9788589
vn 0.1136344 -0.1700659 -0.9788589
vn 0.1446291 -0.1446291 -0.9788589
vn 0.1700658 -0.1136343 -0.9788589
vn 0.1889669 -0.07827266 -0.9788589
vn 0.2006064 -0.03990306 -0.9788589
vn 0.2045365 8.940576e-9 -0.9788589
vn 0.0934194 -0.4696511 -0.8778956
vn 0.1832487 -0.4424014 -0.8778958
vn 0.266036 -0.398151 -0.8778956
vn 0.3385995 -0.3385995 -0.8778957
vn 0.3981509 -0.2660359 -0.8778957
vn 0.4424014 -0.1832487 -0.8778958
vn 0.4696513 -0.09341938 -0.8778955
vn 0.4788521 2.093129e-8 -0.8778956
vn 0.1450096 -0.7290125 -0.6689641
vn 0.2844466 -0.6867147 -0.6689641
vn 0.4129524 -0.6180268 -0.6689643
vn 0.5255886 -0.5255886 -0.6689643
vn 0.6180271 -0.4129524 -0.668964
vn 0.6867146 -0.2844465 -0.6689642
vn 0.7290128 -0.1450096 -0.6689638
vn 0.7432946 3.249044e-8 -0.6689643
vn 0.1744942 -0.8772414 -0.4472127
vn 0.3422828 -0.8263436 -0.4472122
vn 0.4969173 -0.7436892 -0.4472131
vn 0.6324558 -0.6324558 -0.4472128
vn 0.7436897 -0.4969175 -0.4472122
vn 0.8263435 -0.3422827 -0.4472123
vn 0.8772417 -0.1744941 -0.4472122
vn 0.8944275 3.909667e-8 -0.4472128
vn 0.1831657 -0.9208363 -0.344254
vn 0.3592927 -0.8674091 -0.3442531
vn 0.5216119 -0.7806472 -0.3442542
vn 0.6638861 -0.6638861 -0.3442537
vn 0.7806476 -0.521612 -0.344253
vn 0.8674091 -0.3592926 -0.3442532
vn 0.9208364 -0.1831657 -0.3442536
vn 0.9388766 4.103961e-8 -0.3442539
vn 0.1744942 -0.8772415 -0.4472128
vn 0.3422828 -0.8263437 -0.447212
vn 0.4969175 -0.7436894 -0.4472127
vn 0.6324562 -0.6324562 -0.4472117
vn 0.74369 -0.4969176 -0.4472117
vn 0.8263437 -0.3422828 -0.447212
vn 0.8772416 -0.1744941 -0.4472125
vn 0.8944279 3.909669e-8 -0.4472123
vn 0.1157278 -0.5818027 -0.8050544
vn 0.2270084 -0.5480466 -0.8050541
vn 0.3295651 -0.493229 -0.805054
vn 0.4194574 -0.4194574 -0.8050535
vn 0.4932293 -0.3295652 -0.8050538
vn 0.5480466 -0.2270084 -0.8050541
vn 0.5818035 -0.1157279 -0.8050538
vn 0.5932018 2.592968e-8 -0.8050538
vn 0 0 -1
vn 0 0 -1
vn 0 0 -1
vn 0 0 -1
vn 0 0 -1
vn 0 0 -1
vn 0 0 -1
vn 0 0 -1
vn 0 -0.000002649098 -1
vn -5.168129e-7 -0.000002598194 -1
vn -0.000001013765 -0.000002447444 -1
vn -0.00000147176 -0.000002202644 -1
vn -0.000001873194 -0.000001873194 -1
vn -0.000002202641 -0.000001471757 -1
vn -0.000002447444 -0.000001013765 -1
vn -0.000002598194 -5.168126e-7 -1
vn 0 0.2045365 -0.9788589
vn 0.03990308 0.2006063 -0.9788589
vn 0.07827266 0.1889669 -0.9788589
vn 0.1136344 0.1700659 -0.9788589
vn 0.1446291 0.1446291 -0.9788589
vn 0.1700658 0.1136343 -0.9788589
vn 0.1889669 0.07827266 -0.9788589
vn 0.2006064 0.03990306 -0.9788589
vn 0 0.4788521 -0.8778956
vn 0.0934194 0.4696511 -0.8778956
vn 0.1832487 0.4424014 -0.8778958
vn 0.266036 0.398151 -0.8778956
vn 0.3385995 0.3385995 -0.8778957
vn 0.3981509 0.2660359 -0.8778957
vn 0.4424014 0.1832487 -0.8778958
vn 0.4696513 0.09341938 -0.8778955
vn 0 0.7432946 -0.6689643
vn 0.1450096 0.7290125 -0.6689641
vn 0.2844466 0.6867147 -0.6689641
vn 0.4129524 0.6180268 -0.6689643
vn 0.5255886 0.5255886 -0.6689643
vn 0.6180271 0.4129524 -0.668964
vn 0.6867146 0.2844465 -0.6689642
vn 0.7290128 0.1450096 -0.6689638
vn 0 0.8944275 -0.4472128
vn 0.1744942 0.8772414 -0.4472127
vn 0.3422828 0.8263436 -0.4472122
vn 0.4969173 0.7436892 -0.4472131
vn 0.6324558 0.6324558 -0.4472128
vn 0.7436897 0.4969175 -0.4472122
vn 0.8263435 0.3422827 -0.4472123
vn 0.8772417 0.1744941 -0.4472122
vn 0 0.9388766 -0.3442539
vn 0.1831657 0.9208363 -0.344254
vn 0.3592927 0.8674091 -0.3442531
vn 0.5216119 0.7806472 -0.3442542
vn 0.6638861 0.6638861 -0.3442537
vn 0.7806476 0.521612 -0.344253
vn 0.8674091 0.3592926 -0.3442532
vn 0.9208364 0.1831657 -0.3442536
vn 0 0.8944279 -0.4472123
vn 0.1744942 0.8772415 -0.4472128
vn 0.3422828 0.8263437 -0.447212
vn 0.4969175 0.7436894 -0.4472127
vn 0.6324562 0.6324562 -0.4472117
vn 0.74369 0.4969176 -0.4472117
vn 0.8263437 0.3422828 -0.447212
vn 0.8772416 0.1744941 -0.4472125
vn 0 0.5932018 -0.8050538
vn 0.1157278 0.5818027 -0.8050544
vn 0.2270084 0.5480466 -0.8050541
vn 0.3295651 0.493229 -0.805054
vn 0.4194574 0.4194574 -0.8050535
vn 0.4932293 0.3295652 -0.8050538
vn 0.5480466 0.2270084 -0.8050541
vn 0.5818035 0.1157279 -0.8050538
vn 0 0 -1
vn 0 0 -1
vn 0 0 -1
vn 0 0 -1
vn 0 0 -1
vn 0 0 -1
vn 0 0 -1
vn 0 0 -1
vn 0.000002598194 -5.168129e-7 -1
vn 0.000002447444 -0.000001013765 -1
vn 0.000002202644 -0.00000147176 -1
vn 0.000001873194 -0.000001873194 -1
vn 0.000001471757 -0.000002202641 -1
vn 0.000001013765 -0.000002447444 -1
vn 5.168126e-7 -0.000002598194 -1
vn -0.2006063 0.03990308 -0.9788589
vn -0.1889669 0.07827266 -0.9788589
vn -0.1700659 0.1136344 -0.9788589
vn -0.1446291 0.1446291 -0.9788589
vn -0.1136343 0.1700658 -0.9788589
vn -0.07827266 0.1889669 -0.9788589
vn -0.03990306 0.2006064 -0.9788589
vn -0.4696511 0.0934194 -0.8778956
vn -0.4424014 0.1832487 -0.8778958
vn -0.398151 0.266036 -0.8778956
vn -0.3385995 0.3385995 -0.8778957
vn -0.2660359 0.3981509 -0.8778957
vn -0.1832487 0.4424014 -0.8778958
vn -0.09341938 0.4696513 -0.8778955
vn -0.7290125 0.1450096 -0.6689641
vn -0.6867147 0.2844466 -0.6689641
vn -0.6180268 0.4129524 -0.6689643
vn -0.5255886 0.5255886 -0.6689643
vn -0.4129524 0.6180271 -0.668964
vn -0.2844465 0.6867146 -0.6689642
vn -0.1450096 0.7290128 -0.6689638
vn -0.8772414 0.1744942 -0.4472127
vn -0.8263436 0.3422828 -0.4472122
vn -0.7436892 0.4969173 -0.4472131
vn -0.6324558 0.6324558 -0.4472128
vn -0.4969175 0.7436897 -0.4472122
vn -0.3422827 0.8263435 -0.4472123
vn -0.1744941 0.8772417 -0.4472122
vn -0.9208363 0.1831657 -0.344254
vn -0.8674091 0.3592927 -0.3442531
vn -0.7806472 0.5216119 -0.3442542
vn -0.6638861 0.6638861 -0.3442537
vn -0.521612 0.7806476 -0.344253
vn -0.3592926 0.8674091 -0.3442532
vn -0.1831657 0.9208364 -0.3442536
vn -0.8772415 0.1744942 -0.4472128
vn -0.8263437 0.3422828 -0.447212
vn -0.7436894 0.4969175 -0.4472127
vn -0.6324562 0.6324562 -0.4472117
vn -0.4969176 0.74369 -0.4472117
vn -0.3422828 0.8263437 -0.447212
vn -0.1744941 0.8772416 -0.4472125
vn -0.5818027 0.1157278 -0.8050544
vn -0.5480466 0.2270084 -0.8050541
vn -0.493229 0.3295651 -0.805054
vn -0.4194574 0.4194574 -0.8050535
vn -0.3295652 0.4932293 -0.8050538
vn -0.2270084 0.5480466 -0.8050541
vn -0.1157279 0.5818035 -0.8050538
vn 0 0 -1
vn 0 0 -1
vn 0 0 -1
vn 0 0 -1
vn 0 0 -1
vn 0 0 -1
vn 0 0 -1
vn 0.6321978 0 -0.7748071
vn 0.6200495 0.1233355 -0.7748077
vn 0.5840744 0.2419316 -0.7748072
vn 0.5256535 0.3512305 -0.7748067
vn 0.4470322 0.4470322 -0.7748061
vn 0.3512304 0.5256535 -0.7748068
vn 0.2419317 0.5840747 -0.7748069
vn 0.1233357 0.620051 -0.7748064
vn -2.763425e-8 0.6321978 -0.7748071
vn 0.9077931 0 -0.4194181
vn 0.8903503 0.1771017 -0.4194178
vn 0.8386917 0.3473975 -0.4194178
vn 0.7548028 0.504343 -0.4194173
vn 0.6419069 0.6419069 -0.4194174
vn 0.5043429 0.7548026 -0.4194176
vn 0.3473976 0.8386919 -0.4194173
vn 0.1771016 0.8903503 -0.4194179
vn -3.96809e-8 0.9077931 -0.4194181
vn 0.9311292 0 -0.3646894
vn 0.913238 0.1816544 -0.3646888
vn 0.8602515 0.3563279 -0.3646887
vn 0.7742059 0.5173079 -0.3646886
vn 0.6584078 0.6584078 -0.3646893
vn 0.5173078 0.7742059 -0.3646889
vn 0.3563279 0.8602517 -0.3646883
vn 0.1816542 0.9132378 -0.3646896
vn -4.070095e-8 0.9311292 -0.3646894
vn 0.8670667 0 -0.498192
vn 0.8504066 0.1691564 -0.4981913
vn 0.8010656 0.3318122 -0.4981914
vn 0.7209399 0.4817167 -0.4981914
vn 0.6131088 0.6131088 -0.4981921
vn 0.4817165 0.7209398 -0.4981917
vn 0.3318123 0.8010658 -0.498191
vn 0.1691562 0.8504061 -0.4981923
vn -3.790069e-8 0.8670667 -0.498192
vn 0.7037033 0 -0.7104939
vn 0.6901825 0.1372858 -0.7104933
vn 0.6501374 0.2692958 -0.7104935
vn 0.5851082 0.3909568 -0.7104936
vn 0.4975934 0.4975934 -0.7104939
vn 0.3909566 0.585108 -0.7104939
vn 0.2692958 0.6501374 -0.7104936
vn 0.1372856 0.6901817 -0.7104941
vn -3.075985e-8 0.7037033 -0.7104939
vn 0.4778045 0 -0.8784662
vn 0.4686241 0.09321512 -0.8784659
vn 0.4414339 0.1828479 -0.8784662
vn 0.3972799 0.265454 -0.8784662
vn 0.3378587 0.3378587 -0.8784662
vn 0.2654538 0.3972799 -0.8784662
vn 0.1828477 0.4414334 -0.8784664
vn 0.09321497 0.4686235 -0.8784663
vn -2.08855e-8 0.4778045 -0.8784662
vn 0.29275 0 -0.956189
vn 0.2871249 0.05711269 -0.956189
vn 0.2704657 0.1120306 -0.956189
vn 0.2434126 0.1626431 -0.956189
vn 0.2070055 0.2070055 -0.956189
vn 0.1626431 0.2434127 -0.9561891
vn 0.1120303 0.2704651 -0.9561892
vn 0.05711263 0.2871248 -0.9561891
vn -1.279651e-8 0.29275 -0.956189
vn 0.1961157 0 -0.9805808
vn 0.1923472 0.03826024 -0.9805808
vn 0.1811872 0.07505019 -0.9805808
vn 0.1630641 0.1089559 -0.9805808
vn 0.1386747 0.1386747 -0.9805808
vn 0.108956 0.1630642 -0.9805808
vn 0.07505018 0.1811872 -0.9805808
vn 0.03826023 0.1923472 -0.9805808
vn -8.572488e-9 0.1961157 -0.9805808
vn -0.1233355 0.6200495 -0.7748077
vn -0.2419316 0.5840744 -0.7748072
vn -0.3512305 0.5256535 -0.7748067
vn -0.4470322 0.4470322 -0.7748061
vn -0.5256535 0.3512304 -0.7748068
vn -0.5840747 0.2419317 -0.7748069
vn -0.620051 0.1233357 -0.7748064
vn -0.6321978 -2.763425e-8 -0.7748071
vn -0.1771017 0.8903503 -0.4194178
vn -0.3473975 0.8386917 -0.4194178
vn -0.504343 0.7548028 -0.4194173
vn -0.6419069 0.6419069 -0.4194174
vn -0.7548026 0.5043429 -0.4194176
vn -0.8386919 0.3473976 -0.4194173
vn -0.8903503 0.1771016 -0.4194179
vn -0.9077931 -3.96809e-8 -0.4194181
vn -0.1816544 0.913238 -0.3646888
vn -0.3563279 0.8602515 -0.3646887
vn -0.5173079 0.7742059 -0.3646886
vn -0.6584078 0.6584078 -0.3646893
vn -0.7742059 0.5173078 -0.3646889
vn -0.8602517 0.3563279 -0.3646883
vn -0.9132378 0.1816542 -0.3646896
vn -0.9311292 -4.070095e-8 -0.3646894
vn -0.1691564 0.8504066 -0.4981913
vn -0.3318122 0.8010656 -0.4981914
vn -0.4817167 0.7209399 -0.4981914
vn -0.6131088 0.6131088 -0.4981921
vn -0.7209398 0.4817165 -0.4981917
vn -0.8010658 0.3318123 -0.498191
vn -0.8504061 0.1691562 -0.4981923
vn -0.8670667 -3.790069e-8 -0.498192
vn -0.1372858 0.6901825 -0.7104933
vn -0.2692958 0.6501374 -0.7104935
vn -0.3909568 0.5851082 -0.7104936
vn -0.4975934 0.4975934 -0.7104939
vn -0.585108 0.3909566 -0.7104939
vn -0.6501374 0.2692958 -0.7104936
vn -0.6901817 0.1372856 -0.7104941
vn -0.7037033 -3.075985e-8 -0.7104939
vn -0.09321512 0.4686241 -0.8784659
vn -0.1828479 0.4414339 -0.8784662
vn -0.265454 0.3972799 -0.8784662
vn -0.3378587 0.3378587 -0.8784662
vn -0.3972799 0.2654538 -0.8784662
vn -0.4414334 0.1828477 -0.8784664
vn -0.4686235 0.09321497 -0.8784663
vn -0.4778045 -2.08855e-8 -0.8784662
vn -0.05711269 0.2871249 -0.956189
vn -0.1120306 0.2704657 -0.956189
vn -0.1626431 0.2434126 -0.956189
vn -0.2070055 0.2070055 -0.956189
vn -0.2434127 0.1626431 -0.9561891
vn -0.2704651 0.1120303 -0.9561892
vn -0.2871248 0.05711263 -0.9561891
vn -0.29275 -1.279651e-8 -0.956189
vn -0.03826024 0.1923472 -0.9805808
vn -0.07505019 0.1811872 -0.9805808
vn -0.1089559 0.1630641 -0.9805808
vn -0.1386747 0.1386747 -0.9805808
vn -0.1630642 0.108956 -0.9805808
vn -0.1811872 0.07505018 -0.9805808
vn -0.1923472 0.03826023 -0.9805808
vn -0.1961157 -8.572488e-9 -0.9805808
vn 0 -0.6321978 -0.7748071
vn -0.1233355 -0.6200495 -0.7748077
vn -0.2419316 -0.5840744 -0.7748072
vn -0.3512305 -0.5256535 -0.7748067
vn -0.4470322 -0.4470322 -0.7748061
vn -0.5256535 -0.3512304 -0.7748068
vn -0.5840747 -0.2419317 -0.7748069
vn -0.620051 -0.1233357 -0.7748064
vn 0 -0.9077931 -0.4194181
vn -0.1771017 -0.8903503 -0.4194178
vn -0.3473975 -0.8386917 -0.4194178
vn -0.504343 -0.7548028 -0.4194173
vn -0.6419069 -0.6419069 -0.4194174
vn -0.7548026 -0.5043429 -0.4194176
vn -0.8386919 -0.3473976 -0.4194173
vn -0.8903503 -0.1771016 -0.4194179
vn 0 -0.9311292 -0.3646894
vn -0.1816544 -0.913238 -0.3646888
vn -0.3563279 -0.8602515 -0.3646887
vn -0.5173079 -0.7742059 -0.3646886
vn -0.6584078 -0.6584078 -0.3646893
vn -0.7742059 -0.5173078 -0.3646889
vn -0.8602517 -0.3563279 -0.3646883
vn -0.9132378 -0.1816542 -0.3646896
vn 0 -0.8670667 -0.498192
vn -0.1691564 -0.8504066 -0.4981913
vn -0.3318122 -0.8010656 -0.4981914
vn -0.4817167 -0.7209399 -0.4981914
vn -0.6131088 -0.6131088 -0.4981921
vn -0.7209398 -0.4817165 -0.4981917
vn -0.8010658 -0.3318123 -0.498191
vn -0.8504061 -0.1691562 -0.4981923
vn 0 -0.7037033 -0.7104939
vn -0.1372858 -0.6901825 -0.7104933
vn -0.2692958 -0.6501374 -0.7104935
vn -0.3909568 -0.5851082 -0.7104936
vn -0.4975934 -0.4975934 -0.7104939
vn -0.585108 -0.3909566 -0.7104939
vn -0.6501374 -0.2692958 -0.7104936
vn -0.6901817 -0.1372856 -0.7104941
vn 0 -0.4778045 -0.8784662
vn -0.09321512 -0.4686241 -0.8784659
vn -0.1828479 -0.4414339 -0.8784662
vn -0.265454 -0.3972799 -0.8784662
vn -0.3378587 -0.3378587 -0.8784662
vn -0.3972799 -0.2654538 -0.8784662
vn -0.4414334 -0.1828477 -0.8784664
vn -0.4686235 -0.09321497 -0.8784663
vn 0 -0.29275 -0.956189
vn -0.05711269 -0.2871249 -0.956189
vn -0.1120306 -0.2704657 -0.956189
vn -0.1626431 -0.2434126 -0.956189
vn -0.2070055 -0.2070055 -0.956189
vn -0.2434127 -0.1626431 -0.9561891
vn -0.2704651 -0.1120303 -0.9561892
vn -0.2871248 -0.05711263 -0.9561891
vn 0 -0.1961157 -0.9805808
vn -0.03826024 -0.1923472 -0.9805808
vn -0.07505019 -0.1811872 -0.9805808
vn -0.1089559 -0.1630641 -0.9805808
vn -0.1386747 -0.1386747 -0.9805808
vn -0.1630642 -0.108956 -0.9805808
vn -0.1811872 -0.07505018 -0.9805808
vn -0.1923472 -0.03826023 -0.9805808
vn 0.6200495 -0.1233355 -0.7748077
vn 0.5840744 -0.2419316 -0.7748072
vn 0.5256535 -0.3512305 -0.7748067
vn 0.4470322 -0.4470322 -0.7748061
vn 0.3512304 -0.5256535 -0.7748068
vn 0.2419317 -0.5840747 -0.7748069
vn 0.1233357 -0.620051 -0.7748064
vn 0.8903503 -0.1771017 -0.4194178
vn 0.8386917 -0.3473975 -0.4194178
vn 0.7548028 -0.504343 -0.4194173
vn 0.6419069 -0.6419069 -0.4194174
vn 0.5043429 -0.7548026 -0.4194176
vn 0.3473976 -0.8386919 -0.4194173
vn 0.1771016 -0.8903503 -0.4194179
vn 0.913238 -0.1816544 -0.3646888
vn 0.8602515 -0.3563279 -0.3646887
vn 0.7742059 -0.5173079 -0.3646886
vn 0.6584078 -0.6584078 -0.3646893
vn 0.5173078 -0.7742059 -0.3646889
vn 0.3563279 -0.8602517 -0.3646883
vn 0.1816542 -0.9132378 -0.3646896
vn 0.8504066 -0.1691564 -0.4981913
vn 0.8010656 -0.3318122 -0.4981914
vn 0.7209399 -0.4817167 -0.4981914
vn 0.6131088 -0.6131088 -0.4981921
vn 0.4817165 -0.7209398 -0.4981917
vn 0.3318123 -0.8010658 -0.498191
vn 0.1691562 -0.8504061 -0.4981923
vn 0.6901825 -0.1372858 -0.7104933
vn 0.6501374 -0.2692958 -0.7104935
vn 0.5851082 -0.3909568 -0.7104936
vn 0.4975934 -0.4975934 -0.7104939
vn 0.3909566 -0.585108 -0.7104939
vn 0.2692958 -0.6501374 -0.7104936
vn 0.1372856 -0.6901817 -0.7104941
vn 0.4686241 -0.09321512 -0.8784659
vn 0.4414339 -0.1828479 -0.8784662
vn 0.3972799 -0.265454 -0.8784662
vn 0.3378587 -0.3378587 -0.8784662
vn 0.2654538 -0.3972799 -0.8784662
vn 0.1828477 -0.4414334 -0.8784664
vn 0.09321497 -0.4686235 -0.8784663
vn 0.2871249 -0.05711269 -0.956189
vn 0.2704657 -0.1120306 -0.956189
vn 0.2434126 -0.1626431 -0.956189
vn 0.2070055 -0.2070055 -0.956189
vn 0.1626431 -0.2434127 -0.9561891
vn 0.1120303 -0.2704651 -0.9561892
vn 0.05711263 -0.2871248 -0.9561891
vn 0.1923472 -0.03826024 -0.9805808
vn 0.1811872 -0.07505019 -0.9805808
vn 0.1630641 -0.1089559 -0.9805808
vn 0.1386747 -0.1386747 -0.9805808
vn 0.108956 -0.1630642 -0.9805808
vn 0.07505018 -0.1811872 -0.9805808
vn 0.03826023 -0.1923472 -0.9805808
vn 0.1728043 0 -0.9849562
vn 0.1694839 0.03371244 -0.9849562
vn 0.1596503 0.06612934 -0.9849562
vn 0.1436815 0.09600492 -0.9849562
vn 0.1221911 0.1221911 -0.9849562
vn 0.09600493 0.1436815 -0.9849562
vn 0.06612951 0.1596508 -0.9849561
vn 0.03371243 0.1694839 -0.9849562
vn -7.553517e-9 0.1728043 -0.9849562
vn 0.1775591 0 -0.9841101
vn 0.1741474 0.03464007 -0.9841101
vn 0.1640432 0.06794894 -0.9841101
vn 0.147635 0.09864654 -0.9841101
vn 0.1255532 0.1255532 -0.9841101
vn 0.09864652 0.147635 -0.9841101
vn 0.06794905 0.1640435 -0.9841101
vn 0.03464005 0.1741474 -0.9841101
vn -7.761355e-9 0.1775591 -0.9841101
vn 0.181113 0 -0.9834623
vn 0.177633 0.0353334 -0.9834623
vn 0.1673266 0.06930894 -0.9834623
vn 0.15059 0.100621 -0.9834623
vn 0.1280662 0.1280662 -0.9834623
vn 0.100621 0.15059 -0.9834623
vn 0.06930897 0.1673267 -0.9834623
vn 0.03533339 0.177633 -0.9834623
vn -7.9167e-9 0.181113 -0.9834623
vn 0.1704032 0 -0.9853744
vn 0.167129 0.03324402 -0.9853744
vn 0.157432 0.0652105 -0.9853744
vn 0.1416851 0.09467097 -0.9853744
vn 0.1204933 0.1204933 -0.9853744
vn 0.09467095 0.1416851 -0.9853744
vn 0.06521045 0.1574319 -0.9853745
vn 0.03324401 0.167129 -0.9853744
vn -7.448562e-9 0.1704032 -0.9853744
vn 0.1421635 0 -0.9898432
vn 0.1394319 0.02773472 -0.9898432
vn 0.1313419 0.05440362 -0.9898432
vn 0.1182046 0.07898181 -0.9898432
vn 0.1005248 0.1005248 -0.9898432
vn 0.07898179 0.1182046 -0.9898432
vn 0.05440354 0.1313417 -0.9898432
vn 0.02773471 0.1394319 -0.9898432
vn -6.214164e-9 0.1421635 -0.9898432
vn 0.0992868 0 -0.9950588
vn 0.09737904 0.01936989 -0.9950589
vn 0.09172904 0.03799542 -0.9950588
vn 0.08255396 0.05516079 -0.9950589
vn 0.07020637 0.07020637 -0.9950588
vn 0.05516079 0.08255396 -0.9950588
vn 0.03799535 0.0917289 -0.9950589
vn 0.01936989 0.09737904 -0.9950588
vn -4.339964e-9 0.0992868 -0.9950588
vn 0.04875638 0 -0.9988106
vn 0.04781954 0.009511895 -0.9988107
vn 0.04504502 0.01865826 -0.9988107
vn 0.04053944 0.02708759 -0.9988107
vn 0.03447596 0.03447596 -0.9988107
vn 0.02708759 0.04053944 -0.9988107
vn 0.01865824 0.04504496 -0.9988107
vn 0.009511893 0.04781954 -0.9988107
vn -2.131209e-9 0.04875638 -0.9988106
vn -8.830318e-7 0 -1
vn -0.03371244 0.1694839 -0.9849562
vn -0.06612934 0.1596503 -0.9849562
vn -0.09600492 0.1436815 -0.9849562
vn -0.1221911 0.1221911 -0.9849562
vn -0.1436815 0.09600493 -0.9849562
vn -0.1596508 0.06612951 -0.9849561
vn -0.1694839 0.03371243 -0.9849562
vn -0.1728043 -7.553517e-9 -0.9849562
vn -0.03464007 0.1741474 -0.9841101
vn -0.06794894 0.1640432 -0.9841101
vn -0.09864654 0.147635 -0.9841101
vn -0.1255532 0.1255532 -0.9841101
vn -0.147635 0.09864652 -0.9841101
vn -0.1640435 0.06794905 -0.9841101
vn -0.1741474 0.03464005 -0.9841101
vn -0.1775591 -7.761355e-9 -0.9841101
vn -0.0353334 0.177633 -0.9834623
vn -0.06930894 0.1673266 -0.9834623
vn -0.100621 0.15059 -0.9834623
vn -0.1280662 0.1280662 -0.9834623
vn -0.15059 0.100621 -0.9834623
vn -0.1673267 0.06930897 -0.9834623
vn -0.177633 0.03533339 -0.9834623
vn -0.181113 -7.9167e-9 -0.9834623
vn -0.03324402 0.167129 -0.9853744
vn -0.0652105 0.157432 -0.9853744
vn -0.09467097 0.1416851 -0.9853744
vn -0.1204933 0.1204933 -0.9853744
vn -0.1416851 0.09467095 -0.9853744
vn -0.1574319 0.06521045 -0.9853745
vn -0.167129 0.03324401 -0.9853744
vn -0.1704032 -7.448562e-9 -0.9853744
vn -0.02773472 0.1394319 -0.9898432
vn -0.05440362 0.1313419 -0.9898432
vn -0.07898181 0.1182046 -0.9898432
vn -0.1005248 0.1005248 -0.9898432
vn -0.1182046 0.07898179 -0.9898432
vn -0.1313417 0.05440354 -0.9898432
vn -0.1394319 0.02773471 -0.9898432
vn -0.1421635 -6.214164e-9 -0.9898432
vn -0.01936989 0.09737904 -0.9950589
vn -0.03799542 0.09172904 -0.9950588
vn -0.05516079 0.08255396 -0.9950589
vn -0.07020637 0.07020637 -0.9950588
vn -0.08255396 0.05516079 -0.9950588
vn -0.0917289 0.03799535 -0.9950589
vn -0.09737904 0.01936989 -0.9950588
vn -0.0992868 -4.339964e-9 -0.9950588
vn -0.009511895 0.04781954 -0.9988107
vn -0.01865826 0.04504502 -0.9988107
vn -0.02708759 0.04053944 -0.9988107
vn -0.03447596 0.03447596 -0.9988107
vn -0.04053944 0.02708759 -0.9988107
vn -0.04504496 0.01865824 -0.9988107
vn -0.04781954 0.009511893 -0.9988107
vn -0.04875638 -2.131209e-9 -0.9988106
vn 0 -0.1728043 -0.9849562
vn -0.03371244 -0.1694839 -0.9849562
vn -0.06612934 -0.1596503 -0.9849562
vn -0.09600492 -0.1436815 -0.9849562
vn -0.1221911 -0.1221911 -0.9849562
vn -0.1436815 -0.09600493 -0.9849562
vn -0.1596508 -0.06612951 -0.9849561
vn -0.1694839 -0.03371243 -0.9849562
vn 0 -0.1775591 -0.9841101
vn -0.03464007 -0.1741474 -0.9841101
vn -0.06794894 -0.1640432 -0.9841101
vn -0.09864654 -0.147635 -0.9841101
vn -0.1255532 -0.1255532 -0.9841101
vn -0.147635 -0.09864652 -0.9841101
vn -0.1640435 -0.06794905 -0.9841101
vn -0.1741474 -0.03464005 -0.9841101
vn 0 -0.181113 -0.9834623
vn -0.0353334 -0.177633 -0.9834623
vn -0.06930894 -0.1673266 -0.9834623
vn -0.100621 -0.15059 -0.9834623
vn -0.1280662 -0.1280662 -0.9834623
vn -0.15059 -0.100621 -0.9834623
vn -0.1673267 -0.06930897 -0.9834623
vn -0.177633 -0.03533339 -0.9834623
vn 0 -0.1704032 -0.9853744
vn -0.03324402 -0.167129 -0.9853744
vn -0.0652105 -0.157432 -0.9853744
vn -0.09467097 -0.1416851 -0.9853744
vn -0.1204933 -0.1204933 -0.9853744
vn -0.1416851 -0.09467095 -0.9853744
vn -0.1574319 -0.06521045 -0.9853745
vn -0.167129 -0.03324401 -0.9853744
vn 0 -0.1421635 -0.9898432
vn -0.02773472 -0.1394319 -0.9898432
vn -0.05440362 -0.1313419 -0.9898432
vn -0.07898181 -0.1182046 -0.9898432
vn -0.1005248 -0.1005248 -0.9898432
vn -0.1182046 -0.07898179 -0.9898432
vn -0.1313417 -0.05440354 -0.9898432
vn -0.1394319 -0.02773471 -0.9898432
vn 0 -0.0992868 -0.9950588
vn -0.01936989 -0.09737904 -0.9950589
vn -0.03799542 -0.09172904 -0.9950588
vn -0.05516079 -0.08255396 -0.9950589
vn -0.07020637 -0.07020637 -0.9950588
vn -0.08255396 -0.05516079 -0.9950588
vn -0.0917289 -0.03799535 -0.9950589
vn -0.09737904 -0.01936989 -0.9950588
vn 0 -0.04875638 -0.9988106
vn -0.009511895 -0.04781954 -0.9988107
vn -0.01865826 -0.04504502 -0.9988107
vn -0.02708759 -0.04053944 -0.9988107
vn -0.03447596 -0.03447596 -0.9988107
vn -0.04053944 -0.02708759 -0.9988107
vn -0.04504496 -0.01865824 -0.9988107
vn -0.04781954 -0.009511893 -0.9988107
vn 0.1694839 -0.03371244 -0.9849562
vn 0.1596503 -0.06612934 -0.9849562
vn 0.1436815 -0.09600492 -0.9849562
vn 0.1221911 -0.1221911 -0.9849562
vn 0.09600493 -0.1436815 -0.9849562
vn 0.06612951 -0.1596508 -0.9849561
vn 0.03371243 -0.1694839 -0.9849562
vn 0.1741474 -0.03464007 -0.9841101
vn 0.1640432 -0.06794894 -0.9841101
vn 0.147635 -0.09864654 -0.9841101
vn 0.1255532 -0.1255532 -0.9841101
vn 0.09864652 -0.147635 -0.9841101
vn 0.06794905 -0.1640435 -0.9841101
vn 0.03464005 -0.1741474 -0.9841101
vn 0.177633 -0.0353334 -0.9834623
vn 0.1673266 -0.06930894 -0.9834623
vn 0.15059 -0.100621 -0.9834623
vn 0.1280662 -0.1280662 -0.9834623
vn 0.100621 -0.15059 -0.9834623
vn 0.06930897 -0.1673267 -0.9834623
vn 0.03533339 -0.177633 -0.9834623
vn 0.167129 -0.03324402 -0.9853744
vn 0.157432 -0.0652105 -0.9853744
vn 0.1416851 -0.09467097 -0.9853744
vn 0.1204933 -0.1204933 -0.9853744
vn 0.09467095 -0.1416851 -0.9853744
vn 0.06521045 -0.1574319 -0.9853745
vn 0.03324401 -0.167129 -0.9853744
vn 0.1394319 -0.02773472 -0.9898432
vn 0.1313419 -0.05440362 -0.9898432
vn 0.1182046 -0.07898181 -0.9898432
vn 0.1005248 -0.1005248 -0.9898432
vn 0.07898179 -0.1182046 -0.9898432
vn 0.05440354 -0.1313417 -0.9898432
vn 0.02773471 -0.1394319 -0.9898432
vn 0.09737904 -0.01936989 -0.9950589
vn 0.09172904 -0.03799542 -0.9950588
vn 0.08255396 -0.05516079 -0.9950589
vn 0.07020637 -0.07020637 -0.9950588
vn 0.05516079 -0.08255396 -0.9950588
vn 0.03799535 -0.0917289 -0.9950589
vn 0.01936989 -0.09737904 -0.9950588
vn 0.04781954 -0.009511895 -0.9988107
vn 0.04504502 -0.01865826 -0.9988107
vn 0.04053944 -0.02708759 -0.9988107
vn 0.03447596 -0.03447596 -0.9988107
vn 0.02708759 -0.04053944 -0.9988107
vn 0.01865824 -0.04504496 -0.9988107
vn 0.009511893 -0.04781954 -0.9988107

vt 0.125 0.7290039
vt 0.1396484 0.7289684
vt 0.1542969 0.7288698
vt 0.1689453 0.728716
vt 0.1835938 0.7285156
vt 0.1982422 0.7282834
vt 0.2128906 0.7280486
vt 0.2275391 0.7278602
vt 0.2421875 0.7277832
vt 0.125 0.7103795
vt 0.1396484 0.7103065
vt 0.1542969 0.7101035
vt 0.1689453 0.7097873
vt 0.1835938 0.709375
vt 0.1982422 0.7088974
vt 0.2128906 0.7084142
vt 0.2275391 0.7080268
vt 0.2421875 0.7078683
vt 0.125 0.6937082
vt 0.1396484 0.6936017
vt 0.1542969 0.6933057
vt 0.1689453 0.6928446
vt 0.1835938 0.6922433
vt 0.1982422 0.6915467
vt 0.2128906 0.6908422
vt 0.2275391 0.6902771
vt 0.2421875 0.6900461
vt 0.125 0.6785715
vt 0.1396484 0.6784416
vt 0.1542969 0.6780809
vt 0.1689453 0.6775187
vt 0.1835938 0.6767857
vt 0.1982422 0.6759365
vt 0.2128906 0.6750777
vt 0.2275391 0.6743888
vt 0.2421875 0.6741071
vt 0.125 0.6645508
vt 0.1396484 0.6644139
vt 0.1542969 0.6640334
vt 0.1689453 0.6634405
vt 0.1835938 0.6626674
vt 0.1982422 0.6617718
vt 0.2128906 0.6608659
vt 0.2275391 0.6601394
vt 0.2421875 0.6598424
vt 0.125 0.6512277
vt 0.1396484 0.651106
vt 0.1542969 0.6507677
vt 0.1689453 0.6502408
vt 0.1835938 0.6495535
vt 0.1982422 0.6487575
vt 0.2128906 0.6479523
vt 0.2275391 0.6473065
vt 0.2421875 0.6470424
vt 0.125 0.6381836
vt 0.1396484 0.6381055
vt 0.1542969 0.6378885
vt 0.1689453 0.6375504
vt 0.1835938 0.6371094
vt 0.1982422 0.6365985
vt 0.2128906 0.6360819
vt 0.2275391 0.6356675
vt 0.2421875 0.635498
vt 0.125 0.625
vt 0.1396484 0.625
vt 0.1542969 0.625
vt 0.1689453 0.625
vt 0.1835938 0.625
vt 0.1982422 0.625
vt 0.2128906 0.625
vt 0.2275391 0.625
vt 0.2421875 0.625
vt 0.125 0.742126
vt 0.1396484 0.7426475
vt 0.1542969 0.7425119
vt 0.1672173 0.7416177
vt 0.1689453 0.7414951
vt 0.1835938 0.7396754
vt 0.1982422 0.7371706
vt 0.2011672 0.7366441
vt 0.2128906 0.7346588
vt 0.2275391 0.7324589
vt 0.2421875 0.7308633
vt 0.125 0.7441148
vt 0.125 0.7461036
vt 0.125 0.7480925
vt 0.1396484 0.7446363
vt 0.1396484 0.7466252
vt 0.1396484 0.748614
vt 0.1542969 0.7445008
vt 0.1542969 0.7464896
vt 0.1542969 0.7484784
vt 0.1672173 0.7436065
vt 0.1672173 0.7455953
vt 0.1672173 0.7475842
vt 0.1689453 0.7434839
vt 0.1689453 0.7454727
vt 0.1689453 0.7474616
vt 0.1835938 0.7416642
vt 0.1835938 0.7436531
vt 0.1835938 0.7456419
vt 0.1982422 0.7391594
vt 0.1982422 0.7411482
vt 0.1982422 0.7431371
vt 0.2011672 0.7386329
vt 0.2011672 0.7406217
vt 0.2011672 0.7426106
vt 0.2128906 0.7366476
vt 0.2128906 0.7386364
vt 0.2128906 0.7406253
vt 0.2275391 0.7344477
vt 0.2275391 0.7364366
vt 0.2275391 0.7384254
vt 0.2421875 0.7328521
vt 0.2421875 0.7348409
vt 0.2421875 0.7368298
vt 0.1103516 0.7289684
vt 0.09570313 0.7288698
vt 0.08105469 0.728716
vt 0.06640625 0.7285156
vt 0.05175781 0.7282834
vt 0.03710938 0.7280486
vt 0.02246094 0.7278602
vt 0.0078125 0.7277832
vt 0.1103516 0.7103065
vt 0.09570313 0.7101035
vt 0.08105469 0.7097873
vt 0.06640625 0.709375
vt 0.05175781 0.7088974
vt 0.03710938 0.7084142
vt 0.02246094 0.7080268
vt 0.0078125 0.7078683
vt 0.1103516 0.6936017
vt 0.09570313 0.6933057
vt 0.08105469 0.6928446
vt 0.06640625 0.6922433
vt 0.05175781 0.6915467
vt 0.03710938 0.6908422
vt 0.02246094 0.6902771
vt 0.0078125 0.6900461
vt 0.1103516 0.6784416
vt 0.09570313 0.6780809
vt 0.08105469 0.6775187
vt 0.06640625 0.6767857
vt 0.05175781 0.6759365
vt 0.03710938 0.6750777
vt 0.02246094 0.6743888
vt 0.0078125 0.6741071
vt 0.1103516 0.6644139
vt 0.09570313 0.6640334
vt 0.08105469 0.6634405
vt 0.06640625 0.6626674
vt 0.05175781 0.6617718
vt 0.03710938 0.6608659
vt 0.02246094 0.6601394
vt 0.0078125 0.6598424
vt 0.1103516 0.651106
vt 0.09570313 0.6507677
vt 0.08105469 0.6502408
vt 0.06640625 0.6495535
vt 0.05175781 0.6487575
vt 0.03710938 0.6479523
vt 0.02246094 0.6473065
vt 0.0078125 0.6470424
vt 0.1103516 0.6381055
vt 0.09570313 0.6378885
vt 0.08105469 0.6375504
vt 0.06640625 0.6371094
vt 0.05175781 0.6365985
vt 0.03710938 0.6360819
vt 0.02246094 0.6356675
vt 0.0078125 0.635498
vt 0.1103516 0.625
vt 0.09570313 0.625
vt 0.08105469 0.625
vt 0.06640625 0.625
vt 0.05175781 0.625
vt 0.03710938 0.625
vt 0.02246094 0.625
vt 0.0078125 0.625
vt 0.1103516 0.7426475
vt 0.09570313 0.7425119
vt 0.08278272 0.7416177
vt 0.08105469 0.7414951
vt 0.06640625 0.7396754
vt 0.05175781 0.7371706
vt 0.0488328 0.7366441
vt 0.03710938 0.7346588
vt 0.02246094 0.7324589
vt 0.0078125 0.7308633
vt 0.1103516 0.7446363
vt 0.1103516 0.7466252
vt 0.1103516 0.748614
vt 0.09570313 0.7445008
vt 0.09570313 0.7464896
vt 0.09570313 0.7484784
vt 0.08278272 0.7436065
vt 0.08278272 0.7455953
vt 0.08278272 0.7475842
vt 0.08105469 0.7434839
vt 0.08105469 0.7454727
vt 0.08105469 0.7474616
vt 0.06640625 0.7416642
vt 0.06640625 0.7436531
vt 0.06640625 0.7456419
vt 0.05175781 0.7391594
vt 0.05175781 0.7411482
vt 0.05175781 0.7431371
vt 0.04883282 0.7386329
vt 0.0488328 0.7406217
vt 0.0488328 0.7426106
vt 0.03710938 0.7366476
vt 0.03710938 0.7386364
vt 0.03710938 0.7406253
vt 0.02246094 0.7344477
vt 0.02246094 0.7364366
vt 0.02246094 0.7384254
vt 0.0078125 0.7328521
vt 0.0078125 0.7348409
vt 0.0078125 0.7368298
vt 0.125 0.6125489
vt 0.1396484 0.6126294
vt 0.1542969 0.612853
vt 0.1689453 0.6132001
vt 0.1835938 0.6136489
vt 0.1982422 0.6141616
vt 0.2128906 0.6146706
vt 0.2275391 0.6150709
vt 0.2421875 0.6152326
vt 0.125 0.5997224
vt 0.1396484 0.5998343
vt 0.1542969 0.600145
vt 0.1689453 0.6006256
vt 0.1835938 0.6012453
vt 0.1982422 0.6019506
vt 0.2128906 0.6026488
vt 0.2275391 0.6031967
vt 0.2421875 0.6034176
vt 0.125 0.5864109
vt 0.1396484 0.5865184
vt 0.1542969 0.5868158
vt 0.1689453 0.587274
vt 0.1835938 0.5878612
vt 0.1982422 0.588526
vt 0.2128906 0.5891806
vt 0.2275391 0.5896924
vt 0.2421875 0.5898983
vt 0.125 0.5725051
vt 0.1396484 0.5725851
vt 0.1542969 0.5728054
vt 0.1689453 0.5731418
vt 0.1835938 0.5735685
vt 0.1982422 0.5740461
vt 0.2128906 0.5745119
vt 0.2275391 0.5748732
vt 0.2421875 0.575018
vt 0.125 0.5578955
vt 0.1396484 0.557938
vt 0.1542969 0.5580537
vt 0.1689453 0.5582263
vt 0.1835938 0.558439
vt 0.1982422 0.5586699
vt 0.2128906 0.5588885
vt 0.2275391 0.5590543
vt 0.2421875 0.5591198
vt 0.125 0.5424727
vt 0.1396484 0.5424808
vt 0.1542969 0.5425006
vt 0.1689453 0.5425245
vt 0.1835938 0.5425449
vt 0.1982422 0.542556
vt 0.2128906 0.5425565
vt 0.2275391 0.5425506
vt 0.2421875 0.5425469
vt 0.125 0.5261273
vt 0.1396484 0.5261169
vt 0.1542969 0.5260861
vt 0.1689453 0.5260334
vt 0.1835938 0.5259579
vt 0.1982422 0.5258632
vt 0.2128906 0.5257617
vt 0.2275391 0.5256775
vt 0.2421875 0.5256426
vt 0.2421875 0.5233299
vt 0.2275391 0.5226796
vt 0.2128906 0.5217014
vt 0.1982422 0.5205354
vt 0.1961481 0.5203646
vt 0.1835938 0.5180396
vt 0.1723704 0.5166076
vt 0.1689453 0.5157549
vt 0.1542969 0.5135882
vt 0.1424513 0.513075
vt 0.1396484 0.512814
vt 0.125 0.5129297
vt 0.2421875 0.5212535
vt 0.2421875 0.5191771
vt 0.2421875 0.5171007
vt 0.2275391 0.5206032
vt 0.2275391 0.5185268
vt 0.2275391 0.5164504
vt 0.2128906 0.519625
vt 0.2128906 0.5175486
vt 0.2128906 0.5154722
vt 0.1982422 0.518459
vt 0.1982422 0.5163826
vt 0.1982422 0.5143062
vt 0.1961481 0.5182882
vt 0.1961481 0.5162118
vt 0.1961481 0.5141354
vt 0.1835938 0.5159633
vt 0.1835938 0.5138869
vt 0.1835938 0.5118105
vt 0.1723704 0.5145311
vt 0.1723704 0.5124548
vt 0.1723704 0.5103784
vt 0.1689453 0.5136786
vt 0.1689453 0.5116022
vt 0.1689453 0.5095258
vt 0.1542969 0.5115119
vt 0.1542969 0.5094355
vt 0.1542969 0.5073591
vt 0.1424513 0.5109986
vt 0.1424513 0.5089222
vt 0.1424513 0.5068458
vt 0.1396484 0.5107376
vt 0.1396484 0.5086612
vt 0.1396484 0.5065848
vt 0.125 0.5108533
vt 0.125 0.5087769
vt 0.125 0.5067005
vt 0.1103516 0.6126294
vt 0.09570313 0.612853
vt 0.08105469 0.6132001
vt 0.06640625 0.6136489
vt 0.05175781 0.6141616
vt 0.03710938 0.6146706
vt 0.02246094 0.6150709
vt 0.0078125 0.6152326
vt 0.1103516 0.5998343
vt 0.09570313 0.600145
vt 0.08105469 0.6006256
vt 0.06640625 0.6012453
vt 0.05175781 0.6019506
vt 0.03710938 0.6026488
vt 0.02246094 0.6031967
vt 0.0078125 0.6034176
vt 0.1103516 0.5865184
vt 0.09570313 0.5868158
vt 0.08105469 0.587274
vt 0.06640625 0.5878612
vt 0.05175781 0.588526
vt 0.03710938 0.5891806
vt 0.02246094 0.5896924
vt 0.0078125 0.5898983
vt 0.1103516 0.5725851
vt 0.09570313 0.5728054
vt 0.08105469 0.5731418
vt 0.06640625 0.5735685
vt 0.05175781 0.5740461
vt 0.03710938 0.5745119
vt 0.02246094 0.5748732
vt 0.0078125 0.575018
vt 0.1103516 0.557938
vt 0.09570313 0.5580537
vt 0.08105469 0.5582263
vt 0.06640625 0.558439
vt 0.05175781 0.5586699
vt 0.03710938 0.5588885
vt 0.02246094 0.5590543
vt 0.0078125 0.5591198
vt 0.1103516 0.5424808
vt 0.09570313 0.5425006
vt 0.08105469 0.5425245
vt 0.06640625 0.5425449
vt 0.05175781 0.542556
vt 0.03710938 0.5425565
vt 0.02246094 0.5425506
vt 0.0078125 0.5425469
vt 0.1103516 0.5261169
vt 0.09570313 0.5260861
vt 0.08105469 0.5260334
vt 0.06640625 0.5259579
vt 0.05175781 0.5258632
vt 0.03710938 0.5257617
vt 0.02246094 0.5256775
vt 0.0078125 0.5256426
vt 0.0078125 0.5233299
vt 0.02246094 0.5226796
vt 0.03710938 0.5217014
vt 0.05175781 0.5205354
vt 0.0538519 0.5203646
vt 0.06640625 0.5180396
vt 0.07762957 0.5166076
vt 0.08105469 0.5157549
vt 0.09570313 0.5135882
vt 0.1075487 0.513075
vt 0.1103516 0.512814
vt 0.0078125 0.5212535
vt 0.0078125 0.5191771
vt 0.0078125 0.5171007
vt 0.02246094 0.5206032
vt 0.02246094 0.5185268
vt 0.02246094 0.5164504
vt 0.03710938 0.519625
vt 0.03710938 0.5175486
vt 0.03710938 0.5154722
vt 0.05175781 0.518459
vt 0.05175781 0.5163826
vt 0.05175781 0.5143062
vt 0.0538519 0.5182882
vt 0.0538519 0.5162118
vt 0.0538519 0.5141354
vt 0.06640625 0.5159633
vt 0.06640625 0.5138869
vt 0.06640625 0.5118105
vt 0.07762957 0.5145311
vt 0.07762957 0.5124548
vt 0.07762957 0.5103784
vt 0.08105469 0.5136786
vt 0.08105469 0.5116022
vt 0.08105469 0.5095258
vt 0.09570313 0.5115119
vt 0.09570313 0.5094355
vt 0.09570313 0.5073591
vt 0.1075487 0.5109986
vt 0.1075487 0.5089222
vt 0.1075487 0.5068458
vt 0.1103516 0.5107376
vt 0.1103516 0.5086612
vt 0.1103516 0.5065848
vt 0.75 0.75
vt 0.765625 0.75
vt 0.78125 0.75
vt 0.796875 0.75
vt 0.8125 0.75
vt 0.828125 0.75
vt 0.84375 0.75
vt 0.859375 0.75
vt 0.875 0.75
vt 0.75 0.7449797
vt 0.765625 0.7449067
vt 0.78125 0.744717
vt 0.796875 0.7444843
vt 0.8125 0.7442816
vt 0.828125 0.7441477
vt 0.84375 0.7440756
vt 0.859375 0.7440374
vt 0.875 0.7440207
vt 0.75 0.7402446
vt 0.765625 0.7401476
vt 0.78125 0.7398977
vt 0.796875 0.7395912
vt 0.8125 0.7393218
vt 0.828125 0.7391392
vt 0.84375 0.7390365
vt 0.859375 0.7389809
vt 0.875 0.7389574
vt 0.75 0.7356998
vt 0.765625 0.7356135
vt 0.78125 0.7353952
vt 0.796875 0.7351279
vt 0.8125 0.7348886
vt 0.828125 0.7347189
vt 0.84375 0.7346168
vt 0.859375 0.7345595
vt 0.875 0.7345368
vt 0.75 0.73125
vt 0.765625 0.7311954
vt 0.78125 0.7310629
vt 0.796875 0.7309012
vt 0.8125 0.73075
vt 0.828125 0.7306314
vt 0.84375 0.7305504
vt 0.859375 0.7305024
vt 0.875 0.7304851
vt 0.75 0.7268002
vt 0.765625 0.7267842
vt 0.78125 0.726754
vt 0.796875 0.7267181
vt 0.8125 0.7266738
vt 0.828125 0.7266213
vt 0.84375 0.7265715
vt 0.859375 0.7265388
vt 0.875 0.7265292
vt 0.75 0.7222553
vt 0.765625 0.7222706
vt 0.78125 0.7223217
vt 0.796875 0.7223855
vt 0.8125 0.7224281
vt 0.828125 0.722433
vt 0.84375 0.7224141
vt 0.859375 0.7223977
vt 0.875 0.7223953
vt 0.75 0.7175204
vt 0.765625 0.7175456
vt 0.78125 0.7176193
vt 0.796875 0.7177106
vt 0.8125 0.7177808
vt 0.828125 0.717811
vt 0.84375 0.7178123
vt 0.859375 0.7178084
vt 0.875 0.7178101
vt 0.75 0.7125
vt 0.765625 0.7125
vt 0.78125 0.7125
vt 0.796875 0.7125
vt 0.8125 0.7125
vt 0.828125 0.7125
vt 0.84375 0.7125
vt 0.859375 0.7125
vt 0.875 0.7125
vt 1 0.75
vt 0.984375 0.75
vt 0.96875 0.75
vt 0.953125 0.75
vt 0.9375 0.75
vt 0.921875 0.75
vt 0.90625 0.75
vt 0.890625 0.75
vt 1 0.7449797
vt 0.984375 0.7449067
vt 0.96875 0.744717
vt 0.953125 0.7444843
vt 0.9375 0.7442816
vt 0.921875 0.7441477
vt 0.90625 0.7440756
vt 0.890625 0.7440374
vt 1 0.7402446
vt 0.984375 0.7401476
vt 0.96875 0.7398977
vt 0.953125 0.7395912
vt 0.9375 0.7393218
vt 0.921875 0.7391392
vt 0.90625 0.7390365
vt 0.890625 0.7389809
vt 1 0.7356998
vt 0.984375 0.7356135
vt 0.96875 0.7353952
vt 0.953125 0.7351279
vt 0.9375 0.7348886
vt 0.921875 0.7347189
vt 0.90625 0.7346168
vt 0.890625 0.7345595
vt 1 0.73125
vt 0.984375 0.7311954
vt 0.96875 0.7310629
vt 0.953125 0.7309012
vt 0.9375 0.73075
vt 0.921875 0.7306314
vt 0.90625 0.7305504
vt 0.890625 0.7305024
vt 1 0.7268002
vt 0.984375 0.7267842
vt 0.96875 0.726754
vt 0.953125 0.7267181
vt 0.9375 0.7266738
vt 0.921875 0.7266213
vt 0.90625 0.7265715
vt 0.890625 0.7265388
vt 1 0.7222553
vt 0.984375 0.7222706
vt 0.96875 0.7223217
vt 0.953125 0.7223855
vt 0.9375 0.7224281
vt 0.921875 0.722433
vt 0.90625 0.7224141
vt 0.890625 0.7223977
vt 1 0.7175204
vt 0.984375 0.7175456
vt 0.96875 0.7176193
vt 0.953125 0.7177106
vt 0.9375 0.7177808
vt 0.921875 0.717811
vt 0.90625 0.7178123
vt 0.890625 0.7178084
vt 1 0.7125
vt 0.984375 0.7125
vt 0.96875 0.7125
vt 0.953125 0.7125
vt 0.9375 0.7125
vt 0.921875 0.7125
vt 0.90625 0.7125
vt 0.890625 0.7125
vt 0.75 0.6929538
vt 0.765625 0.6929483
vt 0.78125 0.6928878
vt 0.796875 0.6927506
vt 0.8125 0.6925675
vt 0.828125 0.6923803
vt 0.84375 0.6922204
vt 0.859375 0.6921089
vt 0.875 0.6920658
vt 0.75 0.6707776
vt 0.765625 0.6707072
vt 0.78125 0.6704919
vt 0.796875 0.6701668
vt 0.8125 0.6698024
vt 0.828125 0.6694624
vt 0.84375 0.6691879
vt 0.859375 0.669004
vt 0.875 0.6689352
vt 0.75 0.6464024
vt 0.765625 0.6462383
vt 0.78125 0.64583
vt 0.796875 0.6453111
vt 0.8125 0.6447924
vt 0.828125 0.6443436
vt 0.84375 0.6439999
vt 0.859375 0.6437791
vt 0.875 0.6436993
vt 0.75 0.6202597
vt 0.765625 0.6200036
vt 0.78125 0.6194195
vt 0.796875 0.618746
vt 0.8125 0.6181253
vt 0.828125 0.6176212
vt 0.84375 0.617254
vt 0.859375 0.6170281
vt 0.875 0.6169496
vt 0.75 0.5927809
vt 0.765625 0.5924646
vt 0.78125 0.5917779
vt 0.796875 0.5910339
vt 0.8125 0.5903888
vt 0.828125 0.5898924
vt 0.84375 0.5895476
vt 0.859375 0.5893449
vt 0.875 0.5892775
vt 0.75 0.5643972
vt 0.765625 0.5640832
vt 0.78125 0.5634225
vt 0.796875 0.5627373
vt 0.8125 0.5621707
vt 0.828125 0.5617545
vt 0.84375 0.5614782
vt 0.859375 0.5613233
vt 0.875 0.5612743
vt 0.75 0.53554
vt 0.765625 0.5353214
vt 0.78125 0.5348709
vt 0.796875 0.5344188
vt 0.8125 0.5340587
vt 0.828125 0.5338048
vt 0.84375 0.5336434
vt 0.859375 0.5335572
vt 0.875 0.5335316
vt 0.75 0.5355286
vt 0.765625 0.5332035
vt 0.7731763 0.5327979
vt 0.7771719 0.532468
vt 0.78125 0.531266
vt 0.7946265 0.5296556
vt 0.796875 0.5292556
vt 0.8119466 0.52851
vt 0.8125 0.5284287
vt 0.828125 0.5276768
vt 0.8290578 0.5277265
vt 0.84375 0.5267261
vt 0.8463824 0.5269439
vt 0.8485533 0.5268112
vt 0.859375 0.5249584
vt 0.875 0.5251911
vt 0.75 0.5309676
vt 0.75 0.5264066
vt 0.75 0.5218457
vt 0.765625 0.5286425
vt 0.765625 0.5240815
vt 0.765625 0.5195206
vt 0.7731762 0.5282369
vt 0.7731762 0.523676
vt 0.7731763 0.519115
vt 0.7771718 0.527907
vt 0.7771719 0.5233461
vt 0.7771719 0.5187851
vt 0.78125 0.526705
vt 0.78125 0.5221441
vt 0.78125 0.5175831
vt 0.7946265 0.5250946
vt 0.7946265 0.5205337
vt 0.7946265 0.5159727
vt 0.7968749 0.5246946
vt 0.796875 0.5201337
vt 0.796875 0.5155727
vt 0.8119466 0.523949
vt 0.8119466 0.519388
vt 0.8119466 0.5148271
vt 0.8125 0.5238677
vt 0.8125 0.5193067
vt 0.8125 0.5147458
vt 0.828125 0.5231159
vt 0.828125 0.5185549
vt 0.828125 0.5139939
vt 0.8290577 0.5231655
vt 0.8290577 0.5186045
vt 0.8290578 0.5140436
vt 0.8437499 0.5221651
vt 0.84375 0.5176041
vt 0.84375 0.5130432
vt 0.8463824 0.5223829
vt 0.8463824 0.517822
vt 0.8463824 0.513261
vt 0.8485532 0.5222502
vt 0.8485533 0.5176892
vt 0.8485533 0.5131283
vt 0.859375 0.5203974
vt 0.859375 0.5158365
vt 0.859375 0.5112755
vt 0.875 0.5206301
vt 0.875 0.5160692
vt 0.875 0.5115082
vt 1 0.6929538
vt 0.984375 0.6929483
vt 0.96875 0.6928878
vt 0.953125 0.6927506
vt 0.9375 0.6925675
vt 0.921875 0.6923803
vt 0.90625 0.6922204
vt 0.890625 0.6921089
vt 1 0.6707776
vt 0.984375 0.6707072
vt 0.96875 0.6704919
vt 0.953125 0.6701668
vt 0.9375 0.6698024
vt 0.921875 0.6694624
vt 0.90625 0.6691879
vt 0.890625 0.669004
vt 1 0.6464024
vt 0.984375 0.6462383
vt 0.96875 0.64583
vt 0.953125 0.6453111
vt 0.9375 0.6447924
vt 0.921875 0.6443436
vt 0.90625 0.6439999
vt 0.890625 0.6437791
vt 1 0.6202597
vt 0.984375 0.6200036
vt 0.96875 0.6194195
vt 0.953125 0.618746
vt 0.9375 0.6181253
vt 0.921875 0.6176212
vt 0.90625 0.617254
vt 0.890625 0.6170281
vt 1 0.5927809
vt 0.984375 0.5924646
vt 0.96875 0.5917779
vt 0.953125 0.5910339
vt 0.9375 0.5903888
vt 0.921875 0.5898924
vt 0.90625 0.5895476
vt 0.890625 0.5893449
vt 1 0.5643972
vt 0.984375 0.5640832
vt 0.96875 0.5634225
vt 0.953125 0.5627373
vt 0.9375 0.5621707
vt 0.921875 0.5617545
vt 0.90625 0.5614782
vt 0.890625 0.5613233
vt 1 0.53554
vt 0.984375 0.5353214
vt 0.96875 0.5348709
vt 0.953125 0.5344188
vt 0.9375 0.5340587
vt 0.921875 0.5338048
vt 0.90625 0.5336434
vt 0.890625 0.5335572
vt 1 0.5355286
vt 0.984375 0.5332035
vt 0.9768237 0.5327979
vt 0.9728281 0.532468
vt 0.96875 0.531266
vt 0.9553735 0.5296556
vt 0.953125 0.5292556
vt 0.9380534 0.52851
vt 0.9375 0.5284287
vt 0.921875 0.5276768
vt 0.9209422 0.5277265
vt 0.90625 0.5267261
vt 0.9036176 0.5269439
vt 0.9014467 0.5268112
vt 0.890625 0.5249584
vt 1 0.5309676
vt 1 0.5264066
vt 1 0.5218457
vt 0.984375 0.5286425
vt 0.984375 0.5240815
vt 0.984375 0.5195206
vt 0.9768238 0.5282369
vt 0.9768238 0.523676
vt 0.9768237 0.519115
vt 0.9728282 0.527907
vt 0.9728281 0.5233461
vt 0.9728281 0.5187851
vt 0.96875 0.526705
vt 0.96875 0.5221441
vt 0.96875 0.5175831
vt 0.9553735 0.5250946
vt 0.9553735 0.5205337
vt 0.9553735 0.5159727
vt 0.9531251 0.5246946
vt 0.953125 0.5201337
vt 0.953125 0.5155727
vt 0.9380534 0.523949
vt 0.9380534 0.519388
vt 0.9380534 0.5148271
vt 0.9375 0.5238677
vt 0.9375 0.5193067
vt 0.9375 0.5147458
vt 0.921875 0.5231159
vt 0.921875 0.5185549
vt 0.921875 0.5139939
vt 0.9209423 0.5231655
vt 0.9209423 0.5186045
vt 0.9209422 0.5140436
vt 0.9062501 0.5221651
vt 0.90625 0.5176041
vt 0.90625 0.5130432
vt 0.9036176 0.5223829
vt 0.9036176 0.517822
vt 0.9036176 0.513261
vt 0.9014468 0.5222502
vt 0.9014467 0.5176892
vt 0.9014467 0.5131283
vt 0.890625 0.5203974
vt 0.890625 0.5158365
vt 0.890625 0.5112755
vt 0.375 0.625
vt 0.375 0.6070392
vt 0.378504 0.6073843
vt 0.3818733 0.6084064
vt 0.3849785 0.6100662
vt 0.3877002 0.6122998
vt 0.3899339 0.6150215
vt 0.3915936 0.6181267
vt 0.3926157 0.621496
vt 0.3929608 0.625
vt 0.375 0.5890441
vt 0.3820147 0.589735
vt 0.3887597 0.591781
vt 0.394976 0.5951037
vt 0.4004247 0.5995753
vt 0.4048963 0.605024
vt 0.408219 0.6112403
vt 0.410265 0.6179854
vt 0.4109559 0.625
vt 0.375 0.571505
vt 0.3854364 0.5725329
vt 0.3954717 0.575577
vt 0.4047202 0.5805205
vt 0.4128267 0.5871733
vt 0.4194795 0.5952798
vt 0.4244229 0.6045284
vt 0.4274671 0.6145636
vt 0.428495 0.625
vt 0.375 0.5549123
vt 0.3886734 0.556259
vt 0.4018214 0.5602474
vt 0.4139386 0.5667242
vt 0.4245595 0.5754405
vt 0.4332758 0.5860614
vt 0.4397526 0.5981786
vt 0.443741 0.6113266
vt 0.4450877 0.625
vt 0.375 0.5397564
vt 0.3916302 0.5413943
vt 0.4076213 0.5462452
vt 0.4223588 0.5541225
vt 0.4352764 0.5647236
vt 0.4458775 0.5776412
vt 0.4537549 0.5923787
vt 0.4586057 0.6083698
vt 0.4602436 0.625
vt 0.375 0.5265275
vt 0.394211 0.5284196
vt 0.4126838 0.5340233
vt 0.4297084 0.5431231
vt 0.4446306 0.5553694
vt 0.4568769 0.5702916
vt 0.4659767 0.5873162
vt 0.4715804 0.6057889
vt 0.4734725 0.625
vt 0.375 0.5157161
vt 0.3963202 0.5178159
vt 0.4168212 0.5240349
vt 0.4357149 0.5341338
vt 0.4522754 0.5477246
vt 0.4658662 0.5642852
vt 0.4759652 0.5831789
vt 0.4821841 0.6036798
vt 0.4842839 0.625
vt 0.375 0.5078125
vt 0.3978621 0.5100642
vt 0.4198457 0.5167329
vt 0.4401059 0.5275621
vt 0.4578641 0.542136
vt 0.4724379 0.5598941
vt 0.4832671 0.5801543
vt 0.4899358 0.6021379
vt 0.4921875 0.625
vt 0.3926157 0.628504
vt 0.3915936 0.6318733
vt 0.3899339 0.6349785
vt 0.3877002 0.6377002
vt 0.3849785 0.6399338
vt 0.3818733 0.6415936
vt 0.378504 0.6426157
vt 0.375 0.6429608
vt 0.410265 0.6320146
vt 0.408219 0.6387597
vt 0.4048963 0.644976
vt 0.4004247 0.6504247
vt 0.394976 0.6548963
vt 0.3887597 0.658219
vt 0.3820147 0.660265
vt 0.375 0.6609559
vt 0.4274671 0.6354364
vt 0.4244229 0.6454717
vt 0.4194795 0.6547202
vt 0.4128267 0.6628267
vt 0.4047202 0.6694795
vt 0.3954716 0.674423
vt 0.3854364 0.6774671
vt 0.375 0.678495
vt 0.443741 0.6386734
vt 0.4397526 0.6518214
vt 0.4332758 0.6639386
vt 0.4245595 0.6745595
vt 0.4139386 0.6832758
vt 0.4018214 0.6897526
vt 0.3886734 0.693741
vt 0.375 0.6950877
vt 0.4586057 0.6416302
vt 0.4537548 0.6576213
vt 0.4458775 0.6723589
vt 0.4352764 0.6852764
vt 0.4223588 0.6958776
vt 0.4076213 0.7037549
vt 0.3916302 0.7086057
vt 0.375 0.7102436
vt 0.4715804 0.6442111
vt 0.4659767 0.6626838
vt 0.4568769 0.6797084
vt 0.4446306 0.6946306
vt 0.4297084 0.7068769
vt 0.4126838 0.7159767
vt 0.3942111 0.7215804
vt 0.375 0.7234725
vt 0.482184 0.6463202
vt 0.4759651 0.6668211
vt 0.4658662 0.6857149
vt 0.4522754 0.7022754
vt 0.4357148 0.7158663
vt 0.4168211 0.7259651
vt 0.3963202 0.7321841
vt 0.375 0.7342839
vt 0.4899358 0.6478622
vt 0.4832671 0.6698457
vt 0.4724378 0.6901059
vt 0.457864 0.7078641
vt 0.4401059 0.7224379
vt 0.4198457 0.7332672
vt 0.3978622 0.7399358
vt 0.375 0.7421875
vt 0.3570392 0.625
vt 0.3573843 0.628504
vt 0.3584064 0.6318733
vt 0.3600661 0.6349785
vt 0.3622998 0.6377002
vt 0.3650215 0.6399338
vt 0.3681267 0.6415936
vt 0.371496 0.6426157
vt 0.3390441 0.625
vt 0.339735 0.6320146
vt 0.341781 0.6387597
vt 0.3451037 0.644976
vt 0.3495753 0.6504247
vt 0.355024 0.6548963
vt 0.3612403 0.658219
vt 0.3679853 0.660265
vt 0.321505 0.625
vt 0.3225329 0.6354364
vt 0.3255771 0.6454717
vt 0.3305205 0.6547202
vt 0.3371733 0.6628267
vt 0.3452798 0.6694795
vt 0.3545284 0.674423
vt 0.3645636 0.6774671
vt 0.3049123 0.625
vt 0.306259 0.6386734
vt 0.3102474 0.6518214
vt 0.3167242 0.6639386
vt 0.3254405 0.6745595
vt 0.3360614 0.6832758
vt 0.3481786 0.6897526
vt 0.3613266 0.693741
vt 0.2897564 0.625
vt 0.2913943 0.6416302
vt 0.2962452 0.6576213
vt 0.3041225 0.6723589
vt 0.3147236 0.6852764
vt 0.3276412 0.6958776
vt 0.3423787 0.7037549
vt 0.3583698 0.7086057
vt 0.2765275 0.625
vt 0.2784196 0.6442111
vt 0.2840233 0.6626838
vt 0.2931231 0.6797084
vt 0.3053694 0.6946306
vt 0.3202916 0.7068769
vt 0.3373162 0.7159767
vt 0.3557889 0.7215804
vt 0.2657161 0.625
vt 0.267816 0.6463202
vt 0.2740349 0.6668211
vt 0.2841338 0.6857149
vt 0.2977246 0.7022754
vt 0.3142852 0.7158663
vt 0.3331789 0.7259651
vt 0.3536798 0.7321841
vt 0.2578125 0.625
vt 0.2600642 0.6478622
vt 0.2667329 0.6698457
vt 0.2775622 0.6901059
vt 0.292136 0.7078641
vt 0.3098941 0.7224379
vt 0.3301543 0.7332672
vt 0.3521378 0.7399358
vt 0.371496 0.6073843
vt 0.3681267 0.6084064
vt 0.3650215 0.6100662
vt 0.3622998 0.6122998
vt 0.3600661 0.6150215
vt 0.3584064 0.6181267
vt 0.3573843 0.621496
vt 0.3679853 0.589735
vt 0.3612403 0.591781
vt 0.355024 0.5951037
vt 0.3495753 0.5995753
vt 0.3451037 0.605024
vt 0.341781 0.6112403
vt 0.339735 0.6179854
vt 0.3645636 0.5725329
vt 0.3545283 0.575577
vt 0.3452798 0.5805205
vt 0.3371733 0.5871733
vt 0.3305205 0.5952798
vt 0.3255771 0.6045284
vt 0.3225329 0.6145636
vt 0.3613266 0.556259
vt 0.3481786 0.5602474
vt 0.3360614 0.5667242
vt 0.3254405 0.5754405
vt 0.3167242 0.5860614
vt 0.3102474 0.5981786
vt 0.306259 0.6113266
vt 0.3583698 0.5413943
vt 0.3423787 0.5462452
vt 0.3276412 0.5541225
vt 0.3147236 0.5647236
vt 0.3041225 0.5776412
vt 0.2962451 0.5923787
vt 0.2913943 0.6083698
vt 0.355789 0.5284196
vt 0.3373162 0.5340233
vt 0.3202916 0.5431231
vt 0.3053694 0.5553694
vt 0.2931231 0.5702916
vt 0.2840233 0.5873162
vt 0.2784196 0.6057889
vt 0.3536798 0.5178159
vt 0.3331788 0.5240349
vt 0.3142851 0.5341338
vt 0.2977246 0.5477246
vt 0.2841338 0.5642852
vt 0.2740348 0.5831789
vt 0.2678159 0.6036798
vt 0.3521379 0.5100642
vt 0.3301543 0.5167329
vt 0.3098941 0.5275621
vt 0.2921359 0.542136
vt 0.2775621 0.5598941
vt 0.2667329 0.5801543
vt 0.2600642 0.6021379
vt 0.625 0.6069711
vt 0.6285173 0.6073176
vt 0.6318994 0.6083435
vt 0.6350163 0.6100096
vt 0.6377483 0.6122516
vt 0.6399904 0.6149837
vt 0.6416565 0.6181006
vt 0.6426824 0.6214827
vt 0.6430289 0.625
vt 0.625 0.5974756
vt 0.6303697 0.5980045
vt 0.6355332 0.5995708
vt 0.6402918 0.6021143
vt 0.6444627 0.6055373
vt 0.6478857 0.6097083
vt 0.6504292 0.6144669
vt 0.6519955 0.6196302
vt 0.6525244 0.625
vt 0.625 0.584938
vt 0.6328157 0.5857078
vt 0.640331 0.5879875
vt 0.6472572 0.5916897
vt 0.6533281 0.5966719
vt 0.6583103 0.6027428
vt 0.6620124 0.609669
vt 0.6642922 0.6171843
vt 0.665062 0.625
vt 0.625 0.5704653
vt 0.6356392 0.5715132
vt 0.6458696 0.5746166
vt 0.6552979 0.5796561
vt 0.6635618 0.5864382
vt 0.6703439 0.5947021
vt 0.6753835 0.6041305
vt 0.6784868 0.6143608
vt 0.6795347 0.625
vt 0.625 0.5551642
vt 0.6386243 0.556506
vt 0.651725 0.5604801
vt 0.6637987 0.5669336
vt 0.6743814 0.5756186
vt 0.6830664 0.5862013
vt 0.6895199 0.598275
vt 0.693494 0.6113757
vt 0.6948358 0.625
vt 0.625 0.5401416
vt 0.6415551 0.5417721
vt 0.6574739 0.5466011
vt 0.6721448 0.5544428
vt 0.685004 0.564996
vt 0.6955572 0.5778552
vt 0.703399 0.5925261
vt 0.7082279 0.6084449
vt 0.7098584 0.625
vt 0.625 0.5265042
vt 0.6442156 0.5283967
vt 0.6626927 0.5340017
vt 0.6797214 0.5431037
vt 0.6946471 0.5553529
vt 0.7068963 0.5702786
vt 0.7159983 0.5873073
vt 0.7216033 0.6057844
vt 0.7234958 0.625
vt 0.625 0.5153589
vt 0.6463899 0.5174656
vt 0.6669579 0.5237048
vt 0.6859134 0.5338367
vt 0.702528 0.547472
vt 0.7161633 0.5640867
vt 0.7262952 0.5830421
vt 0.7325344 0.60361
vt 0.7346411 0.625
vt 0.625 0.5078125
vt 0.6478621 0.5100642
vt 0.6698457 0.5167329
vt 0.6901059 0.5275621
vt 0.707864 0.542136
vt 0.7224379 0.5598941
vt 0.7332671 0.5801543
vt 0.7399358 0.6021379
vt 0.7421875 0.625
vt 0.6426824 0.6285173
vt 0.6416565 0.6318994
vt 0.6399904 0.6350163
vt 0.6377483 0.6377484
vt 0.6350163 0.6399904
vt 0.6318994 0.6416565
vt 0.6285173 0.6426824
vt 0.625 0.6430289
vt 0.6519955 0.6303698
vt 0.6504292 0.6355331
vt 0.6478857 0.6402918
vt 0.6444627 0.6444627
vt 0.6402918 0.6478857
vt 0.6355331 0.6504292
vt 0.6303697 0.6519955
vt 0.625 0.6525244
vt 0.6642922 0.6328157
vt 0.6620124 0.640331
vt 0.6583103 0.6472572
vt 0.6533281 0.6533281
vt 0.6472572 0.6583103
vt 0.640331 0.6620125
vt 0.6328157 0.6642922
vt 0.625 0.665062
vt 0.6784868 0.6356392
vt 0.6753835 0.6458695
vt 0.6703439 0.6552979
vt 0.6635618 0.6635618
vt 0.6552978 0.6703439
vt 0.6458695 0.6753835
vt 0.6356392 0.6784868
vt 0.625 0.6795347
vt 0.6934939 0.6386243
vt 0.6895199 0.651725
vt 0.6830664 0.6637987
vt 0.6743814 0.6743814
vt 0.6637987 0.6830664
vt 0.651725 0.6895199
vt 0.6386243 0.693494
vt 0.625 0.6948358
vt 0.7082279 0.6415551
vt 0.703399 0.6574739
vt 0.6955572 0.6721448
vt 0.685004 0.685004
vt 0.6721448 0.6955572
vt 0.6574739 0.703399
vt 0.6415551 0.7082279
vt 0.625 0.7098584
vt 0.7216033 0.6442156
vt 0.7159983 0.6626927
vt 0.7068963 0.6797214
vt 0.6946471 0.6946471
vt 0.6797214 0.7068963
vt 0.6626927 0.7159983
vt 0.6442156 0.7216033
vt 0.625 0.7234958
vt 0.7325344 0.64639
vt 0.7262952 0.6669579
vt 0.7161633 0.6859133
vt 0.702528 0.702528
vt 0.6859133 0.7161633
vt 0.6669578 0.7262952
vt 0.6463899 0.7325344
vt 0.625 0.7346411
vt 0.7399358 0.6478622
vt 0.7332671 0.6698457
vt 0.7224379 0.6901059
vt 0.707864 0.7078641
vt 0.6901059 0.7224379
vt 0.6698457 0.7332672
vt 0.6478621 0.7399358
vt 0.625 0.7421875
vt 0.6069711 0.625
vt 0.6073176 0.6285173
vt 0.6083435 0.6318994
vt 0.6100096 0.6350163
vt 0.6122517 0.6377484
vt 0.6149837 0.6399904
vt 0.6181006 0.6416565
vt 0.6214827 0.6426824
vt 0.5974756 0.625
vt 0.5980045 0.6303698
vt 0.5995708 0.6355331
vt 0.6021143 0.6402918
vt 0.6055373 0.6444627
vt 0.6097082 0.6478857
vt 0.6144669 0.6504292
vt 0.6196303 0.6519955
vt 0.584938 0.625
vt 0.5857078 0.6328157
vt 0.5879876 0.640331
vt 0.5916897 0.6472572
vt 0.5966719 0.6533281
vt 0.6027428 0.6583103
vt 0.609669 0.6620125
vt 0.6171843 0.6642922
vt 0.5704653 0.625
vt 0.5715132 0.6356392
vt 0.5746165 0.6458695
vt 0.5796561 0.6552979
vt 0.5864382 0.6635618
vt 0.5947022 0.6703439
vt 0.6041305 0.6753835
vt 0.6143608 0.6784868
vt 0.5551642 0.625
vt 0.5565061 0.6386243
vt 0.5604801 0.651725
vt 0.5669336 0.6637987
vt 0.5756186 0.6743814
vt 0.5862013 0.6830664
vt 0.598275 0.6895199
vt 0.6113757 0.693494
vt 0.5401416 0.625
vt 0.5417721 0.6415551
vt 0.546601 0.6574739
vt 0.5544428 0.6721448
vt 0.564996 0.685004
vt 0.5778552 0.6955572
vt 0.5925261 0.703399
vt 0.6084449 0.7082279
vt 0.5265042 0.625
vt 0.5283967 0.6442156
vt 0.5340017 0.6626927
vt 0.5431037 0.6797214
vt 0.5553529 0.6946471
vt 0.5702786 0.7068963
vt 0.5873073 0.7159983
vt 0.6057844 0.7216033
vt 0.5153589 0.625
vt 0.5174656 0.64639
vt 0.5237048 0.6669579
vt 0.5338367 0.6859133
vt 0.547472 0.702528
vt 0.5640867 0.7161633
vt 0.5830422 0.7262952
vt 0.6036101 0.7325344
vt 0.5078125 0.625
vt 0.5100642 0.6478622
vt 0.5167329 0.6698457
vt 0.5275621 0.6901059
vt 0.542136 0.7078641
vt 0.5598941 0.7224379
vt 0.5801543 0.7332672
vt 0.6021379 0.7399358
vt 0.6214827 0.6073176
vt 0.6181006 0.6083435
vt 0.6149837 0.6100096
vt 0.6122517 0.6122516
vt 0.6100096 0.6149837
vt 0.6083435 0.6181006
vt 0.6073176 0.6214827
vt 0.6196303 0.5980045
vt 0.6144668 0.5995708
vt 0.6097082 0.6021143
vt 0.6055373 0.6055373
vt 0.6021143 0.6097083
vt 0.5995708 0.6144669
vt 0.5980045 0.6196302
vt 0.6171843 0.5857078
vt 0.609669 0.5879875
vt 0.6027428 0.5916897
vt 0.5966719 0.5966719
vt 0.5916897 0.6027428
vt 0.5879876 0.609669
vt 0.5857078 0.6171843
vt 0.6143608 0.5715132
vt 0.6041304 0.5746166
vt 0.5947021 0.5796561
vt 0.5864382 0.5864382
vt 0.5796561 0.5947021
vt 0.5746165 0.6041305
vt 0.5715132 0.6143608
vt 0.6113757 0.556506
vt 0.598275 0.5604801
vt 0.5862013 0.5669336
vt 0.5756186 0.5756186
vt 0.5669336 0.5862013
vt 0.5604801 0.598275
vt 0.556506 0.6113757
vt 0.6084449 0.5417721
vt 0.5925261 0.5466011
vt 0.5778552 0.5544428
vt 0.564996 0.564996
vt 0.5544428 0.5778552
vt 0.546601 0.5925261
vt 0.5417721 0.6084449
vt 0.6057844 0.5283967
vt 0.5873073 0.5340017
vt 0.5702786 0.5431037
vt 0.5553529 0.5553529
vt 0.5431037 0.5702786
vt 0.5340017 0.5873073
vt 0.5283967 0.6057844
vt 0.6036101 0.5174656
vt 0.5830421 0.5237048
vt 0.5640866 0.5338367
vt 0.547472 0.547472
vt 0.5338367 0.5640867
vt 0.5237048 0.5830421
vt 0.5174656 0.60361
vt 0.6021379 0.5100642
vt 0.5801543 0.5167329
vt 0.5598941 0.5275621
vt 0.542136 0.542136
vt 0.5275621 0.5598941
vt 0.5167329 0.5801543
vt 0.5100642 0.6021379
vt 0 0.25
vt 0.03125 0.25
vt 0.0625 0.25
vt 0.09375 0.25
vt 0.125 0.25
vt 0.15625 0.25
vt 0.1875 0.25
vt 0.21875 0.25
vt 0.25 0.25
vt 0 0.2458022
vt 0.03125 0.2458022
vt 0.0625 0.2458022
vt 0.09375 0.2458022
vt 0.125 0.2458022
vt 0.15625 0.2458022
vt 0.1875 0.2458022
vt 0.21875 0.2458022
vt 0.25 0.2458022
vt 0 0.2419882
vt 0.03125 0.2419882
vt 0.0625 0.2419882
vt 0.09375 0.2419882
vt 0.125 0.2419882
vt 0.15625 0.2419882
vt 0.1875 0.2419882
vt 0.21875 0.2419882
vt 0.25 0.2419882
vt 0 0.2384301
vt 0.03125 0.2384301
vt 0.0625 0.2384301
vt 0.09375 0.2384301
vt 0.125 0.2384301
vt 0.15625 0.2384301
vt 0.1875 0.2384301
vt 0.21875 0.2384301
vt 0.25 0.2384301
vt 0 0.235
vt 0.03125 0.235
vt 0.0625 0.235
vt 0.09375 0.235
vt 0.125 0.235
vt 0.15625 0.235
vt 0.1875 0.235
vt 0.21875 0.235
vt 0.25 0.235
vt 0 0.2315699
vt 0.03125 0.2315699
vt 0.0625 0.2315699
vt 0.09375 0.2315699
vt 0.125 0.2315699
vt 0.15625 0.2315699
vt 0.1875 0.2315699
vt 0.21875 0.2315699
vt 0.25 0.2315699
vt 0 0.2280118
vt 0.03125 0.2280118
vt 0.0625 0.2280118
vt 0.09375 0.2280118
vt 0.125 0.2280118
vt 0.15625 0.2280118
vt 0.1875 0.2280118
vt 0.21875 0.2280118
vt 0.25 0.2280118
vt 0 0.2241979
vt 0.03125 0.2241979
vt 0.0625 0.2241979
vt 0.09375 0.2241979
vt 0.125 0.2241979
vt 0.15625 0.2241979
vt 0.1875 0.2241979
vt 0.21875 0.2241979
vt 0.25 0.2241979
vt 0 0.22
vt 0.03125 0.22
vt 0.0625 0.22
vt 0.09375 0.22
vt 0.125 0.22
vt 0.15625 0.22
vt 0.1875 0.22
vt 0.21875 0.22
vt 0.25 0.22
vt 0.28125 0.25
vt 0.3125 0.25
vt 0.34375 0.25
vt 0.375 0.25
vt 0.40625 0.25
vt 0.4375 0.25
vt 0.46875 0.25
vt 0.5 0.25
vt 0.28125 0.2458022
vt 0.3125 0.2458022
vt 0.34375 0.2458022
vt 0.375 0.2458022
vt 0.40625 0.2458022
vt 0.4375 0.2458022
vt 0.46875 0.2458022
vt 0.5 0.2458022
vt 0.28125 0.2419882
vt 0.3125 0.2419882
vt 0.34375 0.2419882
vt 0.375 0.2419882
vt 0.40625 0.2419882
vt 0.4375 0.2419882
vt 0.46875 0.2419882
vt 0.5 0.2419882
vt 0.28125 0.2384301
vt 0.3125 0.2384301
vt 0.34375 0.2384301
vt 0.375 0.2384301
vt 0.40625 0.2384301
vt 0.4375 0.2384301
vt 0.46875 0.2384301
vt 0.5 0.2384301
vt 0.28125 0.235
vt 0.3125 0.235
vt 0.34375 0.235
vt 0.375 0.235
vt 0.40625 0.235
vt 0.4375 0.235
vt 0.46875 0.235
vt 0.5 0.235
vt 0.28125 0.2315699
vt 0.3125 0.2315699
vt 0.34375 0.2315699
vt 0.375 0.2315699
vt 0.40625 0.2315699
vt 0.4375 0.2315699
vt 0.46875 0.2315699
vt 0.5 0.2315699
vt 0.28125 0.2280118
vt 0.3125 0.2280118
vt 0.34375 0.2280118
vt 0.375 0.2280118
vt 0.40625 0.2280118
vt 0.4375 0.2280118
vt 0.46875 0.2280118
vt 0.5 0.2280118
vt 0.28125 0.2241979
vt 0.3125 0.2241979
vt 0.34375 0.2241979
vt 0.375 0.2241979
vt 0.40625 0.2241979
vt 0.4375 0.2241979
vt 0.46875 0.2241979
vt 0.5 0.2241979
vt 0.28125 0.22
vt 0.3125 0.22
vt 0.34375 0.22
vt 0.375 0.22
vt 0.40625 0.22
vt 0.4375 0.22
vt 0.46875 0.22
vt 0.5 0.22
vt 0.75 0.25
vt 0.71875 0.25
vt 0.6875 0.25
vt 0.65625 0.25
vt 0.625 0.25
vt 0.59375 0.25
vt 0.5625 0.25
vt 0.53125 0.25
vt 0.75 0.2458022
vt 0.71875 0.2458022
vt 0.6875 0.2458022
vt 0.65625 0.2458022
vt 0.625 0.2458022
vt 0.59375 0.2458022
vt 0.5625 0.2458022
vt 0.53125 0.2458022
vt 0.75 0.2419882
vt 0.71875 0.2419882
vt 0.6875 0.2419882
vt 0.65625 0.2419882
vt 0.625 0.2419882
vt 0.59375 0.2419882
vt 0.5625 0.2419882
vt 0.53125 0.2419882
vt 0.75 0.2384301
vt 0.71875 0.2384301
vt 0.6875 0.2384301
vt 0.65625 0.2384301
vt 0.625 0.2384301
vt 0.59375 0.2384301
vt 0.5625 0.2384301
vt 0.53125 0.2384301
vt 0.75 0.235
vt 0.71875 0.235
vt 0.6875 0.235
vt 0.65625 0.235
vt 0.625 0.235
vt 0.59375 0.235
vt 0.5625 0.235
vt 0.53125 0.235
vt 0.75 0.2315699
vt 0.71875 0.2315699
vt 0.6875 0.2315699
vt 0.65625 0.2315699
vt 0.625 0.2315699
vt 0.59375 0.2315699
vt 0.5625 0.2315699
vt 0.53125 0.2315699
vt 0.75 0.2280118
vt 0.71875 0.2280118
vt 0.6875 0.2280118
vt 0.65625 0.2280118
vt 0.625 0.2280118
vt 0.59375 0.2280118
vt 0.5625 0.2280118
vt 0.53125 0.2280118
vt 0.75 0.2241979
vt 0.71875 0.2241979
vt 0.6875 0.2241979
vt 0.65625 0.2241979
vt 0.625 0.2241979
vt 0.59375 0.2241979
vt 0.5625 0.2241979
vt 0.53125 0.2241979
vt 0.75 0.22
vt 0.71875 0.22
vt 0.6875 0.22
vt 0.65625 0.22
vt 0.625 0.22
vt 0.59375 0.22
vt 0.5625 0.22
vt 0.53125 0.22
vt 1 0.25
vt 0.96875 0.25
vt 0.9375 0.25
vt 0.90625 0.25
vt 0.875 0.25
vt 0.84375 0.25
vt 0.8125 0.25
vt 0.78125 0.25
vt 1 0.2458022
vt 0.96875 0.2458022
vt 0.9375 0.2458022
vt 0.90625 0.2458022
vt 0.875 0.2458022
vt 0.84375 0.2458022
vt 0.8125 0.2458022
vt 0.78125 0.2458022
vt 1 0.2419882
vt 0.96875 0.2419882
vt 0.9375 0.2419882
vt 0.90625 0.2419882
vt 0.875 0.2419882
vt 0.84375 0.2419882
vt 0.8125 0.2419882
vt 0.78125 0.2419882
vt 1 0.2384301
vt 0.96875 0.2384301
vt 0.9375 0.2384301
vt 0.90625 0.2384301
vt 0.875 0.2384301
vt 0.84375 0.2384301
vt 0.8125 0.2384301
vt 0.78125 0.2384301
vt 1 0.235
vt 0.96875 0.235
vt 0.9375 0.235
vt 0.90625 0.235
vt 0.875 0.235
vt 0.84375 0.235
vt 0.8125 0.235
vt 0.78125 0.235
vt 1 0.2315699
vt 0.96875 0.2315699
vt 0.9375 0.2315699
vt 0.90625 0.2315699
vt 0.875 0.2315699
vt 0.84375 0.2315699
vt 0.8125 0.2315699
vt 0.78125 0.2315699
vt 1 0.2280118
vt 0.96875 0.2280118
vt 0.9375 0.2280118
vt 0.90625 0.2280118
vt 0.875 0.2280118
vt 0.84375 0.2280118
vt 0.8125 0.2280118
vt 0.78125 0.2280118
vt 1 0.2241979
vt 0.96875 0.2241979
vt 0.9375 0.2241979
vt 0.90625 0.2241979
vt 0.875 0.2241979
vt 0.84375 0.2241979
vt 0.8125 0.2241979
vt 0.78125 0.2241979
vt 1 0.22
vt 0.96875 0.22
vt 0.9375 0.22
vt 0.90625 0.22
vt 0.875 0.22
vt 0.84375 0.22
vt 0.8125 0.22
vt 0.78125 0.22
vt 0.03125 0.2019842
vt 0.0625 0.2019842
vt 0.09375 0.2019842
vt 0.125 0.2019842
vt 0.15625 0.2019842
vt 0.1875 0.2019842
vt 0.21875 0.2019842
vt 0.25 0.2019842
vt 0.03125 0.184077
vt 0.0625 0.184077
vt 0.09375 0.184077
vt 0.125 0.184077
vt 0.15625 0.184077
vt 0.1875 0.184077
vt 0.21875 0.184077
vt 0.25 0.184077
vt 0 0.1663871
vt 0.03125 0.1663871
vt 0.0625 0.1663871
vt 0.09375 0.1663871
vt 0.125 0.1663871
vt 0.15625 0.1663871
vt 0.1875 0.1663871
vt 0.21875 0.1663871
vt 0.25 0.1663871
vt 0 0.1490232
vt 0.03125 0.1490232
vt 0.0625 0.1490232
vt 0.09375 0.1490232
vt 0.125 0.1490232
vt 0.15625 0.1490232
vt 0.1875 0.1490232
vt 0.21875 0.1490232
vt 0.25 0.1490232
vt 0 0.1320938
vt 0.03125 0.1320938
vt 0.0625 0.1320938
vt 0.09375 0.1320938
vt 0.125 0.1320938
vt 0.15625 0.1320938
vt 0.1875 0.1320938
vt 0.21875 0.1320938
vt 0.25 0.1320938
vt 0 0.1157078
vt 0.03125 0.1157078
vt 0.0625 0.1157078
vt 0.09375 0.1157078
vt 0.125 0.1157078
vt 0.15625 0.1157078
vt 0.1875 0.1157078
vt 0.21875 0.1157078
vt 0.25 0.1157078
vt 0 0.09997362
vt 0.03125 0.09997362
vt 0.0625 0.09997362
vt 0.09375 0.09997362
vt 0.125 0.09997362
vt 0.15625 0.09997362
vt 0.1875 0.09997362
vt 0.21875 0.09997362
vt 0.25 0.09997362
vt 0.03125 0.08499998
vt 0.0625 0.08499998
vt 0.09375 0.08499998
vt 0.125 0.08499998
vt 0.15625 0.08499998
vt 0.1875 0.08499998
vt 0.21875 0.08499998
vt 0.25 0.08499998
vt 0 0.2124295
vt 0.01228662 0.2111998
vt 0.02196747 0.2074659
vt 0.02765887 0.2019842
vt 0.02837502 0.2012618
vt 0.03013788 0.193291
vt 0.02718314 0.1853184
vt 0.02581246 0.184077
vt 0.02060217 0.1790792
vt 0.01138142 0.1753373
vt 0 0.1741139
vt 0 0.09784725
vt 0.00945658 0.09622808
vt 0.01716904 0.09239601
vt 0.02269693 0.08615708
vt 0.02299771 0.08499998
vt 0.28125 0.2019842
vt 0.3125 0.2019842
vt 0.34375 0.2019842
vt 0.375 0.2019842
vt 0.40625 0.2019842
vt 0.4375 0.2019842
vt 0.46875 0.2019842
vt 0.5 0.2019842
vt 0.28125 0.184077
vt 0.3125 0.184077
vt 0.34375 0.184077
vt 0.375 0.184077
vt 0.40625 0.184077
vt 0.4375 0.184077
vt 0.46875 0.184077
vt 0.5 0.184077
vt 0.28125 0.1663871
vt 0.3125 0.1663871
vt 0.34375 0.1663871
vt 0.375 0.1663871
vt 0.40625 0.1663871
vt 0.4375 0.1663871
vt 0.46875 0.1663871
vt 0.5 0.1663871
vt 0.28125 0.1490232
vt 0.3125 0.1490232
vt 0.34375 0.1490232
vt 0.375 0.1490232
vt 0.40625 0.1490232
vt 0.4375 0.1490232
vt 0.46875 0.1490232
vt 0.5 0.1490232
vt 0.28125 0.1320938
vt 0.3125 0.1320938
vt 0.34375 0.1320938
vt 0.375 0.1320938
vt 0.40625 0.1320938
vt 0.4375 0.1320938
vt 0.46875 0.1320938
vt 0.28125 0.1157078
vt 0.3125 0.1157078
vt 0.34375 0.1157078
vt 0.375 0.1157078
vt 0.40625 0.1157078
vt 0.4375 0.1157078
vt 0.28125 0.09997362
vt 0.3125 0.09997362
vt 0.34375 0.09997362
vt 0.375 0.09997362
vt 0.40625 0.09997362
vt 0.4375 0.09997362
vt 0.28125 0.08499998
vt 0.3125 0.08499998
vt 0.34375 0.08499998
vt 0.375 0.08499998
vt 0.40625 0.08499998
vt 0.4375 0.08499998
vt 0.5 0.1404075
vt 0.4796043 0.1367224
vt 0.4724556 0.1320938
vt 0.46875 0.1296804
vt 0.4649091 0.1271208
vt 0.4577449 0.1157078
vt 0.4565668 0.1138398
vt 0.4545064 0.09997362
vt 0.4544142 0.09947832
vt 0.4576597 0.0857121
vt 0.4581997 0.08499998
vt 0.75 0.2019842
vt 0.71875 0.2019842
vt 0.6875 0.2019842
vt 0.65625 0.2019842
vt 0.625 0.2019842
vt 0.59375 0.2019842
vt 0.5625 0.2019842
vt 0.53125 0.2019842
vt 0.75 0.184077
vt 0.71875 0.184077
vt 0.6875 0.184077
vt 0.65625 0.184077
vt 0.625 0.184077
vt 0.59375 0.184077
vt 0.5625 0.184077
vt 0.53125 0.184077
vt 0.75 0.1663871
vt 0.71875 0.1663871
vt 0.6875 0.1663871
vt 0.65625 0.1663871
vt 0.625 0.1663871
vt 0.59375 0.1663871
vt 0.5625 0.1663871
vt 0.53125 0.1663871
vt 0.75 0.1490232
vt 0.71875 0.1490232
vt 0.6875 0.1490232
vt 0.65625 0.1490232
vt 0.625 0.1490232
vt 0.59375 0.1490232
vt 0.5625 0.1490232
vt 0.53125 0.1490232
vt 0.75 0.1320938
vt 0.71875 0.1320938
vt 0.6875 0.1320938
vt 0.65625 0.1320938
vt 0.625 0.1320938
vt 0.59375 0.1320938
vt 0.5625 0.1320938
vt 0.53125 0.1320938
vt 0.75 0.1157078
vt 0.71875 0.1157078
vt 0.6875 0.1157078
vt 0.65625 0.1157078
vt 0.625 0.1157078
vt 0.59375 0.1157078
vt 0.5625 0.1157078
vt 0.75 0.09997362
vt 0.71875 0.09997362
vt 0.6875 0.09997362
vt 0.65625 0.09997362
vt 0.625 0.09997362
vt 0.59375 0.09997362
vt 0.5625 0.09997362
vt 0.75 0.08499998
vt 0.71875 0.08499998
vt 0.6875 0.08499998
vt 0.65625 0.08499998
vt 0.625 0.08499998
vt 0.59375 0.08499998
vt 0.5625 0.08499998
vt 0.5203958 0.1367224
vt 0.5275444 0.1320938
vt 0.53125 0.1296804
vt 0.5350909 0.1271208
vt 0.5422552 0.1157078
vt 0.5434332 0.1138398
vt 0.5454936 0.09997362
vt 0.5455858 0.09947832
vt 0.5423403 0.0857121
vt 0.5418003 0.08499998
vt 0.96875 0.2019842
vt 0.9375 0.2019842
vt 0.90625 0.2019842
vt 0.875 0.2019842
vt 0.84375 0.2019842
vt 0.8125 0.2019842
vt 0.78125 0.2019842
vt 0.96875 0.184077
vt 0.9375 0.184077
vt 0.90625 0.184077
vt 0.875 0.184077
vt 0.84375 0.184077
vt 0.8125 0.184077
vt 0.78125 0.184077
vt 1 0.1663871
vt 0.96875 0.1663871
vt 0.9375 0.1663871
vt 0.90625 0.1663871
vt 0.875 0.1663871
vt 0.84375 0.1663871
vt 0.8125 0.1663871
vt 0.78125 0.1663871
vt 1 0.1490232
vt 0.96875 0.1490232
vt 0.9375 0.1490232
vt 0.90625 0.1490232
vt 0.875 0.1490232
vt 0.84375 0.1490232
vt 0.8125 0.1490232
vt 0.78125 0.1490232
vt 1 0.1320938
vt 0.96875 0.1320938
vt 0.9375 0.1320938
vt 0.90625 0.1320938
vt 0.875 0.1320938
vt 0.84375 0.1320938
vt 0.8125 0.1320938
vt 0.78125 0.1320938
vt 1 0.1157078
vt 0.96875 0.1157078
vt 0.9375 0.1157078
vt 0.90625 0.1157078
vt 0.875 0.1157078
vt 0.84375 0.1157078
vt 0.8125 0.1157078
vt 0.78125 0.1157078
vt 1 0.09997362
vt 0.96875 0.09997362
vt 0.9375 0.09997362
vt 0.90625 0.09997362
vt 0.875 0.09997362
vt 0.84375 0.09997362
vt 0.8125 0.09997362
vt 0.78125 0.09997362
vt 0.96875 0.08499998
vt 0.9375 0.08499998
vt 0.90625 0.08499998
vt 0.875 0.08499998
vt 0.84375 0.08499998
vt 0.8125 0.08499998
vt 0.78125 0.08499998
vt 1 0.2124295
vt 0.9877134 0.2111998
vt 0.9780325 0.2074659
vt 0.9723411 0.2019842
vt 0.971625 0.2012618
vt 0.9698621 0.193291
vt 0.9728169 0.1853184
vt 0.9741876 0.184077
vt 0.9793978 0.1790792
vt 0.9886186 0.1753373
vt 1 0.1741139
vt 1 0.09784725
vt 0.9905434 0.09622808
vt 0.9828309 0.09239601
vt 0.9773031 0.08615708
vt 0.9770023 0.08499998
vt 0.03125 0.07020742
vt 0.0625 0.07020742
vt 0.09375 0.07020742
vt 0.125 0.07020742
vt 0.15625 0.07020742
vt 0.1875 0.07020742
vt 0.21875 0.07020742
vt 0.25 0.07020742
vt 0.03125 0.0558818
vt 0.0625 0.0558818
vt 0.09375 0.0558818
vt 0.125 0.0558818
vt 0.15625 0.0558818
vt 0.1875 0.0558818
vt 0.21875 0.0558818
vt 0.25 0.0558818
vt 0 0.04238498
vt 0.03125 0.04238498
vt 0.0625 0.04238498
vt 0.09375 0.04238498
vt 0.125 0.04238498
vt 0.15625 0.04238498
vt 0.1875 0.04238498
vt 0.21875 0.04238498
vt 0.25 0.04238498
vt 0 0.03007883
vt 0.03125 0.03007883
vt 0.0625 0.03007883
vt 0.09375 0.03007883
vt 0.125 0.03007883
vt 0.15625 0.03007883
vt 0.1875 0.03007883
vt 0.21875 0.03007883
vt 0.25 0.03007883
vt 0 0.01932538
vt 0.03125 0.01932538
vt 0.0625 0.01932538
vt 0.09375 0.01932538
vt 0.125 0.01932538
vt 0.15625 0.01932538
vt 0.1875 0.01932538
vt 0.21875 0.01932538
vt 0.25 0.01932538
vt 0 0.01048648
vt 0.03125 0.01048648
vt 0.0625 0.01048648
vt 0.09375 0.01048648
vt 0.125 0.01048648
vt 0.15625 0.01048648
vt 0.1875 0.01048648
vt 0.21875 0.01048648
vt 0.25 0.01048648
vt 0 0.003924072
vt 0.03125 0.003924072
vt 0.0625 0.003924072
vt 0.09375 0.003924072
vt 0.125 0.003924072
vt 0.15625 0.003924072
vt 0.1875 0.003924072
vt 0.21875 0.003924072
vt 0.25 0.003924072
vt 0 0
vt 0.03125 0
vt 0.0625 0
vt 0.09375 0
vt 0.125 0
vt 0.15625 0
vt 0.1875 0
vt 0.21875 0
vt 0.25 0
vt 0.02495871 0.07702406
vt 0.02347314 0.07020742
vt 0.02310676 0.06769291
vt 0.01786035 0.05957361
vt 0.01155326 0.0558818
vt 0.01006714 0.05478014
vt 0 0.05341916
vt 0.28125 0.07020742
vt 0.3125 0.07020742
vt 0.34375 0.07020742
vt 0.375 0.07020742
vt 0.40625 0.07020742
vt 0.4375 0.07020742
vt 0.46875 0.07020742
vt 0.28125 0.0558818
vt 0.3125 0.0558818
vt 0.34375 0.0558818
vt 0.375 0.0558818
vt 0.40625 0.0558818
vt 0.4375 0.0558818
vt 0.46875 0.0558818
vt 0.5 0.0558818
vt 0.28125 0.04238498
vt 0.3125 0.04238498
vt 0.34375 0.04238498
vt 0.375 0.04238498
vt 0.40625 0.04238498
vt 0.4375 0.04238498
vt 0.46875 0.04238498
vt 0.5 0.04238498
vt 0.28125 0.03007883
vt 0.3125 0.03007883
vt 0.34375 0.03007883
vt 0.375 0.03007883
vt 0.40625 0.03007883
vt 0.4375 0.03007883
vt 0.46875 0.03007883
vt 0.5 0.03007883
vt 0.28125 0.01932538
vt 0.3125 0.01932538
vt 0.34375 0.01932538
vt 0.375 0.01932538
vt 0.40625 0.01932538
vt 0.4375 0.01932538
vt 0.46875 0.01932538
vt 0.5 0.01932538
vt 0.28125 0.01048648
vt 0.3125 0.01048648
vt 0.34375 0.01048648
vt 0.375 0.01048648
vt 0.40625 0.01048648
vt 0.4375 0.01048648
vt 0.46875 0.01048648
vt 0.5 0.01048648
vt 0.28125 0.003924072
vt 0.3125 0.003924072
vt 0.34375 0.003924072
vt 0.375 0.003924072
vt 0.40625 0.003924072
vt 0.4375 0.003924072
vt 0.46875 0.003924072
vt 0.5 0.003924072
vt 0.28125 0
vt 0.3125 0
vt 0.34375 0
vt 0.375 0
vt 0.40625 0
vt 0.4375 0
vt 0.46875 0
vt 0.5 0
vt 0.4662748 0.07292479
vt 0.46875 0.07150221
vt 0.4707215 0.07020742
vt 0.4805085 0.06267162
vt 0.5 0.05915507
vt 0.75 0.07020742
vt 0.71875 0.07020742
vt 0.6875 0.07020742
vt 0.65625 0.07020742
vt 0.625 0.07020742
vt 0.59375 0.07020742
vt 0.5625 0.07020742
vt 0.53125 0.07020742
vt 0.75 0.0558818
vt 0.71875 0.0558818
vt 0.6875 0.0558818
vt 0.65625 0.0558818
vt 0.625 0.0558818
vt 0.59375 0.0558818
vt 0.5625 0.0558818
vt 0.53125 0.0558818
vt 0.75 0.04238498
vt 0.71875 0.04238498
vt 0.6875 0.04238498
vt 0.65625 0.04238498
vt 0.625 0.04238498
vt 0.59375 0.04238498
vt 0.5625 0.04238498
vt 0.53125 0.04238498
vt 0.75 0.03007883
vt 0.71875 0.03007883
vt 0.6875 0.03007883
vt 0.65625 0.03007883
vt 0.625 0.03007883
vt 0.59375 0.03007883
vt 0.5625 0.03007883
vt 0.53125 0.03007883
vt 0.75 0.01932538
vt 0.71875 0.01932538
vt 0.6875 0.01932538
vt 0.65625 0.01932538
vt 0.625 0.01932538
vt 0.59375 0.01932538
vt 0.5625 0.01932538
vt 0.53125 0.01932538
vt 0.75 0.01048648
vt 0.71875 0.01048648
vt 0.6875 0.01048648
vt 0.65625 0.01048648
vt 0.625 0.01048648
vt 0.59375 0.01048648
vt 0.5625 0.01048648
vt 0.53125 0.01048648
vt 0.75 0.003924072
vt 0.71875 0.003924072
vt 0.6875 0.003924072
vt 0.65625 0.003924072
vt 0.625 0.003924072
vt 0.59375 0.003924072
vt 0.5625 0.003924072
vt 0.53125 0.003924072
vt 0.75 0
vt 0.71875 0
vt 0.6875 0
vt 0.65625 0
vt 0.625 0
vt 0.59375 0
vt 0.5625 0
vt 0.53125 0
vt 0.5337252 0.07292479
vt 0.53125 0.07150221
vt 0.5292785 0.07020742
vt 0.5194916 0.06267162
vt 0.96875 0.07020742
vt 0.9375 0.07020742
vt 0.90625 0.07020742
vt 0.875 0.07020742
vt 0.84375 0.07020742
vt 0.8125 0.07020742
vt 0.78125 0.07020742
vt 0.96875 0.0558818
vt 0.9375 0.0558818
vt 0.90625 0.0558818
vt 0.875 0.0558818
vt 0.84375 0.0558818
vt 0.8125 0.0558818
vt 0.78125 0.0558818
vt 1 0.04238498
vt 0.96875 0.04238498
vt 0.9375 0.04238498
vt 0.90625 0.04238498
vt 0.875 0.04238498
vt 0.84375 0.04238498
vt 0.8125 0.04238498
vt 0.78125 0.04238498
vt 1 0.03007883
vt 0.96875 0.03007883
vt 0.9375 0.03007883
vt 0.90625 0.03007883
vt 0.875 0.03007883
vt 0.84375 0.03007883
vt 0.8125 0.03007883
vt 0.78125 0.03007883
vt 1 0.01932538
vt 0.96875 0.01932538
vt 0.9375 0.01932538
vt 0.90625 0.01932538
vt 0.875 0.01932538
vt 0.84375 0.01932538
vt 0.8125 0.01932538
vt 0.78125 0.01932538
vt 1 0.01048648
vt 0.96875 0.01048648
vt 0.9375 0.01048648
vt 0.90625 0.01048648
vt 0.875 0.01048648
vt 0.84375 0.01048648
vt 0.8125 0.01048648
vt 0.78125 0.01048648
vt 1 0.003924072
vt 0.96875 0.003924072
vt 0.9375 0.003924072
vt 0.90625 0.003924072
vt 0.875 0.003924072
vt 0.84375 0.003924072
vt 0.8125 0.003924072
vt 0.78125 0.003924072
vt 1 0
vt 0.96875 0
vt 0.9375 0
vt 0.90625 0
vt 0.875 0
vt 0.84375 0
vt 0.8125 0
vt 0.78125 0
vt 0.9750413 0.07702406
vt 0.9765269 0.07020742
vt 0.9768932 0.06769291
vt 0.9821396 0.05957361
vt 0.9884467 0.0558818
vt 0.9899328 0.05478014
vt 1 0.05341916
vt 0.125 0.9921875
vt 0.1478622 0.9899358
vt 0.1698457 0.9832671
vt 0.1901059 0.9724379
vt 0.2078641 0.957864
vt 0.2224379 0.9401059
vt 0.2332671 0.9198457
vt 0.2399358 0.8978621
vt 0.2421875 0.875
vt 0.125 0.9892641
vt 0.1472918 0.9870685
vt 0.168727 0.9805662
vt 0.1884817 0.9700071
vt 0.2057969 0.9557969
vt 0.2200071 0.9384817
vt 0.2305662 0.9187269
vt 0.2370685 0.8972918
vt 0.2392641 0.875
vt 0.125 0.985113
vt 0.146482 0.9829972
vt 0.1671384 0.9767311
vt 0.1861755 0.9665556
vt 0.2028616 0.9528616
vt 0.2165556 0.9361755
vt 0.2267311 0.9171384
vt 0.2329972 0.896482
vt 0.235113 0.875
vt 0.125 0.978673
vt 0.1452256 0.976681
vt 0.164674 0.9707814
vt 0.1825977 0.961201
vt 0.1983079 0.9483079
vt 0.211201 0.9325976
vt 0.2207814 0.9146739
vt 0.226681 0.8952256
vt 0.2286731 0.875
vt 0.125 0.9688832
vt 0.1433157 0.9670792
vt 0.1609275 0.9617367
vt 0.1771587 0.953061
vt 0.1913854 0.9413854
vt 0.203061 0.9271587
vt 0.2117367 0.9109275
vt 0.2170792 0.8933157
vt 0.2188832 0.875
vt 0.125 0.9546821
vt 0.1405452 0.953151
vt 0.155493 0.9486166
vt 0.169269 0.9412532
vt 0.1813437 0.9313437
vt 0.1912532 0.919269
vt 0.1986167 0.905493
vt 0.203151 0.8905452
vt 0.2046821 0.875
vt 0.125 0.9350086
vt 0.1367071 0.9338556
vt 0.1479643 0.9304408
vt 0.158339 0.9248953
vt 0.1674325 0.9174325
vt 0.1748954 0.908339
vt 0.1804408 0.8979643
vt 0.1838556 0.8867071
vt 0.1850087 0.875
vt 0.125 0.9088017
vt 0.1315944 0.9081522
vt 0.1379353 0.9062287
vt 0.1437792 0.9031051
vt 0.1489014 0.8989014
vt 0.1531051 0.8937792
vt 0.1562287 0.8879353
vt 0.1581522 0.8815944
vt 0.1588017 0.875
vt 0.125 0.875
vt 0.2399358 0.8521378
vt 0.2332671 0.8301543
vt 0.2224378 0.8098941
vt 0.2078641 0.7921359
vt 0.1901059 0.7775621
vt 0.1698457 0.7667328
vt 0.1478622 0.7600642
vt 0.125 0.7578125
vt 0.2370685 0.8527082
vt 0.2305662 0.831273
vt 0.2200071 0.8115183
vt 0.2057969 0.7942031
vt 0.1884817 0.7799929
vt 0.1687269 0.7694337
vt 0.1472918 0.7629315
vt 0.125 0.7607359
vt 0.2329972 0.853518
vt 0.2267311 0.8328616
vt 0.2165556 0.8138245
vt 0.2028616 0.7971383
vt 0.1861755 0.7834444
vt 0.1671384 0.7732689
vt 0.146482 0.7670028
vt 0.125 0.764887
vt 0.226681 0.8547744
vt 0.2207814 0.835326
vt 0.211201 0.8174024
vt 0.1983079 0.8016921
vt 0.1825977 0.788799
vt 0.1646739 0.7792186
vt 0.1452256 0.773319
vt 0.125 0.7713269
vt 0.2170792 0.8566843
vt 0.2117367 0.8390725
vt 0.203061 0.8228413
vt 0.1913854 0.8086146
vt 0.1771587 0.796939
vt 0.1609275 0.7882633
vt 0.1433157 0.7829208
vt 0.125 0.7811168
vt 0.203151 0.8594548
vt 0.1986167 0.844507
vt 0.1912532 0.830731
vt 0.1813437 0.8186563
vt 0.169269 0.8087468
vt 0.155493 0.8013834
vt 0.1405452 0.796849
vt 0.125 0.7953179
vt 0.1838556 0.8632929
vt 0.1804408 0.8520357
vt 0.1748954 0.841661
vt 0.1674325 0.8325675
vt 0.158339 0.8251046
vt 0.1479643 0.8195592
vt 0.1367071 0.8161444
vt 0.125 0.8149914
vt 0.1581522 0.8684056
vt 0.1562287 0.8620647
vt 0.1531051 0.8562208
vt 0.1489014 0.8510986
vt 0.1437792 0.8468949
vt 0.1379353 0.8437713
vt 0.1315944 0.8418478
vt 0.125 0.8411983
vt 0.0078125 0.875
vt 0.01006423 0.8521378
vt 0.01673287 0.8301543
vt 0.02756217 0.8098941
vt 0.04213594 0.7921359
vt 0.05989414 0.7775621
vt 0.08015433 0.7667328
vt 0.1021378 0.7600642
vt 0.01073594 0.875
vt 0.0129315 0.8527082
vt 0.01943378 0.831273
vt 0.02999292 0.8115183
vt 0.04420313 0.7942031
vt 0.06151831 0.7799929
vt 0.08127308 0.7694337
vt 0.1027082 0.7629315
vt 0.01488703 0.875
vt 0.01700282 0.853518
vt 0.02326888 0.8328616
vt 0.03344442 0.8138245
vt 0.04713839 0.7971383
vt 0.06382453 0.7834444
vt 0.08286163 0.7732689
vt 0.103518 0.7670028
vt 0.02132693 0.875
vt 0.02331899 0.8547744
vt 0.02921858 0.835326
vt 0.038799 0.8174024
vt 0.05169208 0.8016921
vt 0.06740235 0.788799
vt 0.08532608 0.7792186
vt 0.1047744 0.773319
vt 0.03111683 0.875
vt 0.03292078 0.8566843
vt 0.03826326 0.8390725
vt 0.04693902 0.8228413
vt 0.05861458 0.8086146
vt 0.07284132 0.796939
vt 0.0890725 0.7882633
vt 0.1066843 0.7829208
vt 0.04531792 0.875
vt 0.04684898 0.8594548
vt 0.05138335 0.844507
vt 0.05874677 0.830731
vt 0.06865627 0.8186563
vt 0.08073102 0.8087468
vt 0.09450701 0.8013834
vt 0.1094548 0.796849
vt 0.06499134 0.875
vt 0.06614439 0.8632929
vt 0.06955923 0.8520357
vt 0.07510462 0.841661
vt 0.08256748 0.8325675
vt 0.09166099 0.8251046
vt 0.1020357 0.8195592
vt 0.1132929 0.8161444
vt 0.09119831 0.875
vt 0.09184781 0.8684056
vt 0.09377131 0.8620647
vt 0.09689492 0.8562208
vt 0.1010986 0.8510986
vt 0.1062208 0.8468949
vt 0.1120647 0.8437713
vt 0.1184056 0.8418478
vt 0.1021378 0.9899358
vt 0.08015427 0.9832671
vt 0.0598941 0.9724379
vt 0.04213592 0.957864
vt 0.02756214 0.9401059
vt 0.01673286 0.9198457
vt 0.01006421 0.8978621
vt 0.1027082 0.9870685
vt 0.08127303 0.9805662
vt 0.06151828 0.9700071
vt 0.0442031 0.9557969
vt 0.02999291 0.9384817
vt 0.01943377 0.9187269
vt 0.0129315 0.8972918
vt 0.103518 0.9829972
vt 0.08286159 0.9767311
vt 0.0638245 0.9665556
vt 0.04713836 0.9528616
vt 0.0334444 0.9361755
vt 0.02326888 0.9171384
vt 0.01700282 0.896482
vt 0.1047744 0.976681
vt 0.08532603 0.9707814
vt 0.06740232 0.961201
vt 0.05169207 0.9483079
vt 0.03879899 0.9325976
vt 0.02921857 0.9146739
vt 0.02331898 0.8952256
vt 0.1066843 0.9670792
vt 0.08907247 0.9617367
vt 0.07284129 0.953061
vt 0.05861458 0.9413854
vt 0.04693899 0.9271587
vt 0.03826326 0.9109275
vt 0.03292078 0.8933157
vt 0.1094548 0.953151
vt 0.09450698 0.9486166
vt 0.08073099 0.9412532
vt 0.06865625 0.9313437
vt 0.05874676 0.919269
vt 0.05138335 0.905493
vt 0.04684898 0.8905452
vt 0.1132929 0.9338556
vt 0.1020357 0.9304408
vt 0.09166098 0.9248953
vt 0.08256747 0.9174325
vt 0.07510462 0.908339
vt 0.06955922 0.8979643
vt 0.06614439 0.8867071
vt 0.1184056 0.9081522
vt 0.1120647 0.9062287
vt 0.1062208 0.9031051
vt 0.1010986 0.8989014
vt 0.09689492 0.8937792
vt 0.09377131 0.8879353
vt 0.09184781 0.8815944
vt 0.75 0.9655596
vt 0.765625 0.9656748
vt 0.78125 0.9659386
vt 0.796875 0.9662471
vt 0.8125 0.9665363
vt 0.828125 0.9667753
vt 0.84375 0.9669511
vt 0.859375 0.9670588
vt 0.875 0.9670954
vt 0.75 0.931227
vt 0.765625 0.9313727
vt 0.78125 0.9317102
vt 0.796875 0.9321127
vt 0.8125 0.9324994
vt 0.828125 0.9328269
vt 0.84375 0.9330733
vt 0.859375 0.9332273
vt 0.875 0.9332804
vt 0.75 0.8974041
vt 0.765625 0.8975215
vt 0.78125 0.8978
vt 0.796875 0.8981452
vt 0.8125 0.8984921
vt 0.828125 0.8987987
vt 0.84375 0.8990382
vt 0.859375 0.8991923
vt 0.875 0.8992467
vt 0.75 0.8644927
vt 0.765625 0.864549
vt 0.78125 0.864693
vt 0.796875 0.8648928
vt 0.8125 0.8651172
vt 0.828125 0.8653347
vt 0.84375 0.865517
vt 0.859375 0.8656405
vt 0.875 0.8656858
vt 0.75 0.8328947
vt 0.765625 0.8328828
vt 0.78125 0.8328744
vt 0.796875 0.8329037
vt 0.8125 0.8329777
vt 0.828125 0.8330789
vt 0.84375 0.8331812
vt 0.859375 0.8332587
vt 0.875 0.8332891
vt 0.75 0.803012
vt 0.765625 0.8029508
vt 0.78125 0.8028293
vt 0.796875 0.8027264
vt 0.8125 0.8026763
vt 0.828125 0.8026752
vt 0.84375 0.8027022
vt 0.859375 0.8027335
vt 0.875 0.8027483
vt 0.75 0.7752464
vt 0.765625 0.7751806
vt 0.78125 0.7750428
vt 0.796875 0.7749091
vt 0.8125 0.7748162
vt 0.828125 0.7747676
vt 0.84375 0.7747513
vt 0.859375 0.7747517
vt 0.875 0.7747548
vt 0.875 0.75
vt 0.75 0.9762489
vt 0.765625 0.977457
vt 0.7685673 0.9774179
vt 0.78125 0.9774671
vt 0.7930073 0.9769681
vt 0.796875 0.9769965
vt 0.8125 0.976795
vt 0.8131863 0.9767764
vt 0.828125 0.9776371
vt 0.8329272 0.9777787
vt 0.84375 0.9793597
vt 0.857024 0.9803252
vt 0.859375 0.9806578
vt 0.875 0.9807617
vt 0.75 0.979658
vt 0.75 0.9830672
vt 0.75 0.9864762
vt 0.765625 0.9808661
vt 0.765625 0.9842752
vt 0.765625 0.9876843
vt 0.7685673 0.980827
vt 0.7685673 0.9842362
vt 0.7685673 0.9876453
vt 0.78125 0.9808761
vt 0.78125 0.9842852
vt 0.78125 0.9876944
vt 0.7930072 0.9803771
vt 0.7930073 0.9837863
vt 0.7930073 0.9871954
vt 0.7968749 0.9804056
vt 0.796875 0.9838147
vt 0.796875 0.9872238
vt 0.8125 0.9802041
vt 0.8125 0.9836133
vt 0.8125 0.9870223
vt 0.8131863 0.9801854
vt 0.8131863 0.9835946
vt 0.8131863 0.9870037
vt 0.828125 0.9810461
vt 0.828125 0.9844552
vt 0.828125 0.9878644
vt 0.8329272 0.9811878
vt 0.8329272 0.984597
vt 0.8329272 0.9880061
vt 0.8437499 0.9827688
vt 0.84375 0.9861779
vt 0.84375 0.989587
vt 0.857024 0.9837343
vt 0.8570241 0.9871434
vt 0.857024 0.9905525
vt 0.859375 0.9840668
vt 0.859375 0.987476
vt 0.859375 0.9908851
vt 0.875 0.9841708
vt 0.875 0.9875799
vt 0.875 0.990989
vt 1 0.9655596
vt 0.984375 0.9656748
vt 0.96875 0.9659386
vt 0.953125 0.9662471
vt 0.9375 0.9665363
vt 0.921875 0.9667753
vt 0.90625 0.9669511
vt 0.890625 0.9670588
vt 1 0.931227
vt 0.984375 0.9313727
vt 0.96875 0.9317102
vt 0.953125 0.9321127
vt 0.9375 0.9324994
vt 0.921875 0.9328269
vt 0.90625 0.9330733
vt 0.890625 0.9332273
vt 1 0.8974041
vt 0.984375 0.8975215
vt 0.96875 0.8978
vt 0.953125 0.8981452
vt 0.9375 0.8984921
vt 0.921875 0.8987987
vt 0.90625 0.8990382
vt 0.890625 0.8991923
vt 1 0.8644927
vt 0.984375 0.864549
vt 0.96875 0.864693
vt 0.953125 0.8648928
vt 0.9375 0.8651172
vt 0.921875 0.8653347
vt 0.90625 0.865517
vt 0.890625 0.8656405
vt 1 0.8328947
vt 0.984375 0.8328828
vt 0.96875 0.8328744
vt 0.953125 0.8329037
vt 0.9375 0.8329777
vt 0.921875 0.8330789
vt 0.90625 0.8331812
vt 0.890625 0.8332587
vt 1 0.803012
vt 0.984375 0.8029508
vt 0.96875 0.8028293
vt 0.953125 0.8027264
vt 0.9375 0.8026763
vt 0.921875 0.8026752
vt 0.90625 0.8027022
vt 0.890625 0.8027335
vt 1 0.7752464
vt 0.984375 0.7751806
vt 0.96875 0.7750428
vt 0.953125 0.7749091
vt 0.9375 0.7748162
vt 0.921875 0.7747676
vt 0.90625 0.7747513
vt 0.890625 0.7747517
vt 1 0.75
vt 0.984375 0.75
vt 0.96875 0.75
vt 0.953125 0.75
vt 0.9375 0.75
vt 0.921875 0.75
vt 0.90625 0.75
vt 0.890625 0.75
vt 1 0.9762489
vt 0.984375 0.977457
vt 0.9814327 0.9774179
vt 0.96875 0.9774671
vt 0.9569927 0.9769681
vt 0.953125 0.9769965
vt 0.9375 0.976795
vt 0.9368137 0.9767764
vt 0.921875 0.9776371
vt 0.9170728 0.9777787
vt 0.90625 0.9793597
vt 0.892976 0.9803252
vt 0.890625 0.9806578
vt 1 0.979658
vt 1 0.9830672
vt 1 0.9864762
vt 0.984375 0.9808661
vt 0.984375 0.9842752
vt 0.984375 0.9876843
vt 0.9814327 0.980827
vt 0.9814327 0.9842362
vt 0.9814327 0.9876453
vt 0.96875 0.9808761
vt 0.96875 0.9842852
vt 0.96875 0.9876944
vt 0.9569928 0.9803771
vt 0.9569927 0.9837863
vt 0.9569927 0.9871954
vt 0.9531251 0.9804056
vt 0.953125 0.9838147
vt 0.953125 0.9872238
vt 0.9375 0.9802041
vt 0.9375 0.9836133
vt 0.9375 0.9870223
vt 0.9368137 0.9801854
vt 0.9368137 0.9835946
vt 0.9368137 0.9870037
vt 0.921875 0.9810461
vt 0.921875 0.9844552
vt 0.921875 0.9878644
vt 0.9170728 0.9811878
vt 0.9170728 0.984597
vt 0.9170728 0.9880061
vt 0.9062501 0.9827688
vt 0.90625 0.9861779
vt 0.90625 0.989587
vt 0.892976 0.9837343
vt 0.8929759 0.9871434
vt 0.892976 0.9905525
vt 0.890625 0.9840668
vt 0.890625 0.987476
vt 0.890625 0.9908851
vt 0.375 0.875
vt 0.375 0.8485278
vt 0.3801645 0.8490365
vt 0.3851305 0.8505429
vt 0.3897071 0.8529892
vt 0.3937186 0.8562813
vt 0.3970108 0.8602929
vt 0.3994571 0.8648695
vt 0.4009635 0.8698356
vt 0.4014722 0.875
vt 0.375 0.8268172
vt 0.3844 0.8277431
vt 0.3934388 0.8304849
vt 0.4017689 0.8349375
vt 0.4090704 0.8409296
vt 0.4150625 0.8482311
vt 0.4195151 0.8565612
vt 0.422257 0.8656
vt 0.4231828 0.875
vt 0.375 0.8091764
vt 0.3878416 0.8104412
vt 0.4001896 0.8141869
vt 0.4115697 0.8202697
vt 0.4215443 0.8284557
vt 0.4297303 0.8384304
vt 0.4358131 0.8498104
vt 0.4395588 0.8621585
vt 0.4408236 0.875
vt 0.375 0.7949138
vt 0.390624 0.7964526
vt 0.4056477 0.80101
vt 0.4194935 0.8084108
vt 0.4316295 0.8183705
vt 0.4415892 0.8305065
vt 0.44899 0.8443524
vt 0.4535474 0.859376
vt 0.4550862 0.875
vt 0.375 0.7833378
vt 0.3928824 0.785099
vt 0.4100776 0.7903152
vt 0.4259248 0.7987856
vt 0.439815 0.810185
vt 0.4512144 0.8240752
vt 0.4596849 0.8399224
vt 0.464901 0.8571176
vt 0.4666622 0.875
vt 0.375 0.7737566
vt 0.3947516 0.775702
vt 0.4137442 0.7814633
vt 0.4312478 0.7908192
vt 0.4465899 0.8034101
vt 0.4591808 0.8187522
vt 0.4685367 0.8362558
vt 0.474298 0.8552484
vt 0.4762434 0.875
vt 0.375 0.7654787
vt 0.3963665 0.7675832
vt 0.416912 0.7738156
vt 0.4358467 0.7839364
vt 0.4524432 0.7975568
vt 0.4660636 0.8141533
vt 0.4761844 0.833088
vt 0.4824168 0.8536335
vt 0.4845212 0.875
vt 0.375 0.7578125
vt 0.3978621 0.7600642
vt 0.4198457 0.7667329
vt 0.4401059 0.7775621
vt 0.4578641 0.792136
vt 0.4724379 0.8098941
vt 0.4832671 0.8301543
vt 0.4899358 0.8521379
vt 0.4921875 0.875
vt 0.4009635 0.8801644
vt 0.3994571 0.8851305
vt 0.3970108 0.8897071
vt 0.3937186 0.8937187
vt 0.3897071 0.8970108
vt 0.3851304 0.8994571
vt 0.3801645 0.9009635
vt 0.375 0.9014722
vt 0.422257 0.8844
vt 0.4195151 0.8934388
vt 0.4150625 0.9017689
vt 0.4090704 0.9090704
vt 0.4017689 0.9150625
vt 0.3934388 0.9195151
vt 0.3844 0.9222569
vt 0.375 0.9231828
vt 0.4395588 0.8878416
vt 0.4358131 0.9001896
vt 0.4297303 0.9115697
vt 0.4215443 0.9215443
vt 0.4115696 0.9297304
vt 0.4001896 0.9358131
vt 0.3878416 0.9395588
vt 0.375 0.9408236
vt 0.4535474 0.890624
vt 0.44899 0.9056476
vt 0.4415892 0.9194935
vt 0.4316295 0.9316295
vt 0.4194935 0.9415892
vt 0.4056476 0.94899
vt 0.390624 0.9535474
vt 0.375 0.9550862
vt 0.464901 0.8928824
vt 0.4596849 0.9100776
vt 0.4512144 0.9259248
vt 0.439815 0.939815
vt 0.4259248 0.9512144
vt 0.4100776 0.9596849
vt 0.3928824 0.964901
vt 0.375 0.9666622
vt 0.474298 0.8947516
vt 0.4685367 0.9137442
vt 0.4591808 0.9312478
vt 0.4465899 0.9465899
vt 0.4312478 0.9591808
vt 0.4137441 0.9685367
vt 0.3947516 0.974298
vt 0.375 0.9762434
vt 0.4824168 0.8963665
vt 0.4761844 0.916912
vt 0.4660636 0.9358467
vt 0.4524432 0.9524432
vt 0.4358467 0.9660636
vt 0.4169119 0.9761844
vt 0.3963665 0.9824168
vt 0.375 0.9845213
vt 0.4899358 0.8978622
vt 0.4832671 0.9198457
vt 0.4724378 0.9401059
vt 0.457864 0.9578641
vt 0.4401059 0.9724379
vt 0.4198457 0.9832671
vt 0.3978622 0.9899358
vt 0.375 0.9921875
vt 0.3485278 0.875
vt 0.3490365 0.8801644
vt 0.3505429 0.8851305
vt 0.3529892 0.8897071
vt 0.3562814 0.8937187
vt 0.3602929 0.8970108
vt 0.3648696 0.8994571
vt 0.3698355 0.9009635
vt 0.3268172 0.875
vt 0.327743 0.8844
vt 0.3304849 0.8934388
vt 0.3349375 0.9017689
vt 0.3409296 0.9090704
vt 0.3482311 0.9150625
vt 0.3565612 0.9195151
vt 0.3656 0.9222569
vt 0.3091764 0.875
vt 0.3104412 0.8878416
vt 0.3141869 0.9001896
vt 0.3202697 0.9115697
vt 0.3284557 0.9215443
vt 0.3384304 0.9297304
vt 0.3498104 0.9358131
vt 0.3621584 0.9395588
vt 0.2949138 0.875
vt 0.2964526 0.890624
vt 0.30101 0.9056476
vt 0.3084108 0.9194935
vt 0.3183705 0.9316295
vt 0.3305065 0.9415892
vt 0.3443524 0.94899
vt 0.359376 0.9535474
vt 0.2833378 0.875
vt 0.285099 0.8928824
vt 0.2903151 0.9100776
vt 0.2987856 0.9259248
vt 0.310185 0.939815
vt 0.3240752 0.9512144
vt 0.3399224 0.9596849
vt 0.3571176 0.964901
vt 0.2737566 0.875
vt 0.275702 0.8947516
vt 0.2814633 0.9137442
vt 0.2908192 0.9312478
vt 0.3034101 0.9465899
vt 0.3187522 0.9591808
vt 0.3362559 0.9685367
vt 0.3552484 0.974298
vt 0.2654788 0.875
vt 0.2675832 0.8963665
vt 0.2738156 0.916912
vt 0.2839364 0.9358467
vt 0.2975568 0.9524432
vt 0.3141533 0.9660636
vt 0.3330881 0.9761844
vt 0.3536335 0.9824168
vt 0.2578125 0.875
vt 0.2600642 0.8978622
vt 0.2667329 0.9198457
vt 0.2775622 0.9401059
vt 0.292136 0.9578641
vt 0.3098941 0.9724379
vt 0.3301543 0.9832671
vt 0.3521378 0.9899358
vt 0.3698355 0.8490365
vt 0.3648695 0.8505429
vt 0.3602929 0.8529892
vt 0.3562814 0.8562813
vt 0.3529892 0.8602929
vt 0.3505429 0.8648695
vt 0.3490365 0.8698356
vt 0.3656 0.8277431
vt 0.3565612 0.8304849
vt 0.3482311 0.8349375
vt 0.3409296 0.8409296
vt 0.3349375 0.8482311
vt 0.3304849 0.8565612
vt 0.327743 0.8656
vt 0.3621584 0.8104412
vt 0.3498104 0.8141869
vt 0.3384303 0.8202697
vt 0.3284557 0.8284557
vt 0.3202697 0.8384304
vt 0.3141869 0.8498104
vt 0.3104412 0.8621585
vt 0.359376 0.7964526
vt 0.3443523 0.80101
vt 0.3305065 0.8084108
vt 0.3183705 0.8183705
vt 0.3084108 0.8305065
vt 0.30101 0.8443524
vt 0.2964526 0.859376
vt 0.3571176 0.785099
vt 0.3399224 0.7903152
vt 0.3240752 0.7987856
vt 0.310185 0.810185
vt 0.2987856 0.8240752
vt 0.2903151 0.8399224
vt 0.285099 0.8571176
vt 0.3552484 0.775702
vt 0.3362558 0.7814633
vt 0.3187522 0.7908192
vt 0.3034101 0.8034101
vt 0.2908192 0.8187522
vt 0.2814633 0.8362558
vt 0.275702 0.8552484
vt 0.3536335 0.7675832
vt 0.333088 0.7738156
vt 0.3141533 0.7839364
vt 0.2975568 0.7975568
vt 0.2839364 0.8141533
vt 0.2738156 0.833088
vt 0.2675832 0.8536335
vt 0.3521379 0.7600642
vt 0.3301543 0.7667329
vt 0.3098941 0.7775621
vt 0.2921359 0.792136
vt 0.2775621 0.8098941
vt 0.2667329 0.8301543
vt 0.2600642 0.8521379
vt 0 0.5
vt 0.03125 0.5
vt 0.0625 0.5
vt 0.09375 0.5
vt 0.125 0.5
vt 0.15625 0.5
vt 0.1875 0.5
vt 0.21875 0.5
vt 0.25 0.5
vt 0 0.4935964
vt 0.03125 0.4935964
vt 0.0625 0.4935964
vt 0.09375 0.4935964
vt 0.125 0.4935964
vt 0.15625 0.4935964
vt 0.1875 0.4935964
vt 0.21875 0.4935964
vt 0.25 0.4935964
vt 0 0.4851327
vt 0.03125 0.4851327
vt 0.0625 0.4851327
vt 0.09375 0.4851327
vt 0.125 0.4851327
vt 0.15625 0.4851327
vt 0.1875 0.4851327
vt 0.21875 0.4851327
vt 0.25 0.4851327
vt 0 0.4749694
vt 0.03125 0.4749694
vt 0.0625 0.4749694
vt 0.09375 0.4749694
vt 0.125 0.4749694
vt 0.15625 0.4749694
vt 0.1875 0.4749694
vt 0.21875 0.4749694
vt 0.25 0.4749694
vt 0 0.463467
vt 0.03125 0.463467
vt 0.0625 0.463467
vt 0.09375 0.463467
vt 0.125 0.463467
vt 0.15625 0.463467
vt 0.1875 0.463467
vt 0.21875 0.463467
vt 0.25 0.463467
vt 0 0.4509858
vt 0.03125 0.4509858
vt 0.0625 0.4509858
vt 0.09375 0.4509858
vt 0.125 0.4509858
vt 0.15625 0.4509858
vt 0.1875 0.4509858
vt 0.21875 0.4509858
vt 0.25 0.4509858
vt 0 0.4378865
vt 0.03125 0.4378865
vt 0.0625 0.4378865
vt 0.09375 0.4378865
vt 0.125 0.4378865
vt 0.15625 0.4378865
vt 0.1875 0.4378865
vt 0.21875 0.4378865
vt 0.25 0.4378865
vt 0 0.4245294
vt 0.03125 0.4245294
vt 0.0625 0.4245294
vt 0.09375 0.4245294
vt 0.125 0.4245294
vt 0.15625 0.4245294
vt 0.1875 0.4245294
vt 0.21875 0.4245294
vt 0.25 0.4245294
vt 0 0.411275
vt 0.03125 0.411275
vt 0.0625 0.411275
vt 0.09375 0.411275
vt 0.125 0.411275
vt 0.15625 0.411275
vt 0.1875 0.411275
vt 0.21875 0.411275
vt 0.25 0.411275
vt 0.28125 0.5
vt 0.3125 0.5
vt 0.34375 0.5
vt 0.375 0.5
vt 0.40625 0.5
vt 0.4375 0.5
vt 0.46875 0.5
vt 0.5 0.5
vt 0.28125 0.4935964
vt 0.3125 0.4935964
vt 0.34375 0.4935964
vt 0.375 0.4935964
vt 0.40625 0.4935964
vt 0.4375 0.4935964
vt 0.46875 0.4935964
vt 0.5 0.4935964
vt 0.28125 0.4851327
vt 0.3125 0.4851327
vt 0.34375 0.4851327
vt 0.375 0.4851327
vt 0.40625 0.4851327
vt 0.4375 0.4851327
vt 0.46875 0.4851327
vt 0.5 0.4851327
vt 0.28125 0.4749694
vt 0.3125 0.4749694
vt 0.34375 0.4749694
vt 0.375 0.4749694
vt 0.40625 0.4749694
vt 0.4375 0.4749694
vt 0.46875 0.4749694
vt 0.5 0.4749694
vt 0.28125 0.463467
vt 0.3125 0.463467
vt 0.34375 0.463467
vt 0.375 0.463467
vt 0.40625 0.463467
vt 0.4375 0.463467
vt 0.46875 0.463467
vt 0.5 0.463467
vt 0.28125 0.4509858
vt 0.3125 0.4509858
vt 0.34375 0.4509858
vt 0.375 0.4509858
vt 0.40625 0.4509858
vt 0.4375 0.4509858
vt 0.46875 0.4509858
vt 0.5 0.4509858
vt 0.28125 0.4378865
vt 0.3125 0.4378865
vt 0.34375 0.4378865
vt 0.375 0.4378865
vt 0.40625 0.4378865
vt 0.4375 0.4378865
vt 0.46875 0.4378865
vt 0.5 0.4378865
vt 0.28125 0.4245294
vt 0.3125 0.4245294
vt 0.34375 0.4245294
vt 0.375 0.4245294
vt 0.40625 0.4245294
vt 0.4375 0.4245294
vt 0.46875 0.4245294
vt 0.28125 0.411275
vt 0.3125 0.411275
vt 0.34375 0.411275
vt 0.375 0.411275
vt 0.40625 0.411275
vt 0.4375 0.411275
vt 0.46875 0.411275
vt 0.472634 0.411275
vt 0.4763475 0.4181401
vt 0.484662 0.4245294
vt 0.4861008 0.4258249
vt 0.5 0.4289684
vt 0.75 0.5
vt 0.71875 0.5
vt 0.6875 0.5
vt 0.65625 0.5
vt 0.625 0.5
vt 0.59375 0.5
vt 0.5625 0.5
vt 0.53125 0.5
vt 0.75 0.4935964
vt 0.71875 0.4935964
vt 0.6875 0.4935964
vt 0.65625 0.4935964
vt 0.625 0.4935964
vt 0.59375 0.4935964
vt 0.5625 0.4935964
vt 0.53125 0.4935964
vt 0.75 0.4851327
vt 0.71875 0.4851327
vt 0.6875 0.4851327
vt 0.65625 0.4851327
vt 0.625 0.4851327
vt 0.59375 0.4851327
vt 0.5625 0.4851327
vt 0.53125 0.4851327
vt 0.75 0.4749694
vt 0.71875 0.4749694
vt 0.6875 0.4749694
vt 0.65625 0.4749694
vt 0.625 0.4749694
vt 0.59375 0.4749694
vt 0.5625 0.4749694
vt 0.53125 0.4749694
vt 0.75 0.463467
vt 0.71875 0.463467
vt 0.6875 0.463467
vt 0.65625 0.463467
vt 0.625 0.463467
vt 0.59375 0.463467
vt 0.5625 0.463467
vt 0.53125 0.463467
vt 0.75 0.4509858
vt 0.71875 0.4509858
vt 0.6875 0.4509858
vt 0.65625 0.4509858
vt 0.625 0.4509858
vt 0.59375 0.4509858
vt 0.5625 0.4509858
vt 0.53125 0.4509858
vt 0.75 0.4378865
vt 0.71875 0.4378865
vt 0.6875 0.4378865
vt 0.65625 0.4378865
vt 0.625 0.4378865
vt 0.59375 0.4378865
vt 0.5625 0.4378865
vt 0.53125 0.4378865
vt 0.75 0.4245294
vt 0.71875 0.4245294
vt 0.6875 0.4245294
vt 0.65625 0.4245294
vt 0.625 0.4245294
vt 0.59375 0.4245294
vt 0.5625 0.4245294
vt 0.53125 0.4245294
vt 0.75 0.411275
vt 0.71875 0.411275
vt 0.6875 0.411275
vt 0.65625 0.411275
vt 0.625 0.411275
vt 0.59375 0.411275
vt 0.5625 0.411275
vt 0.53125 0.411275
vt 0.527366 0.411275
vt 0.5236524 0.4181401
vt 0.5153381 0.4245294
vt 0.5138992 0.4258249
vt 1 0.5
vt 0.96875 0.5
vt 0.9375 0.5
vt 0.90625 0.5
vt 0.875 0.5
vt 0.84375 0.5
vt 0.8125 0.5
vt 0.78125 0.5
vt 1 0.4935964
vt 0.96875 0.4935964
vt 0.9375 0.4935964
vt 0.90625 0.4935964
vt 0.875 0.4935964
vt 0.84375 0.4935964
vt 0.8125 0.4935964
vt 0.78125 0.4935964
vt 1 0.4851327
vt 0.96875 0.4851327
vt 0.9375 0.4851327
vt 0.90625 0.4851327
vt 0.875 0.4851327
vt 0.84375 0.4851327
vt 0.8125 0.4851327
vt 0.78125 0.4851327
vt 1 0.4749694
vt 0.96875 0.4749694
vt 0.9375 0.4749694
vt 0.90625 0.4749694
vt 0.875 0.4749694
vt 0.84375 0.4749694
vt 0.8125 0.4749694
vt 0.78125 0.4749694
vt 1 0.463467
vt 0.96875 0.463467
vt 0.9375 0.463467
vt 0.90625 0.463467
vt 0.875 0.463467
vt 0.84375 0.463467
vt 0.8125 0.463467
vt 0.78125 0.463467
vt 1 0.4509858
vt 0.96875 0.4509858
vt 0.9375 0.4509858
vt 0.90625 0.4509858
vt 0.875 0.4509858
vt 0.84375 0.4509858
vt 0.8125 0.4509858
vt 0.78125 0.4509858
vt 1 0.4378865
vt 0.96875 0.4378865
vt 0.9375 0.4378865
vt 0.90625 0.4378865
vt 0.875 0.4378865
vt 0.84375 0.4378865
vt 0.8125 0.4378865
vt 0.78125 0.4378865
vt 1 0.4245294
vt 0.96875 0.4245294
vt 0.9375 0.4245294
vt 0.90625 0.4245294
vt 0.875 0.4245294
vt 0.84375 0.4245294
vt 0.8125 0.4245294
vt 0.78125 0.4245294
vt 1 0.411275
vt 0.96875 0.411275
vt 0.9375 0.411275
vt 0.90625 0.411275
vt 0.875 0.411275
vt 0.84375 0.411275
vt 0.8125 0.411275
vt 0.78125 0.411275
vt 0 0.4001626
vt 0.03125 0.4001626
vt 0.0625 0.4001626
vt 0.09375 0.4001626
vt 0.125 0.4001626
vt 0.15625 0.4001626
vt 0.1875 0.4001626
vt 0.21875 0.4001626
vt 0.25 0.4001626
vt 0 0.3883064
vt 0.03125 0.3883064
vt 0.0625 0.3883064
vt 0.09375 0.3883064
vt 0.125 0.3883064
vt 0.15625 0.3883064
vt 0.1875 0.3883064
vt 0.21875 0.3883064
vt 0.25 0.3883064
vt 0 0.3758126
vt 0.03125 0.3758126
vt 0.0625 0.3758126
vt 0.09375 0.3758126
vt 0.125 0.3758126
vt 0.15625 0.3758126
vt 0.1875 0.3758126
vt 0.21875 0.3758126
vt 0.25 0.3758126
vt 0 0.3627877
vt 0.03125 0.3627877
vt 0.0625 0.3627877
vt 0.09375 0.3627877
vt 0.125 0.3627877
vt 0.15625 0.3627877
vt 0.1875 0.3627877
vt 0.21875 0.3627877
vt 0.25 0.3627877
vt 0 0.3493376
vt 0.03125 0.3493376
vt 0.0625 0.3493376
vt 0.09375 0.3493376
vt 0.125 0.3493376
vt 0.15625 0.3493376
vt 0.1875 0.3493376
vt 0.21875 0.3493376
vt 0.25 0.3493376
vt 0 0.3355688
vt 0.03125 0.3355688
vt 0.0625 0.3355688
vt 0.09375 0.3355688
vt 0.125 0.3355688
vt 0.15625 0.3355688
vt 0.1875 0.3355688
vt 0.21875 0.3355688
vt 0.25 0.3355688
vt 0 0.3215876
vt 0.03125 0.3215876
vt 0.0625 0.3215876
vt 0.09375 0.3215876
vt 0.125 0.3215876
vt 0.15625 0.3215876
vt 0.1875 0.3215876
vt 0.21875 0.3215876
vt 0.25 0.3215876
vt 0 0.3075
vt 0.03125 0.3075
vt 0.0625 0.3075
vt 0.09375 0.3075
vt 0.125 0.3075
vt 0.15625 0.3075
vt 0.1875 0.3075
vt 0.21875 0.3075
vt 0.25 0.3075
vt 0.28125 0.4001626
vt 0.3125 0.4001626
vt 0.34375 0.4001626
vt 0.375 0.4001626
vt 0.40625 0.4001626
vt 0.4375 0.4001626
vt 0.46875 0.4001626
vt 0.28125 0.3883064
vt 0.3125 0.3883064
vt 0.34375 0.3883064
vt 0.375 0.3883064
vt 0.40625 0.3883064
vt 0.4375 0.3883064
vt 0.46875 0.3883064
vt 0.28125 0.3758126
vt 0.3125 0.3758126
vt 0.34375 0.3758126
vt 0.375 0.3758126
vt 0.40625 0.3758126
vt 0.4375 0.3758126
vt 0.46875 0.3758126
vt 0.28125 0.3627877
vt 0.3125 0.3627877
vt 0.34375 0.3627877
vt 0.375 0.3627877
vt 0.40625 0.3627877
vt 0.4375 0.3627877
vt 0.46875 0.3627877
vt 0.5 0.3627877
vt 0.28125 0.3493376
vt 0.3125 0.3493376
vt 0.34375 0.3493376
vt 0.375 0.3493376
vt 0.40625 0.3493376
vt 0.4375 0.3493376
vt 0.46875 0.3493376
vt 0.5 0.3493376
vt 0.28125 0.3355688
vt 0.3125 0.3355688
vt 0.34375 0.3355688
vt 0.375 0.3355688
vt 0.40625 0.3355688
vt 0.4375 0.3355688
vt 0.46875 0.3355688
vt 0.5 0.3355688
vt 0.28125 0.3215876
vt 0.3125 0.3215876
vt 0.34375 0.3215876
vt 0.375 0.3215876
vt 0.40625 0.3215876
vt 0.4375 0.3215876
vt 0.46875 0.3215876
vt 0.5 0.3215876
vt 0.28125 0.3075
vt 0.3125 0.3075
vt 0.34375 0.3075
vt 0.375 0.3075
vt 0.40625 0.3075
vt 0.4375 0.3075
vt 0.46875 0.3075
vt 0.5 0.3075
vt 0.5 0.3715358
vt 0.4854457 0.3744591
vt 0.483487 0.3758126
vt 0.4754304 0.3815515
vt 0.471478 0.3883064
vt 0.4702002 0.3904566
vt 0.4689163 0.3997579
vt 0.469014 0.4001626
vt 0.4708807 0.4087392
vt 0.75 0.4001626
vt 0.71875 0.4001626
vt 0.6875 0.4001626
vt 0.65625 0.4001626
vt 0.625 0.4001626
vt 0.59375 0.4001626
vt 0.5625 0.4001626
vt 0.53125 0.4001626
vt 0.75 0.3883064
vt 0.71875 0.3883064
vt 0.6875 0.3883064
vt 0.65625 0.3883064
vt 0.625 0.3883064
vt 0.59375 0.3883064
vt 0.5625 0.3883064
vt 0.53125 0.3883064
vt 0.75 0.3758126
vt 0.71875 0.3758126
vt 0.6875 0.3758126
vt 0.65625 0.3758126
vt 0.625 0.3758126
vt 0.59375 0.3758126
vt 0.5625 0.3758126
vt 0.53125 0.3758126
vt 0.75 0.3627877
vt 0.71875 0.3627877
vt 0.6875 0.3627877
vt 0.65625 0.3627877
vt 0.625 0.3627877
vt 0.59375 0.3627877
vt 0.5625 0.3627877
vt 0.53125 0.3627877
vt 0.75 0.3493376
vt 0.71875 0.3493376
vt 0.6875 0.3493376
vt 0.65625 0.3493376
vt 0.625 0.3493376
vt 0.59375 0.3493376
vt 0.5625 0.3493376
vt 0.53125 0.3493376
vt 0.75 0.3355688
vt 0.71875 0.3355688
vt 0.6875 0.3355688
vt 0.65625 0.3355688
vt 0.625 0.3355688
vt 0.59375 0.3355688
vt 0.5625 0.3355688
vt 0.53125 0.3355688
vt 0.75 0.3215876
vt 0.71875 0.3215876
vt 0.6875 0.3215876
vt 0.65625 0.3215876
vt 0.625 0.3215876
vt 0.59375 0.3215876
vt 0.5625 0.3215876
vt 0.53125 0.3215876
vt 0.75 0.3075
vt 0.71875 0.3075
vt 0.6875 0.3075
vt 0.65625 0.3075
vt 0.625 0.3075
vt 0.59375 0.3075
vt 0.5625 0.3075
vt 0.53125 0.3075
vt 0.5145543 0.3744591
vt 0.516513 0.3758126
vt 0.5245696 0.3815515
vt 0.528522 0.3883064
vt 0.5297998 0.3904566
vt 0.5310837 0.3997579
vt 0.530986 0.4001626
vt 0.5291193 0.4087392
vt 1 0.4001626
vt 0.96875 0.4001626
vt 0.9375 0.4001626
vt 0.90625 0.4001626
vt 0.875 0.4001626
vt 0.84375 0.4001626
vt 0.8125 0.4001626
vt 0.78125 0.4001626
vt 1 0.3883064
vt 0.96875 0.3883064
vt 0.9375 0.3883064
vt 0.90625 0.3883064
vt 0.875 0.3883064
vt 0.84375 0.3883064
vt 0.8125 0.3883064
vt 0.78125 0.3883064
vt 1 0.3758126
vt 0.96875 0.3758126
vt 0.9375 0.3758126
vt 0.90625 0.3758126
vt 0.875 0.3758126
vt 0.84375 0.3758126
vt 0.8125 0.3758126
vt 0.78125 0.3758126
vt 1 0.3627877
vt 0.96875 0.3627877
vt 0.9375 0.3627877
vt 0.90625 0.3627877
vt 0.875 0.3627877
vt 0.84375 0.3627877
vt 0.8125 0.3627877
vt 0.78125 0.3627877
vt 1 0.3493376
vt 0.96875 0.3493376
vt 0.9375 0.3493376
vt 0.90625 0.3493376
vt 0.875 0.3493376
vt 0.84375 0.3493376
vt 0.8125 0.3493376
vt 0.78125 0.3493376
vt 1 0.3355688
vt 0.96875 0.3355688
vt 0.9375 0.3355688
vt 0.90625 0.3355688
vt 0.875 0.3355688
vt 0.84375 0.3355688
vt 0.8125 0.3355688
vt 0.78125 0.3355688
vt 1 0.3215876
vt 0.96875 0.3215876
vt 0.9375 0.3215876
vt 0.90625 0.3215876
vt 0.875 0.3215876
vt 0.84375 0.3215876
vt 0.8125 0.3215876
vt 0.78125 0.3215876
vt 1 0.3075
vt 0.96875 0.3075
vt 0.9375 0.3075
vt 0.90625 0.3075
vt 0.875 0.3075
vt 0.84375 0.3075
vt 0.8125 0.3075
vt 0.78125 0.3075
vt 0 0.3013149
vt 0.03125 0.3013149
vt 0.0625 0.3013149
vt 0.09375 0.3013149
vt 0.125 0.3013149
vt 0.15625 0.3013149
vt 0.1875 0.3013149
vt 0.21875 0.3013149
vt 0.25 0.3013149
vt 0 0.2953512
vt 0.03125 0.2953512
vt 0.0625 0.2953512
vt 0.09375 0.2953512
vt 0.125 0.2953512
vt 0.15625 0.2953512
vt 0.1875 0.2953512
vt 0.21875 0.2953512
vt 0.25 0.2953512
vt 0 0.2897135
vt 0.03125 0.2897135
vt 0.0625 0.2897135
vt 0.09375 0.2897135
vt 0.125 0.2897135
vt 0.15625 0.2897135
vt 0.1875 0.2897135
vt 0.21875 0.2897135
vt 0.25 0.2897135
vt 0 0.2845064
vt 0.03125 0.2845064
vt 0.0625 0.2845064
vt 0.09375 0.2845064
vt 0.125 0.2845064
vt 0.15625 0.2845064
vt 0.1875 0.2845064
vt 0.21875 0.2845064
vt 0.25 0.2845064
vt 0 0.2798344
vt 0.03125 0.2798344
vt 0.0625 0.2798344
vt 0.09375 0.2798344
vt 0.125 0.2798344
vt 0.15625 0.2798344
vt 0.1875 0.2798344
vt 0.21875 0.2798344
vt 0.25 0.2798344
vt 0 0.2758021
vt 0.03125 0.2758021
vt 0.0625 0.2758021
vt 0.09375 0.2758021
vt 0.125 0.2758021
vt 0.15625 0.2758021
vt 0.1875 0.2758021
vt 0.21875 0.2758021
vt 0.25 0.2758021
vt 0 0.2725142
vt 0.03125 0.2725142
vt 0.0625 0.2725142
vt 0.09375 0.2725142
vt 0.125 0.2725142
vt 0.15625 0.2725142
vt 0.1875 0.2725142
vt 0.21875 0.2725142
vt 0.25 0.2725142
vt 0 0.270075
vt 0.03125 0.270075
vt 0.0625 0.270075
vt 0.09375 0.270075
vt 0.125 0.270075
vt 0.15625 0.270075
vt 0.1875 0.270075
vt 0.21875 0.270075
vt 0.25 0.270075
vt 0.28125 0.3013149
vt 0.3125 0.3013149
vt 0.34375 0.3013149
vt 0.375 0.3013149
vt 0.40625 0.3013149
vt 0.4375 0.3013149
vt 0.46875 0.3013149
vt 0.5 0.3013149
vt 0.28125 0.2953512
vt 0.3125 0.2953512
vt 0.34375 0.2953512
vt 0.375 0.2953512
vt 0.40625 0.2953512
vt 0.4375 0.2953512
vt 0.46875 0.2953512
vt 0.5 0.2953512
vt 0.28125 0.2897135
vt 0.3125 0.2897135
vt 0.34375 0.2897135
vt 0.375 0.2897135
vt 0.40625 0.2897135
vt 0.4375 0.2897135
vt 0.46875 0.2897135
vt 0.5 0.2897135
vt 0.28125 0.2845064
vt 0.3125 0.2845064
vt 0.34375 0.2845064
vt 0.375 0.2845064
vt 0.40625 0.2845064
vt 0.4375 0.2845064
vt 0.46875 0.2845064
vt 0.5 0.2845064
vt 0.28125 0.2798344
vt 0.3125 0.2798344
vt 0.34375 0.2798344
vt 0.375 0.2798344
vt 0.40625 0.2798344
vt 0.4375 0.2798344
vt 0.46875 0.2798344
vt 0.5 0.2798344
vt 0.28125 0.2758021
vt 0.3125 0.2758021
vt 0.34375 0.2758021
vt 0.375 0.2758021
vt 0.40625 0.2758021
vt 0.4375 0.2758021
vt 0.46875 0.2758021
vt 0.5 0.2758021
vt 0.28125 0.2725142
vt 0.3125 0.2725142
vt 0.34375 0.2725142
vt 0.375 0.2725142
vt 0.40625 0.2725142
vt 0.4375 0.2725142
vt 0.46875 0.2725142
vt 0.5 0.2725142
vt 0.28125 0.270075
vt 0.3125 0.270075
vt 0.34375 0.270075
vt 0.375 0.270075
vt 0.40625 0.270075
vt 0.4375 0.270075
vt 0.46875 0.270075
vt 0.5 0.270075
vt 0.75 0.3013149
vt 0.71875 0.3013149
vt 0.6875 0.3013149
vt 0.65625 0.3013149
vt 0.625 0.3013149
vt 0.59375 0.3013149
vt 0.5625 0.3013149
vt 0.53125 0.3013149
vt 0.75 0.2953512
vt 0.71875 0.2953512
vt 0.6875 0.2953512
vt 0.65625 0.2953512
vt 0.625 0.2953512
vt 0.59375 0.2953512
vt 0.5625 0.2953512
vt 0.53125 0.2953512
vt 0.75 0.2897135
vt 0.71875 0.2897135
vt 0.6875 0.2897135
vt 0.65625 0.2897135
vt 0.625 0.2897135
vt 0.59375 0.2897135
vt 0.5625 0.2897135
vt 0.53125 0.2897135
vt 0.75 0.2845064
vt 0.71875 0.2845064
vt 0.6875 0.2845064
vt 0.65625 0.2845064
vt 0.625 0.2845064
vt 0.59375 0.2845064
vt 0.5625 0.2845064
vt 0.53125 0.2845064
vt 0.75 0.2798344
vt 0.71875 0.2798344
vt 0.6875 0.2798344
vt 0.65625 0.2798344
vt 0.625 0.2798344
vt 0.59375 0.2798344
vt 0.5625 0.2798344
vt 0.53125 0.2798344
vt 0.75 0.2758021
vt 0.71875 0.2758021
vt 0.6875 0.2758021
vt 0.65625 0.2758021
vt 0.625 0.2758021
vt 0.59375 0.2758021
vt 0.5625 0.2758021
vt 0.53125 0.2758021
vt 0.75 0.2725142
vt 0.71875 0.2725142
vt 0.6875 0.2725142
vt 0.65625 0.2725142
vt 0.625 0.2725142
vt 0.59375 0.2725142
vt 0.5625 0.2725142
vt 0.53125 0.2725142
vt 0.75 0.270075
vt 0.71875 0.270075
vt 0.6875 0.270075
vt 0.65625 0.270075
vt 0.625 0.270075
vt 0.59375 0.270075
vt 0.5625 0.270075
vt 0.53125 0.270075
vt 1 0.3013149
vt 0.96875 0.3013149
vt 0.9375 0.3013149
vt 0.90625 0.3013149
vt 0.875 0.3013149
vt 0.84375 0.3013149
vt 0.8125 0.3013149
vt 0.78125 0.3013149
vt 1 0.2953512
vt 0.96875 0.2953512
vt 0.9375 0.2953512
vt 0.90625 0.2953512
vt 0.875 0.2953512
vt 0.84375 0.2953512
vt 0.8125 0.2953512
vt 0.78125 0.2953512
vt 1 0.2897135
vt 0.96875 0.2897135
vt 0.9375 0.2897135
vt 0.90625 0.2897135
vt 0.875 0.2897135
vt 0.84375 0.2897135
vt 0.8125 0.2897135
vt 0.78125 0.2897135
vt 1 0.2845064
vt 0.96875 0.2845064
vt 0.9375 0.2845064
vt 0.90625 0.2845064
vt 0.875 0.2845064
vt 0.84375 0.2845064
vt 0.8125 0.2845064
vt 0.78125 0.2845064
vt 1 0.2798344
vt 0.96875 0.2798344
vt 0.9375 0.2798344
vt 0.90625 0.2798344
vt 0.875 0.2798344
vt 0.84375 0.2798344
vt 0.8125 0.2798344
vt 0.78125 0.2798344
vt 1 0.2758021
vt 0.96875 0.2758021
vt 0.9375 0.2758021
vt 0.90625 0.2758021
vt 0.875 0.2758021
vt 0.84375 0.2758021
vt 0.8125 0.2758021
vt 0.78125 0.2758021
vt 1 0.2725142
vt 0.96875 0.2725142
vt 0.9375 0.2725142
vt 0.90625 0.2725142
vt 0.875 0.2725142
vt 0.84375 0.2725142
vt 0.8125 0.2725142
vt 0.78125 0.2725142
vt 1 0.270075
vt 0.96875 0.270075
vt 0.9375 0.270075
vt 0.90625 0.270075
vt 0.875 0.270075
vt 0.84375 0.270075
vt 0.8125 0.270075
vt 0.78125 0.270075
vt 0 0.2678596
vt 0.03125 0.2678596
vt 0.0625 0.2678596
vt 0.09375 0.2678596
vt 0.125 0.2678596
vt 0.15625 0.2678596
vt 0.1875 0.2678596
vt 0.21875 0.2678596
vt 0.25 0.2678596
vt 0 0.2655267
vt 0.03125 0.2655267
vt 0.0625 0.2655267
vt 0.09375 0.2655267
vt 0.125 0.2655267
vt 0.15625 0.2655267
vt 0.1875 0.2655267
vt 0.21875 0.2655267
vt 0.25 0.2655267
vt 0 0.263093
vt 0.03125 0.263093
vt 0.0625 0.263093
vt 0.09375 0.263093
vt 0.125 0.263093
vt 0.15625 0.263093
vt 0.1875 0.263093
vt 0.21875 0.263093
vt 0.25 0.263093
vt 0 0.2605752
vt 0.03125 0.2605752
vt 0.0625 0.2605752
vt 0.09375 0.2605752
vt 0.125 0.2605752
vt 0.15625 0.2605752
vt 0.1875 0.2605752
vt 0.21875 0.2605752
vt 0.25 0.2605752
vt 0 0.2579902
vt 0.03125 0.2579902
vt 0.0625 0.2579902
vt 0.09375 0.2579902
vt 0.125 0.2579902
vt 0.15625 0.2579902
vt 0.1875 0.2579902
vt 0.21875 0.2579902
vt 0.25 0.2579902
vt 0 0.2553548
vt 0.03125 0.2553548
vt 0.0625 0.2553548
vt 0.09375 0.2553548
vt 0.125 0.2553548
vt 0.15625 0.2553548
vt 0.1875 0.2553548
vt 0.21875 0.2553548
vt 0.25 0.2553548
vt 0 0.2526858
vt 0.03125 0.2526858
vt 0.0625 0.2526858
vt 0.09375 0.2526858
vt 0.125 0.2526858
vt 0.15625 0.2526858
vt 0.1875 0.2526858
vt 0.21875 0.2526858
vt 0.25 0.2526858
vt 0.28125 0.2678596
vt 0.3125 0.2678596
vt 0.34375 0.2678596
vt 0.375 0.2678596
vt 0.40625 0.2678596
vt 0.4375 0.2678596
vt 0.46875 0.2678596
vt 0.5 0.2678596
vt 0.28125 0.2655267
vt 0.3125 0.2655267
vt 0.34375 0.2655267
vt 0.375 0.2655267
vt 0.40625 0.2655267
vt 0.4375 0.2655267
vt 0.46875 0.2655267
vt 0.5 0.2655267
vt 0.28125 0.263093
vt 0.3125 0.263093
vt 0.34375 0.263093
vt 0.375 0.263093
vt 0.40625 0.263093
vt 0.4375 0.263093
vt 0.46875 0.263093
vt 0.5 0.263093
vt 0.28125 0.2605752
vt 0.3125 0.2605752
vt 0.34375 0.2605752
vt 0.375 0.2605752
vt 0.40625 0.2605752
vt 0.4375 0.2605752
vt 0.46875 0.2605752
vt 0.5 0.2605752
vt 0.28125 0.2579902
vt 0.3125 0.2579902
vt 0.34375 0.2579902
vt 0.375 0.2579902
vt 0.40625 0.2579902
vt 0.4375 0.2579902
vt 0.46875 0.2579902
vt 0.5 0.2579902
vt 0.28125 0.2553548
vt 0.3125 0.2553548
vt 0.34375 0.2553548
vt 0.375 0.2553548
vt 0.40625 0.2553548
vt 0.4375 0.2553548
vt 0.46875 0.2553548
vt 0.5 0.2553548
vt 0.28125 0.2526858
vt 0.3125 0.2526858
vt 0.34375 0.2526858
vt 0.375 0.2526858
vt 0.40625 0.2526858
vt 0.4375 0.2526858
vt 0.46875 0.2526858
vt 0.5 0.2526858
vt 0.75 0.2678596
vt 0.71875 0.2678596
vt 0.6875 0.2678596
vt 0.65625 0.2678596
vt 0.625 0.2678596
vt 0.59375 0.2678596
vt 0.5625 0.2678596
vt 0.53125 0.2678596
vt 0.75 0.2655267
vt 0.71875 0.2655267
vt 0.6875 0.2655267
vt 0.65625 0.2655267
vt 0.625 0.2655267
vt 0.59375 0.2655267
vt 0.5625 0.2655267
vt 0.53125 0.2655267
vt 0.75 0.263093
vt 0.71875 0.263093
vt 0.6875 0.263093
vt 0.65625 0.263093
vt 0.625 0.263093
vt 0.59375 0.263093
vt 0.5625 0.263093
vt 0.53125 0.263093
vt 0.75 0.2605752
vt 0.71875 0.2605752
vt 0.6875 0.2605752
vt 0.65625 0.2605752
vt 0.625 0.2605752
vt 0.59375 0.2605752
vt 0.5625 0.2605752
vt 0.53125 0.2605752
vt 0.75 0.2579902
vt 0.71875 0.2579902
vt 0.6875 0.2579902
vt 0.65625 0.2579902
vt 0.625 0.2579902
vt 0.59375 0.2579902
vt 0.5625 0.2579902
vt 0.53125 0.2579902
vt 0.75 0.2553548
vt 0.71875 0.2553548
vt 0.6875 0.2553548
vt 0.65625 0.2553548
vt 0.625 0.2553548
vt 0.59375 0.2553548
vt 0.5625 0.2553548
vt 0.53125 0.2553548
vt 0.75 0.2526858
vt 0.71875 0.2526858
vt 0.6875 0.2526858
vt 0.65625 0.2526858
vt 0.625 0.2526858
vt 0.59375 0.2526858
vt 0.5625 0.2526858
vt 0.53125 0.2526858
vt 1 0.2678596
vt 0.96875 0.2678596
vt 0.9375 0.2678596
vt 0.90625 0.2678596
vt 0.875 0.2678596
vt 0.84375 0.2678596
vt 0.8125 0.2678596
vt 0.78125 0.2678596
vt 1 0.2655267
vt 0.96875 0.2655267
vt 0.9375 0.2655267
vt 0.90625 0.2655267
vt 0.875 0.2655267
vt 0.84375 0.2655267
vt 0.8125 0.2655267
vt 0.78125 0.2655267
vt 1 0.263093
vt 0.96875 0.263093
vt 0.9375 0.263093
vt 0.90625 0.263093
vt 0.875 0.263093
vt 0.84375 0.263093
vt 0.8125 0.263093
vt 0.78125 0.263093
vt 1 0.2605752
vt 0.96875 0.2605752
vt 0.9375 0.2605752
vt 0.90625 0.2605752
vt 0.875 0.2605752
vt 0.84375 0.2605752
vt 0.8125 0.2605752
vt 0.78125 0.2605752
vt 1 0.2579902
vt 0.96875 0.2579902
vt 0.9375 0.2579902
vt 0.90625 0.2579902
vt 0.875 0.2579902
vt 0.84375 0.2579902
vt 0.8125 0.2579902
vt 0.78125 0.2579902
vt 1 0.2553548
vt 0.96875 0.2553548
vt 0.9375 0.2553548
vt 0.90625 0.2553548
vt 0.875 0.2553548
vt 0.84375 0.2553548
vt 0.8125 0.2553548
vt 0.78125 0.2553548
vt 1 0.2526858
vt 0.96875 0.2526858
vt 0.9375 0.2526858
vt 0.90625 0.2526858
vt 0.875 0.2526858
vt 0.84375 0.2526858
vt 0.8125 0.2526858
vt 0.78125 0.2526858
vt 0.625 0.9921875
vt 0.6478621 0.9899358
vt 0.6698457 0.9832671
vt 0.6901059 0.9724379
vt 0.707864 0.957864
vt 0.7224379 0.9401059
vt 0.7332671 0.9198457
vt 0.7399358 0.8978621
vt 0.7421875 0.875
vt 0.625 0.9884573
vt 0.6471344 0.9862772
vt 0.6684182 0.9798209
vt 0.6880335 0.9693363
vt 0.7052264 0.9552264
vt 0.7193363 0.9380335
vt 0.7298209 0.9184182
vt 0.7362773 0.8971344
vt 0.7384573 0.875
vt 0.625 0.9849916
vt 0.6464583 0.9828781
vt 0.667092 0.9766189
vt 0.6861081 0.9664546
vt 0.7027758 0.9527758
vt 0.7164546 0.9361081
vt 0.7266189 0.917092
vt 0.7328781 0.8964583
vt 0.7349916 0.875
vt 0.625 0.9818093
vt 0.6458374 0.9797569
vt 0.6658741 0.9736788
vt 0.6843401 0.9638086
vt 0.7005255 0.9505255
vt 0.7138087 0.93434
vt 0.7236789 0.9158741
vt 0.729757 0.8958374
vt 0.7318093 0.875
vt 0.625 0.9789293
vt 0.6452756 0.9769323
vt 0.664772 0.9710181
vt 0.68274 0.961414
vt 0.6984891 0.9484891
vt 0.711414 0.93274
vt 0.7210181 0.914772
vt 0.7269323 0.8952756
vt 0.7289293 0.875
vt 0.625 0.9763707
vt 0.6447765 0.9744229
vt 0.6637928 0.9686543
vt 0.6813185 0.9592866
vt 0.6966799 0.9466799
vt 0.7092866 0.9313185
vt 0.7186543 0.9137928
vt 0.7244229 0.8947765
vt 0.7263707 0.875
vt 0.625 0.9741523
vt 0.6443437 0.9722472
vt 0.662944 0.9666048
vt 0.6800861 0.9574422
vt 0.6951113 0.9451113
vt 0.7074422 0.9300861
vt 0.7166048 0.912944
vt 0.7222472 0.8943437
vt 0.7241523 0.875
vt 0.625 0.9722933
vt 0.643981 0.9704238
vt 0.6622325 0.9648873
vt 0.6790533 0.9558964
vt 0.6937968 0.9437968
vt 0.7058964 0.9290532
vt 0.7148873 0.9122325
vt 0.7204238 0.893981
vt 0.7222933 0.875
vt 0.625 0.9708125
vt 0.6436921 0.9689715
vt 0.6616659 0.9635192
vt 0.6782306 0.9546652
vt 0.6927497 0.9427497
vt 0.7046652 0.9282306
vt 0.7135192 0.9116659
vt 0.7189715 0.8936921
vt 0.7208125 0.875
vt 0.7399358 0.8521378
vt 0.7332671 0.8301543
vt 0.7224379 0.8098941
vt 0.707864 0.7921359
vt 0.6901059 0.7775621
vt 0.6698457 0.7667328
vt 0.6478621 0.7600642
vt 0.625 0.7578125
vt 0.7362772 0.8528656
vt 0.7298209 0.8315818
vt 0.7193363 0.8119665
vt 0.7052264 0.7947736
vt 0.6880335 0.7806637
vt 0.6684182 0.7701791
vt 0.6471344 0.7637228
vt 0.625 0.7615427
vt 0.7328781 0.8535417
vt 0.7266189 0.832908
vt 0.7164546 0.8138919
vt 0.7027758 0.7972242
vt 0.686108 0.7835454
vt 0.6670919 0.773381
vt 0.6464583 0.7671219
vt 0.625 0.7650084
vt 0.7297569 0.8541625
vt 0.7236788 0.8341259
vt 0.7138086 0.81566
vt 0.7005255 0.7994745
vt 0.68434 0.7861913
vt 0.6658741 0.7763211
vt 0.6458374 0.770243
vt 0.625 0.7681907
vt 0.7269323 0.8547244
vt 0.7210181 0.835228
vt 0.711414 0.81726
vt 0.6984891 0.8015109
vt 0.68274 0.788586
vt 0.664772 0.7789819
vt 0.6452756 0.7730677
vt 0.625 0.7710707
vt 0.7244229 0.8552235
vt 0.7186543 0.8362072
vt 0.7092866 0.8186815
vt 0.6966799 0.8033201
vt 0.6813185 0.7907134
vt 0.6637928 0.7813457
vt 0.6447765 0.7755772
vt 0.625 0.7736293
vt 0.7222472 0.8556563
vt 0.7166048 0.837056
vt 0.7074422 0.8199139
vt 0.6951113 0.8048887
vt 0.6800861 0.7925578
vt 0.662944 0.7833952
vt 0.6443437 0.7777529
vt 0.625 0.7758477
vt 0.7204238 0.856019
vt 0.7148873 0.8377675
vt 0.7058964 0.8209467
vt 0.6937968 0.8062032
vt 0.6790532 0.7941036
vt 0.6622325 0.7851127
vt 0.643981 0.7795762
vt 0.625 0.7777067
vt 0.7189715 0.8563079
vt 0.7135192 0.8383341
vt 0.7046652 0.8217694
vt 0.6927497 0.8072503
vt 0.6782305 0.7953348
vt 0.6616658 0.7864808
vt 0.6436921 0.7810285
vt 0.625 0.7791875
vt 0.5078125 0.875
vt 0.5100642 0.8521378
vt 0.5167329 0.8301543
vt 0.5275621 0.8098941
vt 0.542136 0.7921359
vt 0.5598941 0.7775621
vt 0.5801543 0.7667328
vt 0.6021379 0.7600642
vt 0.5115427 0.875
vt 0.5137228 0.8528656
vt 0.5201791 0.8315818
vt 0.5306637 0.8119665
vt 0.5447736 0.7947736
vt 0.5619665 0.7806637
vt 0.5815818 0.7701791
vt 0.6028656 0.7637228
vt 0.5150084 0.875
vt 0.5171219 0.8535417
vt 0.5233811 0.832908
vt 0.5335454 0.8138919
vt 0.5472242 0.7972242
vt 0.563892 0.7835454
vt 0.5829081 0.773381
vt 0.6035417 0.7671219
vt 0.5181907 0.875
vt 0.5202431 0.8541625
vt 0.5263212 0.8341259
vt 0.5361914 0.81566
vt 0.5494745 0.7994745
vt 0.56566 0.7861913
vt 0.5841259 0.7763211
vt 0.6041626 0.770243
vt 0.5210707 0.875
vt 0.5230677 0.8547244
vt 0.5289819 0.835228
vt 0.538586 0.81726
vt 0.5515109 0.8015109
vt 0.56726 0.788586
vt 0.585228 0.7789819
vt 0.6047244 0.7730677
vt 0.5236293 0.875
vt 0.5255771 0.8552235
vt 0.5313457 0.8362072
vt 0.5407134 0.8186815
vt 0.5533201 0.8033201
vt 0.5686815 0.7907134
vt 0.5862072 0.7813457
vt 0.6052235 0.7755772
vt 0.5258477 0.875
vt 0.5277528 0.8556563
vt 0.5333952 0.837056
vt 0.5425578 0.8199139
vt 0.5548887 0.8048887
vt 0.5699139 0.7925578
vt 0.587056 0.7833952
vt 0.6056563 0.7777529
vt 0.5277067 0.875
vt 0.5295762 0.856019
vt 0.5351127 0.8377675
vt 0.5441036 0.8209467
vt 0.5562032 0.8062032
vt 0.5709468 0.7941036
vt 0.5877675 0.7851127
vt 0.606019 0.7795762
vt 0.5291875 0.875
vt 0.5310285 0.8563079
vt 0.5364808 0.8383341
vt 0.5453348 0.8217694
vt 0.5572503 0.8072503
vt 0.5717695 0.7953348
vt 0.5883342 0.7864808
vt 0.6063079 0.7810285
vt 0.6021379 0.9899358
vt 0.5801543 0.9832671
vt 0.5598941 0.9724379
vt 0.542136 0.957864
vt 0.5275621 0.9401059
vt 0.5167329 0.9198457
vt 0.5100642 0.8978621
vt 0.6028656 0.9862772
vt 0.5815818 0.9798209
vt 0.5619665 0.9693363
vt 0.5447736 0.9552264
vt 0.5306637 0.9380335
vt 0.5201791 0.9184182
vt 0.5137227 0.8971344
vt 0.6035417 0.9828781
vt 0.582908 0.9766189
vt 0.5638919 0.9664546
vt 0.5472242 0.9527758
vt 0.5335454 0.9361081
vt 0.5233811 0.917092
vt 0.5171219 0.8964583
vt 0.6041626 0.9797569
vt 0.5841259 0.9736788
vt 0.5656599 0.9638086
vt 0.5494745 0.9505255
vt 0.5361913 0.93434
vt 0.5263211 0.9158741
vt 0.520243 0.8958374
vt 0.6047244 0.9769323
vt 0.585228 0.9710181
vt 0.56726 0.961414
vt 0.5515109 0.9484891
vt 0.538586 0.93274
vt 0.5289819 0.914772
vt 0.5230677 0.8952756
vt 0.6052235 0.9744229
vt 0.5862072 0.9686543
vt 0.5686815 0.9592866
vt 0.5533201 0.9466799
vt 0.5407134 0.9313185
vt 0.5313457 0.9137928
vt 0.5255771 0.8947765
vt 0.6056563 0.9722472
vt 0.587056 0.9666048
vt 0.5699139 0.9574422
vt 0.5548887 0.9451113
vt 0.5425578 0.9300861
vt 0.5333952 0.912944
vt 0.5277528 0.8943437
vt 0.606019 0.9704238
vt 0.5877675 0.9648873
vt 0.5709467 0.9558964
vt 0.5562032 0.9437968
vt 0.5441036 0.9290532
vt 0.5351127 0.9122325
vt 0.5295762 0.893981
vt 0.6063079 0.9689715
vt 0.5883341 0.9635192
vt 0.5717694 0.9546652
vt 0.5572503 0.9427497
vt 0.5453348 0.9282306
vt 0.5364808 0.9116659
vt 0.5310285 0.8936921
vt 0.625 0.9693159
vt 0.6434001 0.9675037
vt 0.6610931 0.9621365
vt 0.6773991 0.9534208
vt 0.6916914 0.9416914
vt 0.7034208 0.9273991
vt 0.7121365 0.9110931
vt 0.7175037 0.8934001
vt 0.7193159 0.875
vt 0.625 0.9673952
vt 0.6430254 0.9656199
vt 0.6603581 0.9603621
vt 0.6763321 0.9518238
vt 0.6903333 0.9403333
vt 0.7018238 0.9263321
vt 0.7103621 0.9103581
vt 0.7156199 0.8930254
vt 0.7173952 0.875
vt 0.625 0.9650261
vt 0.6425632 0.9632963
vt 0.6594515 0.9581733
vt 0.6750158 0.949854
vt 0.6886581 0.9386581
vt 0.699854 0.9250158
vt 0.7081733 0.9094515
vt 0.7132963 0.8925632
vt 0.7150261 0.875
vt 0.625 0.9621838
vt 0.6420087 0.9605086
vt 0.6583638 0.9555474
vt 0.6734368 0.9474908
vt 0.6866483 0.9366483
vt 0.6974908 0.9234368
vt 0.7055474 0.9083638
vt 0.7105086 0.8920087
vt 0.7121838 0.875
vt 0.625 0.9588441
vt 0.6413572 0.957233
vt 0.6570857 0.9524618
vt 0.6715813 0.9447138
vt 0.6842867 0.9342867
vt 0.6947138 0.9215813
vt 0.7024618 0.9070857
vt 0.707233 0.8913572
vt 0.7088441 0.875
vt 0.625 0.9549821
vt 0.6406037 0.9534453
vt 0.6556078 0.9488938
vt 0.6694357 0.9415027
vt 0.6815559 0.9315559
vt 0.6915027 0.9194357
vt 0.6988938 0.9056078
vt 0.7034453 0.8906037
vt 0.7049821 0.875
vt 0.625 0.9505735
vt 0.6397437 0.9491214
vt 0.6539207 0.9448208
vt 0.6669864 0.9378371
vt 0.6784385 0.9284385
vt 0.6878371 0.9169864
vt 0.6948208 0.9039207
vt 0.6991214 0.8897437
vt 0.7005735 0.875
vt 0.625 0.9455938
vt 0.6387721 0.9442373
vt 0.6520151 0.9402201
vt 0.6642198 0.9336966
vt 0.6749173 0.9249173
vt 0.6836966 0.9142198
vt 0.6902201 0.902015
vt 0.6942373 0.8887721
vt 0.6955938 0.875
vt 0.7175037 0.8565999
vt 0.7121365 0.8389069
vt 0.7034208 0.8226009
vt 0.6916914 0.8083086
vt 0.6773991 0.7965792
vt 0.6610931 0.7878635
vt 0.6434001 0.7824963
vt 0.625 0.7806841
vt 0.7156199 0.8569745
vt 0.7103621 0.8396419
vt 0.7018238 0.8236679
vt 0.6903333 0.8096666
vt 0.6763321 0.7981762
vt 0.6603581 0.7896379
vt 0.6430254 0.7843801
vt 0.625 0.7826048
vt 0.7132963 0.8574368
vt 0.7081733 0.8405485
vt 0.699854 0.8249842
vt 0.6886581 0.8113419
vt 0.6750158 0.800146
vt 0.6594515 0.7918267
vt 0.6425632 0.7867037
vt 0.625 0.7849739
vt 0.7105086 0.8579912
vt 0.7055474 0.8416362
vt 0.6974908 0.8265632
vt 0.6866483 0.8133517
vt 0.6734368 0.8025092
vt 0.6583638 0.7944526
vt 0.6420087 0.7894914
vt 0.625 0.7878162
vt 0.707233 0.8586428
vt 0.7024618 0.8429143
vt 0.6947138 0.8284187
vt 0.6842867 0.8157133
vt 0.6715812 0.8052862
vt 0.6570857 0.7975382
vt 0.6413572 0.792767
vt 0.625 0.7911559
vt 0.7034453 0.8593962
vt 0.6988938 0.8443922
vt 0.6915027 0.8305643
vt 0.6815559 0.8184441
vt 0.6694357 0.8084973
vt 0.6556078 0.8011062
vt 0.6406037 0.7965547
vt 0.625 0.7950179
vt 0.6991214 0.8602563
vt 0.6948208 0.8460793
vt 0.6878371 0.8330136
vt 0.6784385 0.8215615
vt 0.6669863 0.8121629
vt 0.6539207 0.8051792
vt 0.6397437 0.8008786
vt 0.625 0.7994265
vt 0.6942373 0.8612278
vt 0.6902201 0.8479849
vt 0.6836966 0.8357802
vt 0.6749173 0.8250827
vt 0.6642198 0.8163034
vt 0.652015 0.8097799
vt 0.6387722 0.8057626
vt 0.625 0.8044063
vt 0.5306841 0.875
vt 0.5324963 0.8565999
vt 0.5378635 0.8389069
vt 0.5465792 0.8226009
vt 0.5583086 0.8083086
vt 0.5726009 0.7965792
vt 0.5889069 0.7878635
vt 0.6065999 0.7824963
vt 0.5326048 0.875
vt 0.5343801 0.8569745
vt 0.5396379 0.8396419
vt 0.5481762 0.8236679
vt 0.5596667 0.8096666
vt 0.5736679 0.7981762
vt 0.5896419 0.7896379
vt 0.6069746 0.7843801
vt 0.5349739 0.875
vt 0.5367037 0.8574368
vt 0.5418267 0.8405485
vt 0.550146 0.8249842
vt 0.5613419 0.8113419
vt 0.5749842 0.800146
vt 0.5905485 0.7918267
vt 0.6074368 0.7867037
vt 0.5378162 0.875
vt 0.5394914 0.8579912
vt 0.5444526 0.8416362
vt 0.5525092 0.8265632
vt 0.5633517 0.8133517
vt 0.5765632 0.8025092
vt 0.5916362 0.7944526
vt 0.6079913 0.7894914
vt 0.5411559 0.875
vt 0.542767 0.8586428
vt 0.5475382 0.8429143
vt 0.5552862 0.8284187
vt 0.5657133 0.8157133
vt 0.5784188 0.8052862
vt 0.5929143 0.7975382
vt 0.6086428 0.792767
vt 0.5450179 0.875
vt 0.5465547 0.8593962
vt 0.5511062 0.8443922
vt 0.5584973 0.8305643
vt 0.5684441 0.8184441
vt 0.5805643 0.8084973
vt 0.5943922 0.8011062
vt 0.6093963 0.7965547
vt 0.5494265 0.875
vt 0.5508786 0.8602563
vt 0.5551792 0.8460793
vt 0.5621629 0.8330136
vt 0.5715615 0.8215615
vt 0.5830137 0.8121629
vt 0.5960793 0.8051792
vt 0.6102563 0.8008786
vt 0.5544062 0.875
vt 0.5557627 0.8612278
vt 0.5597799 0.8479849
vt 0.5663034 0.8357802
vt 0.5750827 0.8250827
vt 0.5857802 0.8163034
vt 0.597985 0.8097799
vt 0.6112278 0.8057626
vt 0.6065999 0.9675037
vt 0.5889069 0.9621365
vt 0.5726009 0.9534208
vt 0.5583086 0.9416914
vt 0.5465792 0.9273991
vt 0.5378635 0.9110931
vt 0.5324963 0.8934001
vt 0.6069746 0.9656199
vt 0.5896419 0.9603621
vt 0.5736679 0.9518238
vt 0.5596667 0.9403333
vt 0.5481762 0.9263321
vt 0.5396379 0.9103581
vt 0.5343801 0.8930254
vt 0.6074368 0.9632963
vt 0.5905485 0.9581733
vt 0.5749842 0.949854
vt 0.5613419 0.9386581
vt 0.550146 0.9250158
vt 0.5418267 0.9094515
vt 0.5367037 0.8925632
vt 0.6079913 0.9605086
vt 0.5916362 0.9555474
vt 0.5765632 0.9474908
vt 0.5633517 0.9366483
vt 0.5525092 0.9234368
vt 0.5444526 0.9083638
vt 0.5394914 0.8920087
vt 0.6086428 0.957233
vt 0.5929143 0.9524618
vt 0.5784187 0.9447138
vt 0.5657133 0.9342867
vt 0.5552862 0.9215813
vt 0.5475382 0.9070857
vt 0.542767 0.8913572
vt 0.6093963 0.9534453
vt 0.5943922 0.9488938
vt 0.5805643 0.9415027
vt 0.5684441 0.9315559
vt 0.5584973 0.9194357
vt 0.5511062 0.9056078
vt 0.5465547 0.8906037
vt 0.6102563 0.9491214
vt 0.5960793 0.9448208
vt 0.5830136 0.9378371
vt 0.5715615 0.9284385
vt 0.5621629 0.9169864
vt 0.5551792 0.9039207
vt 0.5508786 0.8897437
vt 0.6112279 0.9442373
vt 0.5979849 0.9402201
vt 0.5857802 0.9336966
vt 0.5750827 0.9249173
vt 0.5663034 0.9142198
vt 0.5597799 0.902015
vt 0.5557627 0.8887721
vt 0.625 0.9396251
vt 0.6376078 0.9383833
vt 0.649731 0.9347058
vt 0.6609038 0.9287338
vt 0.6706969 0.9206969
vt 0.6787338 0.9109038
vt 0.6847058 0.8997309
vt 0.6883833 0.8876078
vt 0.6896251 0.875
vt 0.625 0.9328972
vt 0.6362952 0.9317847
vt 0.6471563 0.92849
vt 0.6571659 0.9231398
vt 0.6659395 0.9159395
vt 0.6731398 0.9071659
vt 0.67849 0.8971563
vt 0.6817847 0.8862952
vt 0.6828972 0.875
vt 0.625 0.9253817
vt 0.634829 0.9244136
vt 0.6442803 0.9215466
vt 0.6529906 0.9168909
vt 0.6606252 0.9106252
vt 0.6668909 0.9029906
vt 0.6715466 0.8942802
vt 0.6744136 0.884829
vt 0.6753817 0.875
vt 0.625 0.9170503
vt 0.6332036 0.9162423
vt 0.6410919 0.9138494
vt 0.6483619 0.9099635
vt 0.6547341 0.9047341
vt 0.6599635 0.8983619
vt 0.6638494 0.8910919
vt 0.6662424 0.8832036
vt 0.6670503 0.875
vt 0.625 0.9078748
vt 0.6314135 0.9072431
vt 0.6375806 0.9053723
vt 0.6432642 0.9023343
vt 0.6482459 0.8982459
vt 0.6523343 0.8932642
vt 0.6553723 0.8875806
vt 0.6572431 0.8814136
vt 0.6578748 0.875
vt 0.625 0.8978267
vt 0.6294533 0.8973881
vt 0.6337354 0.8960891
vt 0.6376818 0.8939797
vt 0.6411409 0.8911409
vt 0.6439797 0.8876818
vt 0.6460891 0.8837354
vt 0.6473881 0.8794533
vt 0.6478267 0.875
vt 0.625 0.8868779
vt 0.6273172 0.8866497
vt 0.6295455 0.8859738
vt 0.631599 0.8848761
vt 0.633399 0.883399
vt 0.6348761 0.881599
vt 0.6359738 0.8795455
vt 0.6366497 0.8773172
vt 0.6368779 0.875
vt 0.625 0.875
vt 0.6883833 0.8623922
vt 0.6847058 0.8502691
vt 0.6787338 0.8390962
vt 0.6706969 0.8293031
vt 0.6609038 0.8212662
vt 0.6497309 0.8152941
vt 0.6376078 0.8116167
vt 0.625 0.8103749
vt 0.6817847 0.8637048
vt 0.67849 0.8528437
vt 0.6731398 0.8428341
vt 0.6659395 0.8340605
vt 0.6571659 0.8268602
vt 0.6471563 0.82151
vt 0.6362952 0.8182153
vt 0.625 0.8171028
vt 0.6744136 0.865171
vt 0.6715466 0.8557197
vt 0.6668909 0.8470094
vt 0.6606252 0.8393748
vt 0.6529906 0.8331091
vt 0.6442802 0.8284534
vt 0.634829 0.8255864
vt 0.625 0.8246183
vt 0.6662423 0.8667964
vt 0.6638494 0.8589081
vt 0.6599635 0.8516381
vt 0.6547341 0.8452659
vt 0.6483619 0.8400365
vt 0.6410919 0.8361506
vt 0.6332036 0.8337576
vt 0.625 0.8329497
vt 0.6572431 0.8685864
vt 0.6553723 0.8624194
vt 0.6523343 0.8567358
vt 0.6482459 0.8517541
vt 0.6432642 0.8476657
vt 0.6375806 0.8446277
vt 0.6314135 0.8427569
vt 0.625 0.8421252
vt 0.6473881 0.8705467
vt 0.6460891 0.8662646
vt 0.6439797 0.8623182
vt 0.6411409 0.8588591
vt 0.6376818 0.8560203
vt 0.6337354 0.8539109
vt 0.6294533 0.8526119
vt 0.625 0.8521733
vt 0.6366497 0.8726828
vt 0.6359738 0.8704545
vt 0.6348761 0.868401
vt 0.633399 0.866601
vt 0.631599 0.8651239
vt 0.6295455 0.8640262
vt 0.6273172 0.8633503
vt 0.625 0.8631221
vt 0.5603749 0.875
vt 0.5616167 0.8623922
vt 0.5652942 0.8502691
vt 0.5712662 0.8390962
vt 0.5793031 0.8293031
vt 0.5890962 0.8212662
vt 0.6002691 0.8152941
vt 0.6123922 0.8116167
vt 0.5671028 0.875
vt 0.5682153 0.8637048
vt 0.57151 0.8528437
vt 0.5768602 0.8428341
vt 0.5840605 0.8340605
vt 0.5928341 0.8268602
vt 0.6028437 0.82151
vt 0.6137048 0.8182153
vt 0.5746183 0.875
vt 0.5755864 0.865171
vt 0.5784534 0.8557197
vt 0.5831091 0.8470094
vt 0.5893748 0.8393748
vt 0.5970094 0.8331091
vt 0.6057198 0.8284534
vt 0.615171 0.8255864
vt 0.5829497 0.875
vt 0.5837577 0.8667964
vt 0.5861506 0.8589081
vt 0.5900365 0.8516381
vt 0.5952659 0.8452659
vt 0.6016381 0.8400365
vt 0.6089081 0.8361506
vt 0.6167964 0.8337576
vt 0.5921252 0.875
vt 0.5927569 0.8685864
vt 0.5946277 0.8624194
vt 0.5976657 0.8567358
vt 0.6017541 0.8517541
vt 0.6067358 0.8476657
vt 0.6124194 0.8446277
vt 0.6185865 0.8427569
vt 0.6021733 0.875
vt 0.6026119 0.8705467
vt 0.6039109 0.8662646
vt 0.6060203 0.8623182
vt 0.6088591 0.8588591
vt 0.6123182 0.8560203
vt 0.6162646 0.8539109
vt 0.6205467 0.8526119
vt 0.6131221 0.875
vt 0.6133503 0.8726828
vt 0.6140262 0.8704545
vt 0.6151239 0.868401
vt 0.616601 0.866601
vt 0.618401 0.8651239
vt 0.6204545 0.8640262
vt 0.6226828 0.8633503
vt 0.6123922 0.9383833
vt 0.600269 0.9347058
vt 0.5890962 0.9287338
vt 0.5793031 0.9206969
vt 0.5712662 0.9109038
vt 0.5652942 0.8997309
vt 0.5616167 0.8876078
vt 0.6137048 0.9317847
vt 0.6028437 0.92849
vt 0.5928341 0.9231398
vt 0.5840605 0.9159395
vt 0.5768602 0.9071659
vt 0.57151 0.8971563
vt 0.5682153 0.8862952
vt 0.615171 0.9244136
vt 0.6057197 0.9215466
vt 0.5970094 0.9168909
vt 0.5893748 0.9106252
vt 0.5831091 0.9029906
vt 0.5784534 0.8942802
vt 0.5755864 0.884829
vt 0.6167964 0.9162423
vt 0.6089081 0.9138494
vt 0.6016381 0.9099635
vt 0.5952659 0.9047341
vt 0.5900365 0.8983619
vt 0.5861506 0.8910919
vt 0.5837576 0.8832036
vt 0.6185865 0.9072431
vt 0.6124194 0.9053723
vt 0.6067358 0.9023343
vt 0.6017541 0.8982459
vt 0.5976657 0.8932642
vt 0.5946277 0.8875806
vt 0.5927569 0.8814136
vt 0.6205467 0.8973881
vt 0.6162646 0.8960891
vt 0.6123182 0.8939797
vt 0.6088591 0.8911409
vt 0.6060203 0.8876818
vt 0.6039109 0.8837354
vt 0.6026119 0.8794533
vt 0.6226828 0.8866497
vt 0.6204545 0.8859738
vt 0.618401 0.8848761
vt 0.616601 0.883399
vt 0.6151239 0.881599
vt 0.6140262 0.8795455
vt 0.6133503 0.8773172

f 2/2/2 1/1/1 10/10/10
f 10/10/10 11/11/11 2/2/2
f 3/3/3 2/2/2 11/11/11
f 11/11/11 12/12/12 3/3/3
f 4/4/4 3/3/3 12/12/12
f 12/12/12 13/13/13 4/4/4
f 5/5/5 4/4/4 13/13/13
f 13/13/13 14/14/14 5/5/5
f 6/6/6 5/5/5 14/14/14
f 14/14/14 15/15/15 6/6/6
f 7/7/7 6/6/6 15/15/15
f 15/15/15 16/16/16 7/7/7
f 8/8/8 7/7/7 16/16/16
f 16/16/16 17/17/17 8/8/8
f 9/9/9 8/8/8 17/17/17
f 17/17/17 18/18/18 9/9/9
f 11/11/11 10/10/10 19/19/19
f 19/19/19 20/20/20 11/11/11
f 12/12/12 11/11/11 20/20/20
f 20/20/20 21/21/21 12/12/12
f 13/13/13 12/12/12 21/21/21
f 21/21/21 22/22/22 13/13/13
f 14/14/14 13/13/13 22/22/22
f 22/22/22 23/23/23 14/14/14
f 15/15/15 14/14/14 23/23/23
f 23/23/23 24/24/24 15/15/15
f 16/16/16 15/15/15 24/24/24
f 24/24/24 25/25/25 16/16/16
f 17/17/17 16/16/16 25/25/25
f 25/25/25 26/26/26 17/17/17
f 18/18/18 17/17/17 26/26/26
f 26/26/26 27/27/27 18/18/18
f 20/20/20 19/19/19 28/28/28
f 28/28/28 29/29/29 20/20/20
f 21/21/21 20/20/20 29/29/29
f 29/29/29 30/30/30 21/21/21
f 22/22/22 21/21/21 30/30/30
f 30/30/30 31/31/31 22/22/22
f 23/23/23 22/22/22 31/31/31
f 31/31/31 32/32/32 23/23/23
f 24/24/24 23/23/23 32/32/32
f 32/32/32 33/33/33 24/24/24
f 25/25/25 24/24/24 33/33/33
f 33/33/33 34/34/34 25/25/25
f 26/26/26 25/25/25 34/34/34
f 34/34/34 35/35/35 26/26/26
f 27/27/27 26/26/26 35/35/35
f 35/35/35 36/36/36 27/27/27
f 29/29/29 28/28/28 37/37/37
f 37/37/37 38/38/38 29/29/29
f 30/30/30 29/29/29 38/38/38
f 38/38/38 39/39/39 30/30/30
f 31/31/31 30/30/30 39/39/39
f 39/39/39 40/40/40 31/31/31
f 32/32/32 31/31/31 40/40/40
f 40/40/40 41/41/41 32/32/32
f 33/33/33 32/32/32 41/41/41
f 41/41/41 42/42/42 33/33/33
f 34/34/34 33/33/33 42/42/42
f 42/42/42 43/43/43 34/34/34
f 35/35/35 34/34/34 43/43/43
f 43/43/43 44/44/44 35/35/35
f 36/36/36 35/35/35 44/44/44
f 44/44/44 45/45/45 36/36/36
f 38/38/38 37/37/37 46/46/46
f 46/46/46 47/47/47 38/38/38
f 39/39/39 38/38/38 47/47/47
f 47/47/47 48/48/48 39/39/39
f 40/40/40 39/39/39 48/48/48
f 48/48/48 49/49/49 40/40/40
f 41/41/41 40/40/40 49/49/49
f 49/49/49 50/50/50 41/41/41
f 42/42/42 41/41/41 50/50/50
f 50/50/50 51/51/51 42/42/42
f 43/43/43 42/42/42 51/51/51
f 51/51/51 52/52/52 43/43/43
f 44/44/44 43/43/43 52/52/52
f 52/52/52 53/53/53 44/44/44
f 45/45/45 44/44/44 53/53/53
f 53/53/53 54/54/54 45/45/45
f 47/47/47 46/46/46 55/55/55
f 55/55/55 56/56/56 47/47/47
f 48/48/48 47/47/47 56/56/56
f 56/56/56 57/57/57 48/48/48
f 49/49/49 48/48/48 57/57/57
f 57/57/57 58/58/58 49/49/49
f 50/50/50 49/49/49 58/58/58
f 58/58/58 59/59/59 50/50/50
f 51/51/51 50/50/50 59/59/59
f 59/59/59 60/60/60 51/51/51
f 52/52/52 51/51/51 60/60/60
f 60/60/60 61/61/61 52/52/52
f 53/53/53 52/52/52 61/61/61
f 61/61/61 62/62/62 53/53/53
f 54/54/54 53/53/53 62/62/62
f 62/62/62 63/63/63 54/54/54
f 56/56/56 55/55/55 64/64/64
f 64/64/64 65/65/65 56/56/56
f 57/57/57 56/56/56 65/65/65
f 65/65/65 66/66/66 57/57/57
f 58/58/58 57/57/57 66/66/66
f 66/66/66 67/67/67 58/58/58
f 59/59/59 58/58/58 67/67/67
f 67/67/67 68/68/68 59/59/59
f 60/60/60 59/59/59 68/68/68
f 68/68/68 69/69/69 60/60/60
f 61/61/61 60/60/60 69/69/69
f 69/69/69 70/70/70 61/61/61
f 62/62/62 61/61/61 70/70/70
f 70/70/70 71/71/71 62/62/62
f 63/63/63 62/62/62 71/71/71
f 71/71/71 72/72/72 63/63/63
f 73/73/73 2/2/2 74/74/74
f 73/73/73 1/1/1 2/2/2
f 75/75/75 74/74/74 2/2/2
f 75/75/75 2/2/2 3/3/3
f 76/76/76 75/75/75 3/3/3
f 76/76/76 3/3/3 4/4/4
f 77/77/77 76/76/76 4/4/4
f 78/78/78 77/77/77 4/4/4
f 78/78/78 4/4/4 5/5/5
f 79/79/79 78/78/78 5/5/5
f 79/79/79 5/5/5 6/6/6
f 80/80/80 79/79/79 6/6/6
f 80/80/80 6/6/6 7/7/7
f 81/81/81 80/80/80 7/7/7
f 82/82/82 81/81/81 7/7/7
f 82/82/82 7/7/7 8/8/8
f 83/83/83 82/82/82 8/8/8
f 83/83/83 8/8/8 9/9/9
f 73/73/73 74/74/74 87/87/87
f 87/87/87 84/84/84 73/73/73
f 84/84/84 87/87/87 88/88/88
f 88/88/88 85/85/85 84/84/84
f 85/85/85 88/88/88 89/89/89
f 89/89/89 86/86/86 85/85/85
f 74/74/74 75/75/75 90/90/90
f 90/90/90 87/87/87 74/74/74
f 87/87/87 90/90/90 91/91/91
f 91/91/91 88/88/88 87/87/87
f 88/88/88 91/91/91 92/92/92
f 92/92/92 89/89/89 88/88/88
f 75/75/75 76/76/76 93/93/93
f 93/93/93 90/90/90 75/75/75
f 90/90/90 93/93/93 94/94/94
f 94/94/94 91/91/91 90/90/90
f 91/91/91 94/94/94 95/95/95
f 95/95/95 92/92/92 91/91/91
f 76/76/76 77/77/77 96/96/96
f 96/96/96 93/93/93 76/76/76
f 93/93/93 96/96/96 97/97/97
f 97/97/97 94/94/94 93/93/93
f 94/94/94 97/97/97 98/98/98
f 98/98/98 95/95/95 94/94/94
f 77/77/77 78/78/78 99/99/99
f 99/99/99 96/96/96 77/77/77
f 96/96/96 99/99/99 100/100/100
f 100/100/100 97/97/97 96/96/96
f 97/97/97 100/100/100 101/101/101
f 101/101/101 98/98/98 97/97/97
f 78/78/78 79/79/79 102/102/102
f 102/102/102 99/99/99 78/78/78
f 99/99/99 102/102/102 103/103/103
f 103/103/103 100/100/100 99/99/99
f 100/100/100 103/103/103 104/104/104
f 104/104/104 101/101/101 100/100/100
f 79/79/79 80/80/80 105/105/105
f 105/105/105 102/102/102 79/79/79
f 102/102/102 105/105/105 106/106/106
f 106/106/106 103/103/103 102/102/102
f 103/103/103 106/106/106 107/107/107
f 107/107/107 104/104/104 103/103/103
f 80/80/80 81/81/81 108/108/108
f 108/108/108 105/105/105 80/80/80
f 105/105/105 108/108/108 109/109/109
f 109/109/109 106/106/106 105/105/105
f 106/106/106 109/109/109 110/110/110
f 110/110/110 107/107/107 106/106/106
f 81/81/81 82/82/82 111/111/111
f 111/111/111 108/108/108 81/81/81
f 108/108/108 111/111/111 112/112/112
f 112/112/112 109/109/109 108/108/108
f 109/109/109 112/112/112 113/113/113
f 113/113/113 110/110/110 109/109/109
f 82/82/82 83/83/83 114/114/114
f 114/114/114 111/111/111 82/82/82
f 111/111/111 114/114/114 115/115/115
f 115/115/115 112/112/112 111/111/111
f 112/112/112 115/115/115 116/116/116
f 116/116/116 113/113/113 112/112/112
f 10/10/10 1/1/1 117/117/117
f 117/117/117 124/125/124 10/10/10
f 124/125/124 117/117/117 118/118/118
f 118/118/118 125/126/125 124/125/124
f 125/126/125 118/118/118 119/119/119
f 119/119/119 126/127/126 125/126/125
f 126/127/126 119/119/119 120/120/120
f 120/120/120 127/128/127 126/127/126
f 127/128/127 120/120/120 121/121/121
f 121/121/121 128/129/128 127/128/127
f 128/129/128 121/121/121 122/122/122
f 122/122/122 129/130/129 128/129/128
f 129/130/129 122/122/122 123/123/123
f 123/123/123 130/131/130 129/130/129
f 130/131/130 123/123/123 9/124/9
f 9/124/9 18/132/18 130/131/130
f 19/19/19 10/10/10 124/125/124
f 124/125/124 131/133/131 19/19/19
f 131/133/131 124/125/124 125/126/125
f 125/126/125 132/134/132 131/133/131
f 132/134/132 125/126/125 126/127/126
f 126/127/126 133/135/133 132/134/132
f 133/135/133 126/127/126 127/128/127
f 127/128/127 134/136/134 133/135/133
f 134/136/134 127/128/127 128/129/128
f 128/129/128 135/137/135 134/136/134
f 135/137/135 128/129/128 129/130/129
f 129/130/129 136/138/136 135/137/135
f 136/138/136 129/130/129 130/131/130
f 130/131/130 137/139/137 136/138/136
f 137/139/137 130/131/130 18/132/18
f 18/132/18 27/140/27 137/139/137
f 28/28/28 19/19/19 131/133/131
f 131/133/131 138/141/138 28/28/28
f 138/141/138 131/133/131 132/134/132
f 132/134/132 139/142/139 138/141/138
f 139/142/139 132/134/132 133/135/133
f 133/135/133 140/143/140 139/142/139
f 140/143/140 133/135/133 134/136/134
f 134/136/134 141/144/141 140/143/140
f 141/144/141 134/136/134 135/137/135
f 135/137/135 142/145/142 141/144/141
f 142/145/142 135/137/135 136/138/136
f 136/138/136 143/146/143 142/145/142
f 143/146/143 136/138/136 137/139/137
f 137/139/137 144/147/144 143/146/143
f 144/147/144 137/139/137 27/140/27
f 27/140/27 36/148/36 144/147/144
f 37/37/37 28/28/28 138/141/138
f 138/141/138 145/149/145 37/37/37
f 145/149/145 138/141/138 139/142/139
f 139/142/139 146/150/146 145/149/145
f 146/150/146 139/142/139 140/143/140
f 140/143/140 147/151/147 146/150/146
f 147/151/147 140/143/140 141/144/141
f 141/144/141 148/152/148 147/151/147
f 148/152/148 141/144/141 142/145/142
f 142/145/142 149/153/149 148/152/148
f 149/153/149 142/145/142 143/146/143
f 143/146/143 150/154/150 149/153/149
f 150/154/150 143/146/143 144/147/144
f 144/147/144 151/155/151 150/154/150
f 151/155/151 144/147/144 36/148/36
f 36/148/36 45/156/45 151/155/151
f 46/46/46 37/37/37 145/149/145
f 145/149/145 152/157/152 46/46/46
f 152/157/152 145/149/145 146/150/146
f 146/150/146 153/158/153 152/157/152
f 153/158/153 146/150/146 147/151/147
f 147/151/147 154/159/154 153/158/153
f 154/159/154 147/151/147 148/152/148
f 148/152/148 155/160/155 154/159/154
f 155/160/155 148/152/148 149/153/149
f 149/153/149 156/161/156 155/160/155
f 156/161/156 149/153/149 150/154/150
f 150/154/150 157/162/157 156/161/156
f 157/162/157 150/154/150 151/155/151
f 151/155/151 158/163/158 157/162/157
f 158/163/158 151/155/151 45/156/45
f 45/156/45 54/164/54 158/163/158
f 55/55/55 46/46/46 152/157/152
f 152/157/152 159/165/159 55/55/55
f 159/165/159 152/157/152 153/158/153
f 153/158/153 160/166/160 159/165/159
f 160/166/160 153/158/153 154/159/154
f 154/159/154 161/167/161 160/166/160
f 161/167/161 154/159/154 155/160/155
f 155/160/155 162/168/162 161/167/161
f 162/168/162 155/160/155 156/161/156
f 156/161/156 163/169/163 162/168/162
f 163/169/163 156/161/156 157/162/157
f 157/162/157 164/170/164 163/169/163
f 164/170/164 157/162/157 158/163/158
f 158/163/158 165/171/165 164/170/164
f 165/171/165 158/163/158 54/164/54
f 54/164/54 63/172/63 165/171/165
f 64/64/64 55/55/55 159/165/159
f 159/165/159 166/173/166 64/64/64
f 166/173/166 159/165/159 160/166/160
f 160/166/160 167/174/167 166/173/166
f 167/174/167 160/166/160 161/167/161
f 161/167/161 168/175/168 167/174/167
f 168/175/168 161/167/161 162/168/162
f 162/168/162 169/176/169 168/175/168
f 169/176/169 162/168/162 163/169/163
f 163/169/163 170/177/170 169/176/169
f 170/177/170 163/169/163 164/170/164
f 164/170/164 171/178/171 170/177/170
f 171/178/171 164/170/164 165/171/165
f 165/171/165 172/179/172 171/178/171
f 172/179/172 165/171/165 63/172/63
f 63/172/63 72/180/72 172/179/172
f 117/117/117 73/73/73 173/181/173
f 1/1/1 73/73/73 117/117/117
f 173/181/173 174/182/174 117/117/117
f 117/117/117 174/182/174 118/118/118
f 174/182/174 175/183/175 118/118/118
f 118/118/118 175/183/175 119/119/119
f 175/183/175 176/184/176 119/119/119
f 176/184/176 177/185/177 119/119/119
f 119/119/119 177/185/177 120/120/120
f 177/185/177 178/186/178 120/120/120
f 120/120/120 178/186/178 121/121/121
f 178/186/178 179/187/179 121/121/121
f 121/121/121 179/187/179 122/122/122
f 179/187/179 180/188/180 122/122/122
f 180/188/180 181/189/181 122/122/122
f 122/122/122 181/189/181 123/123/123
f 181/189/181 83/190/83 123/123/123
f 123/123/123 83/190/83 9/124/9
f 182/191/182 173/181/173 73/73/73
f 73/73/73 84/84/84 182/191/182
f 183/192/183 182/191/182 84/84/84
f 84/84/84 85/85/85 183/192/183
f 184/193/184 183/192/183 85/85/85
f 85/85/85 86/86/86 184/193/184
f 185/194/185 174/182/174 173/181/173
f 173/181/173 182/191/182 185/194/185
f 186/195/186 185/194/185 182/191/182
f 182/191/182 183/192/183 186/195/186
f 187/196/187 186/195/186 183/192/183
f 183/192/183 184/193/184 187/196/187
f 188/197/188 175/183/175 174/182/174
f 174/182/174 185/194/185 188/197/188
f 189/198/189 188/197/188 185/194/185
f 185/194/185 186/195/186 189/198/189
f 190/199/190 189/198/189 186/195/186
f 186/195/186 187/196/187 190/199/190
f 191/200/191 176/184/176 175/183/175
f 175/183/175 188/197/188 191/200/191
f 192/201/192 191/200/191 188/197/188
f 188/197/188 189/198/189 192/201/192
f 193/202/193 192/201/192 189/198/189
f 189/198/189 190/199/190 193/202/193
f 194/203/194 177/185/177 176/184/176
f 176/184/176 191/200/191 194/203/194
f 195/204/195 194/203/194 191/200/191
f 191/200/191 192/201/192 195/204/195
f 196/205/196 195/204/195 192/201/192
f 192/201/192 193/202/193 196/205/196
f 197/206/197 178/186/178 177/185/177
f 177/185/177 194/203/194 197/206/197
f 198/207/198 197/206/197 194/203/194
f 194/203/194 195/204/195 198/207/198
f 199/208/199 198/207/198 195/204/195
f 195/204/195 196/205/196 199/208/199
f 200/209/200 179/187/179 178/186/178
f 178/186/178 197/206/197 200/209/200
f 201/210/201 200/209/200 197/206/197
f 197/206/197 198/207/198 201/210/201
f 202/211/202 201/210/201 198/207/198
f 198/207/198 199/208/199 202/211/202
f 203/212/203 180/188/180 179/187/179
f 179/187/179 200/209/200 203/212/203
f 204/213/204 203/212/203 200/209/200
f 200/209/200 201/210/201 204/213/204
f 205/214/205 204/213/204 201/210/201
f 201/210/201 202/211/202 205/214/205
f 206/215/206 181/189/181 180/188/180
f 180/188/180 203/212/203 206/215/206
f 207/216/207 206/215/206 203/212/203
f 203/212/203 204/213/204 207/216/207
f 208/217/208 207/216/207 204/213/204
f 204/213/204 205/214/205 208/217/208
f 114/218/114 83/190/83 181/189/181
f 181/189/181 206/215/206 114/218/114
f 115/219/115 114/218/114 206/215/206
f 206/215/206 207/216/207 115/219/115
f 116/220/116 115/219/115 207/216/207
f 207/216/207 208/217/208 116/220/116
f 65/65/65 64/64/64 209/221/209
f 209/221/209 210/222/210 65/65/65
f 66/66/66 65/65/65 210/222/210
f 210/222/210 211/223/211 66/66/66
f 67/67/67 66/66/66 211/223/211
f 211/223/211 212/224/212 67/67/67
f 68/68/68 67/67/67 212/224/212
f 212/224/212 213/225/213 68/68/68
f 69/69/69 68/68/68 213/225/213
f 213/225/213 214/226/214 69/69/69
f 70/70/70 69/69/69 214/226/214
f 214/226/214 215/227/215 70/70/70
f 71/71/71 70/70/70 215/227/215
f 215/227/215 216/228/216 71/71/71
f 72/72/72 71/71/71 216/228/216
f 216/228/216 217/229/217 72/72/72
f 210/222/210 209/221/209 218/230/218
f 218/230/218 219/231/219 210/222/210
f 211/223/211 210/222/210 219/231/219
f 219/231/219 220/232/220 211/223/211
f 212/224/212 211/223/211 220/232/220
f 220/232/220 221/233/221 212/224/212
f 213/225/213 212/224/212 221/233/221
f 221/233/221 222/234/222 213/225/213
f 214/226/214 213/225/213 222/234/222
f 222/234/222 223/235/223 214/226/214
f 215/227/215 214/226/214 223/235/223
f 223/235/223 224/236/224 215/227/215
f 216/228/216 215/227/215 224/236/224
f 224/236/224 225/237/225 216/228/216
f 217/229/217 216/228/216 225/237/225
f 225/237/225 226/238/226 217/229/217
f 219/231/219 218/230/218 227/239/227
f 227/239/227 228/240/228 219/231/219
f 220/232/220 219/231/219 228/240/228
f 228/240/228 229/241/229 220/232/220
f 221/233/221 220/232/220 229/241/229
f 229/241/229 230/242/230 221/233/221
f 222/234/222 221/233/221 230/242/230
f 230/242/230 231/243/231 222/234/222
f 223/235/223 222/234/222 231/243/231
f 231/243/231 232/244/232 223/235/223
f 224/236/224 223/235/223 232/244/232
f 232/244/232 233/245/233 224/236/224
f 225/237/225 224/236/224 233/245/233
f 233/245/233 234/246/234 225/237/225
f 226/238/226 225/237/225 234/246/234
f 234/246/234 235/247/235 226/238/226
f 228/240/228 227/239/227 236/248/236
f 236/248/236 237/249/237 228/240/228
f 229/241/229 228/240/228 237/249/237
f 237/249/237 238/250/238 229/241/229
f 230/242/230 229/241/229 238/250/238
f 238/250/238 239/251/239 230/242/230
f 231/243/231 230/242/230 239/251/239
f 239/251/239 240/252/240 231/243/231
f 232/244/232 231/243/231 240/252/240
f 240/252/240 241/253/241 232/244/232
f 233/245/233 232/244/232 241/253/241
f 241/253/241 242/254/242 233/245/233
f 234/246/234 233/245/233 242/254/242
f 242/254/242 243/255/243 234/246/234
f 235/247/235 234/246/234 243/255/243
f 243/255/243 244/256/244 235/247/235
f 237/249/237 236/248/236 245/257/245
f 245/257/245 246/258/246 237/249/237
f 238/250/238 237/249/237 246/258/246
f 246/258/246 247/259/247 238/250/238
f 239/251/239 238/250/238 247/259/247
f 247/259/247 248/260/248 239/251/239
f 240/252/240 239/251/239 248/260/248
f 248/260/248 249/261/249 240/252/240
f 241/253/241 240/252/240 249/261/249
f 249/261/249 250/262/250 241/253/241
f 242/254/242 241/253/241 250/262/250
f 250/262/250 251/263/251 242/254/242
f 243/255/243 242/254/242 251/263/251
f 251/263/251 252/264/252 243/255/243
f 244/256/244 243/255/243 252/264/252
f 252/264/252 253/265/253 244/256/244
f 246/258/246 245/257/245 254/266/254
f 254/266/254 255/267/255 246/258/246
f 247/259/247 246/258/246 255/267/255
f 255/267/255 256/268/256 247/259/247
f 248/260/248 247/259/247 256/268/256
f 256/268/256 257/269/257 248/260/248
f 249/261/249 248/260/248 257/269/257
f 257/269/257 258/270/258 249/261/249
f 250/262/250 249/261/249 258/270/258
f 258/270/258 259/271/259 250/262/250
f 251/263/251 250/262/250 259/271/259
f 259/271/259 260/272/260 251/263/251
f 252/264/252 251/263/251 260/272/260
f 260/272/260 261/273/261 252/264/252
f 253/265/253 252/264/252 261/273/261
f 261/273/261 262/274/262 253/265/253
f 255/267/255 254/266/254 263/275/263
f 263/275/263 264/276/264 255/267/255
f 256/268/256 255/267/255 264/276/264
f 264/276/264 265/277/265 256/268/256
f 257/269/257 256/268/256 265/277/265
f 265/277/265 266/278/266 257/269/257
f 258/270/258 257/269/257 266/278/266
f 266/278/266 267/279/267 258/270/258
f 259/271/259 258/270/258 267/279/267
f 267/279/267 268/280/268 259/271/259
f 260/272/260 259/271/259 268/280/268
f 268/280/268 269/281/269 260/272/260
f 261/273/261 260/272/260 269/281/269
f 269/281/269 270/282/270 261/273/261
f 262/274/262 261/273/261 270/282/270
f 270/282/270 271/283/271 262/274/262
f 272/284/272 270/282/270 273/285/273
f 272/284/272 271/283/271 270/282/270
f 273/285/273 269/281/269 274/286/274
f 273/285/273 270/282/270 269/281/269
f 274/286/274 268/280/268 275/287/275
f 274/286/274 269/281/269 268/280/268
f 276/288/276 275/287/275 268/280/268
f 276/288/276 268/280/268 267/279/267
f 276/288/276 267/279/267 277/289/277
f 277/289/277 266/278/266 278/290/278
f 277/289/277 267/279/267 266/278/266
f 278/290/278 266/278/266 279/291/279
f 279/291/279 265/277/265 280/292/280
f 279/291/279 266/278/266 265/277/265
f 280/292/280 264/276/264 281/293/281
f 280/292/280 265/277/265 264/276/264
f 281/293/281 264/276/264 282/294/282
f 282/294/282 263/275/263 283/295/283
f 282/294/282 264/276/264 263/275/263
f 272/284/272 273/285/273 287/299/287
f 287/299/287 284/296/284 272/284/272
f 284/296/284 287/299/287 288/300/288
f 288/300/288 285/297/285 284/296/284
f 285/297/285 288/300/288 289/301/289
f 289/301/289 286/298/286 285/297/285
f 273/285/273 274/286/274 290/302/290
f 290/302/290 287/299/287 273/285/273
f 287/299/287 290/302/290 291/303/291
f 291/303/291 288/300/288 287/299/287
f 288/300/288 291/303/291 292/304/292
f 292/304/292 289/301/289 288/300/288
f 274/286/274 275/287/275 293/305/293
f 293/305/293 290/302/290 274/286/274
f 290/302/290 293/305/293 294/306/294
f 294/306/294 291/303/291 290/302/290
f 291/303/291 294/306/294 295/307/295
f 295/307/295 292/304/292 291/303/291
f 275/287/275 276/288/276 296/308/296
f 296/308/296 293/305/293 275/287/275
f 293/305/293 296/308/296 297/309/297
f 297/309/297 294/306/294 293/305/293
f 294/306/294 297/309/297 298/310/298
f 298/310/298 295/307/295 294/306/294
f 276/288/276 277/289/277 299/311/299
f 299/311/299 296/308/296 276/288/276
f 296/308/296 299/311/299 300/312/300
f 300/312/300 297/309/297 296/308/296
f 297/309/297 300/312/300 301/313/301
f 301/313/301 298/310/298 297/309/297
f 277/289/277 278/290/278 302/314/302
f 302/314/302 299/311/299 277/289/277
f 299/311/299 302/314/302 303/315/303
f 303/315/303 300/312/300 299/311/299
f 300/312/300 303/315/303 304/316/304
f 304/316/304 301/313/301 300/312/300
f 278/290/278 279/291/279 305/317/305
f 305/317/305 302/314/302 278/290/278
f 302/314/302 305/317/305 306/318/306
f 306/318/306 303/315/303 302/314/302
f 303/315/303 306/318/306 307/319/307
f 307/319/307 304/316/304 303/315/303
f 279/291/279 280/292/280 308/320/308
f 308/320/308 305/317/305 279/291/279
f 305/317/305 308/320/308 309/321/309
f 309/321/309 306/318/306 305/317/305
f 306/318/306 309/321/309 310/322/310
f 310/322/310 307/319/307 306/318/306
f 280/292/280 281/293/281 311/323/311
f 311/323/311 308/320/308 280/292/280
f 308/320/308 311/323/311 312/324/312
f 312/324/312 309/321/309 308/320/308
f 309/321/309 312/324/312 313/325/313
f 313/325/313 310/322/310 309/321/309
f 281/293/281 282/294/282 314/326/314
f 314/326/314 311/323/311 281/293/281
f 311/323/311 314/326/314 315/327/315
f 315/327/315 312/324/312 311/323/311
f 312/324/312 315/327/315 316/328/316
f 316/328/316 313/325/313 312/324/312
f 282/294/282 283/295/283 317/329/317
f 317/329/317 314/326/314 282/294/282
f 314/326/314 317/329/317 318/330/318
f 318/330/318 315/327/315 314/326/314
f 315/327/315 318/330/318 319/331/319
f 319/331/319 316/328/316 315/327/315
f 209/221/209 64/64/64 166/173/166
f 166/173/166 320/332/320 209/221/209
f 320/332/320 166/173/166 167/174/167
f 167/174/167 321/333/321 320/332/320
f 321/333/321 167/174/167 168/175/168
f 168/175/168 322/334/322 321/333/321
f 322/334/322 168/175/168 169/176/169
f 169/176/169 323/335/323 322/334/322
f 323/335/323 169/176/169 170/177/170
f 170/177/170 324/336/324 323/335/323
f 324/336/324 170/177/170 171/178/171
f 171/178/171 325/337/325 324/336/324
f 325/337/325 171/178/171 172/179/172
f 172/179/172 326/338/326 325/337/325
f 326/338/326 172/179/172 72/180/72
f 72/180/72 217/339/217 326/338/326
f 218/230/218 209/221/209 320/332/320
f 320/332/320 327/340/327 218/230/218
f 327/340/327 320/332/320 321/333/321
f 321/333/321 328/341/328 327/340/327
f 328/341/328 321/333/321 322/334/322
f 322/334/322 329/342/329 328/341/328
f 329/342/329 322/334/322 323/335/323
f 323/335/323 330/343/330 329/342/329
f 330/343/330 323/335/323 324/336/324
f 324/336/324 331/344/331 330/343/330
f 331/344/331 324/336/324 325/337/325
f 325/337/325 332/345/332 331/344/331
f 332/345/332 325/337/325 326/338/326
f 326/338/326 333/346/333 332/345/332
f 333/346/333 326/338/326 217/339/217
f 217/339/217 226/347/226 333/346/333
f 227/239/227 218/230/218 327/340/327
f 327/340/327 334/348/334 227/239/227
f 334/348/334 327/340/327 328/341/328
f 328/341/328 335/349/335 334/348/334
f 335/349/335 328/341/328 329/342/329
f 329/342/329 336/350/336 335/349/335
f 336/350/336 329/342/329 330/343/330
f 330/343/330 337/351/337 336/350/336
f 337/351/337 330/343/330 331/344/331
f 331/344/331 338/352/338 337/351/337
f 338/352/338 331/344/331 332/345/332
f 332/345/332 339/353/339 338/352/338
f 339/353/339 332/345/332 333/346/333
f 333/346/333 340/354/340 339/353/339
f 340/354/340 333/346/333 226/347/226
f 226/347/226 235/355/235 340/354/340
f 236/248/236 227/239/227 334/348/334
f 334/348/334 341/356/341 236/248/236
f 341/356/341 334/348/334 335/349/335
f 335/349/335 342/357/342 341/356/341
f 342/357/342 335/349/335 336/350/336
f 336/350/336 343/358/343 342/357/342
f 343/358/343 336/350/336 337/351/337
f 337/351/337 344/359/344 343/358/343
f 344/359/344 337/351/337 338/352/338
f 338/352/338 345/360/345 344/359/344
f 345/360/345 338/352/338 339/353/339
f 339/353/339 346/361/346 345/360/345
f 346/361/346 339/353/339 340/354/340
f 340/354/340 347/362/347 346/361/346
f 347/362/347 340/354/340 235/355/235
f 235/355/235 244/363/244 347/362/347
f 245/257/245 236/248/236 341/356/341
f 341/356/341 348/364/348 245/257/245
f 348/364/348 341/356/341 342/357/342
f 342/357/342 349/365/349 348/364/348
f 349/365/349 342/357/342 343/358/343
f 343/358/343 350/366/350 349/365/349
f 350/366/350 343/358/343 344/359/344
f 344/359/344 351/367/351 350/366/350
f 351/367/351 344/359/344 345/360/345
f 345/360/345 352/368/352 351/367/351
f 352/368/352 345/360/345 346/361/346
f 346/361/346 353/369/353 352/368/352
f 353/369/353 346/361/346 347/362/347
f 347/362/347 354/370/354 353/369/353
f 354/370/354 347/362/347 244/363/244
f 244/363/244 253/371/253 354/370/354
f 254/266/254 245/257/245 348/364/348
f 348/364/348 355/372/355 254/266/254
f 355/372/355 348/364/348 349/365/349
f 349/365/349 356/373/356 355/372/355
f 356/373/356 349/365/349 350/366/350
f 350/366/350 357/374/357 356/373/356
f 357/374/357 350/366/350 351/367/351
f 351/367/351 358/375/358 357/374/357
f 358/375/358 351/367/351 352/368/352
f 352/368/352 359/376/359 358/375/358
f 359/376/359 352/368/352 353/369/353
f 353/369/353 360/377/360 359/376/359
f 360/377/360 353/369/353 354/370/354
f 354/370/354 361/378/361 360/377/360
f 361/378/361 354/370/354 253/371/253
f 253/371/253 262/379/262 361/378/361
f 263/275/263 254/266/254 355/372/355
f 355/372/355 362/380/362 263/275/263
f 362/380/362 355/372/355 356/373/356
f 356/373/356 363/381/363 362/380/362
f 363/381/363 356/373/356 357/374/357
f 357/374/357 364/382/364 363/381/363
f 364/382/364 357/374/357 358/375/358
f 358/375/358 365/383/365 364/382/364
f 365/383/365 358/375/358 359/376/359
f 359/376/359 366/384/366 365/383/365
f 366/384/366 359/376/359 360/377/360
f 360/377/360 367/385/367 366/384/366
f 367/385/367 360/377/360 361/378/361
f 361/378/361 368/386/368 367/385/367
f 368/386/368 361/378/361 262/379/262
f 262/379/262 271/387/271 368/386/368
f 368/386/368 272/388/272 369/389/369
f 271/387/271 272/388/272 368/386/368
f 367/385/367 369/389/369 370/390/370
f 368/386/368 369/389/369 367/385/367
f 366/384/366 370/390/370 371/391/371
f 367/385/367 370/390/370 366/384/366
f 371/391/371 372/392/372 366/384/366
f 366/384/366 372/392/372 365/383/365
f 365/383/365 372/392/372 373/393/373
f 364/382/364 373/393/373 374/394/374
f 365/383/365 373/393/373 364/382/364
f 364/382/364 374/394/374 375/395/375
f 363/381/363 375/395/375 376/396/376
f 364/382/364 375/395/375 363/381/363
f 362/380/362 376/396/376 377/397/377
f 363/381/363 376/396/376 362/380/362
f 362/380/362 377/397/377 378/398/378
f 263/275/263 378/398/378 283/295/283
f 362/380/362 378/398/378 263/275/263
f 379/402/379 369/389/369 272/388/272
f 272/388/272 284/399/284 379/402/379
f 380/403/380 379/402/379 284/399/284
f 284/399/284 285/400/285 380/403/380
f 381/404/381 380/403/380 285/400/285
f 285/400/285 286/401/286 381/404/381
f 382/405/382 370/390/370 369/389/369
f 369/389/369 379/402/379 382/405/382
f 383/406/383 382/405/382 379/402/379
f 379/402/379 380/403/380 383/406/383
f 384/407/384 383/406/383 380/403/380
f 380/403/380 381/404/381 384/407/384
f 385/408/385 371/391/371 370/390/370
f 370/390/370 382/405/382 385/408/385
f 386/409/386 385/408/385 382/405/382
f 382/405/382 383/406/383 386/409/386
f 387/410/387 386/409/386 383/406/383
f 383/406/383 384/407/384 387/410/387
f 388/411/388 372/392/372 371/391/371
f 371/391/371 385/408/385 388/411/388
f 389/412/389 388/411/388 385/408/385
f 385/408/385 386/409/386 389/412/389
f 390/413/390 389/412/389 386/409/386
f 386/409/386 387/410/387 390/413/390
f 391/414/391 373/393/373 372/392/372
f 372/392/372 388/411/388 391/414/391
f 392/415/392 391/414/391 388/411/388
f 388/411/388 389/412/389 392/415/392
f 393/416/393 392/415/392 389/412/389
f 389/412/389 390/413/390 393/416/393
f 394/417/394 374/394/374 373/393/373
f 373/393/373 391/414/391 394/417/394
f 395/418/395 394/417/394 391/414/391
f 391/414/391 392/415/392 395/418/395
f 396/419/396 395/418/395 392/415/392
f 392/415/392 393/416/393 396/419/396
f 397/420/397 375/395/375 374/394/374
f 374/394/374 394/417/394 397/420/397
f 398/421/398 397/420/397 394/417/394
f 394/417/394 395/418/395 398/421/398
f 399/422/399 398/421/398 395/418/395
f 395/418/395 396/419/396 399/422/399
f 400/423/400 376/396/376 375/395/375
f 375/395/375 397/420/397 400/423/400
f 401/424/401 400/423/400 397/420/397
f 397/420/397 398/421/398 401/424/401
f 402/425/402 401/424/401 398/421/398
f 398/421/398 399/422/399 402/425/402
f 403/426/403 377/397/377 376/396/376
f 376/396/376 400/423/400 403/426/403
f 404/427/404 403/426/403 400/423/400
f 400/423/400 401/424/401 404/427/404
f 405/428/405 404/427/404 401/424/401
f 401/424/401 402/425/402 405/428/405
f 406/429/406 378/398/378 377/397/377
f 377/397/377 403/426/403 406/429/406
f 407/430/407 406/429/406 403/426/403
f 403/426/403 404/427/404 407/430/407
f 408/431/408 407/430/407 404/427/404
f 404/427/404 405/428/405 408/431/408
f 317/329/317 283/295/283 378/398/378
f 378/398/378 406/429/406 317/329/317
f 318/330/318 317/329/317 406/429/406
f 406/429/406 407/430/407 318/330/318
f 319/331/319 318/330/318 407/430/407
f 407/430/407 408/431/408 319/331/319
f 410/433/410 409/432/409 418/441/418
f 418/441/418 419/442/419 410/433/410
f 411/434/411 410/433/410 419/442/419
f 419/442/419 420/443/420 411/434/411
f 412/435/412 411/434/411 420/443/420
f 420/443/420 421/444/421 412/435/412
f 413/436/413 412/435/412 421/444/421
f 421/444/421 422/445/422 413/436/413
f 414/437/414 413/436/413 422/445/422
f 422/445/422 423/446/423 414/437/414
f 415/438/415 414/437/414 423/446/423
f 423/446/423 424/447/424 415/438/415
f 416/439/416 415/438/415 424/447/424
f 424/447/424 425/448/425 416/439/416
f 417/440/417 416/439/416 425/448/425
f 425/448/425 426/449/426 417/440/417
f 419/442/419 418/441/418 427/450/427
f 427/450/427 428/451/428 419/442/419
f 420/443/420 419/442/419 428/451/428
f 428/451/428 429/452/429 420/443/420
f 421/444/421 420/443/420 429/452/429
f 429/452/429 430/453/430 421/444/421
f 422/445/422 421/444/421 430/453/430
f 430/453/430 431/454/431 422/445/422
f 423/446/423 422/445/422 431/454/431
f 431/454/431 432/455/432 423/446/423
f 424/447/424 423/446/423 432/455/432
f 432/455/432 433/456/433 424/447/424
f 425/448/425 424/447/424 433/456/433
f 433/456/433 434/457/434 425/448/425
f 426/449/426 425/448/425 434/457/434
f 434/457/434 435/458/435 426/449/426
f 428/451/428 427/450/427 436/459/436
f 436/459/436 437/460/437 428/451/428
f 429/452/429 428/451/428 437/460/437
f 437/460/437 438/461/438 429/452/429
f 430/453/430 429/452/429 438/461/438
f 438/461/438 439/462/439 430/453/430
f 431/454/431 430/453/430 439/462/439
f 439/462/439 440/463/440 431/454/431
f 432/455/432 431/454/431 440/463/440
f 440/463/440 441/464/441 432/455/432
f 433/456/433 432/455/432 441/464/441
f 441/464/441 442/465/442 433/456/433
f 434/457/434 433/456/433 442/465/442
f 442/465/442 443/466/443 434/457/434
f 435/458/435 434/457/434 443/466/443
f 443/466/443 444/467/444 435/458/435
f 437/460/437 436/459/436 445/468/445
f 445/468/445 446/469/446 437/460/437
f 438/461/438 437/460/437 446/469/446
f 446/469/446 447/470/447 438/461/438
f 439/462/439 438/461/438 447/470/447
f 447/470/447 448/471/448 439/462/439
f 440/463/440 439/462/439 448/471/448
f 448/471/448 449/472/449 440/463/440
f 441/464/441 440/463/440 449/472/449
f 449/472/449 450/473/450 441/464/441
f 442/465/442 441/464/441 450/473/450
f 450/473/450 451/474/451 442/465/442
f 443/466/443 442/465/442 451/474/451
f 451/474/451 452/475/452 443/466/443
f 444/467/444 443/466/443 452/475/452
f 452/475/452 453/476/453 444/467/444
f 446/469/446 445/468/445 454/477/454
f 454/477/454 455/478/455 446/469/446
f 447/470/447 446/469/446 455/478/455
f 455/478/455 456/479/456 447/470/447
f 448/471/448 447/470/447 456/479/456
f 456/479/456 457/480/457 448/471/448
f 449/472/449 448/471/448 457/480/457
f 457/480/457 458/481/458 449/472/449
f 450/473/450 449/472/449 458/481/458
f 458/481/458 459/482/459 450/473/450
f 451/474/451 450/473/450 459/482/459
f 459/482/459 460/483/460 451/474/451
f 452/475/452 451/474/451 460/483/460
f 460/483/460 461/484/461 452/475/452
f 453/476/453 452/475/452 461/484/461
f 461/484/461 462/485/462 453/476/453
f 455/478/455 454/477/454 463/486/463
f 463/486/463 464/487/464 455/478/455
f 456/479/456 455/478/455 464/487/464
f 464/487/464 465/488/465 456/479/456
f 457/480/457 456/479/456 465/488/465
f 465/488/465 466/489/466 457/480/457
f 458/481/458 457/480/457 466/489/466
f 466/489/466 467/490/467 458/481/458
f 459/482/459 458/481/458 467/490/467
f 467/490/467 468/491/468 459/482/459
f 460/483/460 459/482/459 468/491/468
f 468/491/468 469/492/469 460/483/460
f 461/484/461 460/483/460 469/492/469
f 469/492/469 470/493/470 461/484/461
f 462/485/462 461/484/461 470/493/470
f 470/493/470 471/494/471 462/485/462
f 464/487/464 463/486/463 472/495/472
f 472/495/472 473/496/473 464/487/464
f 465/488/465 464/487/464 473/496/473
f 473/496/473 474/497/474 465/488/465
f 466/489/466 465/488/465 474/497/474
f 474/497/474 475/498/475 466/489/466
f 467/490/467 466/489/466 475/498/475
f 475/498/475 476/499/476 467/490/467
f 468/491/468 467/490/467 476/499/476
f 476/499/476 477/500/477 468/491/468
f 469/492/469 468/491/468 477/500/477
f 477/500/477 478/501/478 469/492/469
f 470/493/470 469/492/469 478/501/478
f 478/501/478 479/502/479 470/493/470
f 471/494/471 470/493/470 479/502/479
f 479/502/479 480/503/480 471/494/471
f 473/496/473 472/495/472 481/504/481
f 481/504/481 482/505/482 473/496/473
f 474/497/474 473/496/473 482/505/482
f 482/505/482 483/506/483 474/497/474
f 475/498/475 474/497/474 483/506/483
f 483/506/483 484/507/484 475/498/475
f 476/499/476 475/498/475 484/507/484
f 484/507/484 485/508/485 476/499/476
f 477/500/477 476/499/476 485/508/485
f 485/508/485 486/509/486 477/500/477
f 478/501/478 477/500/477 486/509/486
f 486/509/486 487/510/487 478/501/478
f 479/502/479 478/501/478 487/510/487
f 487/510/487 488/511/488 479/502/479
f 480/503/480 479/502/479 488/511/488
f 488/511/488 489/512/489 480/503/480
f 418/521/418 409/513/409 490/514/490
f 490/514/490 497/522/497 418/521/418
f 497/522/497 490/514/490 491/515/491
f 491/515/491 498/523/498 497/522/497
f 498/523/498 491/515/491 492/516/492
f 492/516/492 499/524/499 498/523/498
f 499/524/499 492/516/492 493/517/493
f 493/517/493 500/525/500 499/524/499
f 500/525/500 493/517/493 494/518/494
f 494/518/494 501/526/501 500/525/500
f 501/526/501 494/518/494 495/519/495
f 495/519/495 502/527/502 501/526/501
f 502/527/502 495/519/495 496/520/496
f 496/520/496 503/528/503 502/527/502
f 503/528/503 496/520/496 417/440/417
f 417/440/417 426/449/426 503/528/503
f 427/529/427 418/521/418 497/522/497
f 497/522/497 504/530/504 427/529/427
f 504/530/504 497/522/497 498/523/498
f 498/523/498 505/531/505 504/530/504
f 505/531/505 498/523/498 499/524/499
f 499/524/499 506/532/506 505/531/505
f 506/532/506 499/524/499 500/525/500
f 500/525/500 507/533/507 506/532/506
f 507/533/507 500/525/500 501/526/501
f 501/526/501 508/534/508 507/533/507
f 508/534/508 501/526/501 502/527/502
f 502/527/502 509/535/509 508/534/508
f 509/535/509 502/527/502 503/528/503
f 503/528/503 510/536/510 509/535/509
f 510/536/510 503/528/503 426/449/426
f 426/449/426 435/458/435 510/536/510
f 436/537/436 427/529/427 504/530/504
f 504/530/504 511/538/511 436/537/436
f 511/538/511 504/530/504 505/531/505
f 505/531/505 512/539/512 511/538/511
f 512/539/512 505/531/505 506/532/506
f 506/532/506 513/540/513 512/539/512
f 513/540/513 506/532/506 507/533/507
f 507/533/507 514/541/514 513/540/513
f 514/541/514 507/533/507 508/534/508
f 508/534/508 515/542/515 514/541/514
f 515/542/515 508/534/508 509/535/509
f 509/535/509 516/543/516 515/542/515
f 516/543/516 509/535/509 510/536/510
f 510/536/510 517/544/517 516/543/516
f 517/544/517 510/536/510 435/458/435
f 435/458/435 444/467/444 517/544/517
f 445/545/445 436/537/436 511/538/511
f 511/538/511 518/546/518 445/545/445
f 518/546/518 511/538/511 512/539/512
f 512/539/512 519/547/519 518/546/518
f 519/547/519 512/539/512 513/540/513
f 513/540/513 520/548/520 519/547/519
f 520/548/520 513/540/513 514/541/514
f 514/541/514 521/549/521 520/548/520
f 521/549/521 514/541/514 515/542/515
f 515/542/515 522/550/522 521/549/521
f 522/550/522 515/542/515 516/543/516
f 516/543/516 523/551/523 522/550/522
f 523/551/523 516/543/516 517/544/517
f 517/544/517 524/552/524 523/551/523
f 524/552/524 517/544/517 444/467/444
f 444/467/444 453/476/453 524/552/524
f 454/553/454 445/545/445 518/546/518
f 518/546/518 525/554/525 454/553/454
f 525/554/525 518/546/518 519/547/519
f 519/547/519 526/555/526 525/554/525
f 526/555/526 519/547/519 520/548/520
f 520/548/520 527/556/527 526/555/526
f 527/556/527 520/548/520 521/549/521
f 521/549/521 528/557/528 527/556/527
f 528/557/528 521/549/521 522/550/522
f 522/550/522 529/558/529 528/557/528
f 529/558/529 522/550/522 523/551/523
f 523/551/523 530/559/530 529/558/529
f 530/559/530 523/551/523 524/552/524
f 524/552/524 531/560/531 530/559/530
f 531/560/531 524/552/524 453/476/453
f 453/476/453 462/485/462 531/560/531
f 463/561/463 454/553/454 525/554/525
f 525/554/525 532/562/532 463/561/463
f 532/562/532 525/554/525 526/555/526
f 526/555/526 533/563/533 532/562/532
f 533/563/533 526/555/526 527/556/527
f 527/556/527 534/564/534 533/563/533
f 534/564/534 527/556/527 528/557/528
f 528/557/528 535/565/535 534/564/534
f 535/565/535 528/557/528 529/558/529
f 529/558/529 536/566/536 535/565/535
f 536/566/536 529/558/529 530/559/530
f 530/559/530 537/567/537 536/566/536
f 537/567/537 530/559/530 531/560/531
f 531/560/531 538/568/538 537/567/537
f 538/568/538 531/560/531 462/485/462
f 462/485/462 471/494/471 538/568/538
f 472/569/472 463/561/463 532/562/532
f 532/562/532 539/570/539 472/569/472
f 539/570/539 532/562/532 533/563/533
f 533/563/533 540/571/540 539/570/539
f 540/571/540 533/563/533 534/564/534
f 534/564/534 541/572/541 540/571/540
f 541/572/541 534/564/534 535/565/535
f 535/565/535 542/573/542 541/572/541
f 542/573/542 535/565/535 536/566/536
f 536/566/536 543/574/543 542/573/542
f 543/574/543 536/566/536 537/567/537
f 537/567/537 544/575/544 543/574/543
f 544/575/544 537/567/537 538/568/538
f 538/568/538 545/576/545 544/575/544
f 545/576/545 538/568/538 471/494/471
f 471/494/471 480/503/480 545/576/545
f 481/577/481 472/569/472 539/570/539
f 539/570/539 546/578/546 481/577/481
f 546/578/546 539/570/539 540/571/540
f 540/571/540 547/579/547 546/578/546
f 547/579/547 540/571/540 541/572/541
f 541/572/541 548/580/548 547/579/547
f 548/580/548 541/572/541 542/573/542
f 542/573/542 549/581/549 548/580/548
f 549/581/549 542/573/542 543/574/543
f 543/574/543 550/582/550 549/581/549
f 550/582/550 543/574/543 544/575/544
f 544/575/544 551/583/551 550/582/550
f 551/583/551 544/575/544 545/576/545
f 545/576/545 552/584/552 551/583/551
f 552/584/552 545/576/545 480/503/480
f 480/503/480 489/512/489 552/584/552
f 482/505/482 481/504/481 553/585/553
f 553/585/553 554/586/554 482/505/482
f 483/506/483 482/505/482 554/586/554
f 554/586/554 555/587/555 483/506/483
f 484/507/484 483/506/483 555/587/555
f 555/587/555 556/588/556 484/507/484
f 485/508/485 484/507/484 556/588/556
f 556/588/556 557/589/557 485/508/485
f 486/509/486 485/508/485 557/589/557
f 557/589/557 558/590/558 486/509/486
f 487/510/487 486/509/486 558/590/558
f 558/590/558 559/591/559 487/510/487
f 488/511/488 487/510/487 559/591/559
f 559/591/559 560/592/560 488/511/488
f 489/512/489 488/511/488 560/592/560
f 560/592/560 561/593/561 489/512/489
f 554/586/554 553/585/553 562/594/562
f 562/594/562 563/595/563 554/586/554
f 555/587/555 554/586/554 563/595/563
f 563/595/563 564/596/564 555/587/555
f 556/588/556 555/587/555 564/596/564
f 564/596/564 565/597/565 556/588/556
f 557/589/557 556/588/556 565/597/565
f 565/597/565 566/598/566 557/589/557
f 558/590/558 557/589/557 566/598/566
f 566/598/566 567/599/567 558/590/558
f 559/591/559 558/590/558 567/599/567
f 567/599/567 568/600/568 559/591/559
f 560/592/560 559/591/559 568/600/568
f 568/600/568 569/601/569 560/592/560
f 561/593/561 560/592/560 569/601/569
f 569/601/569 570/602/570 561/593/561
f 563/595/563 562/594/562 571/603/571
f 571/603/571 572/604/572 563/595/563
f 564/596/564 563/595/563 572/604/572
f 572/604/572 573/605/573 564/596/564
f 565/597/565 564/596/564 573/605/573
f 573/605/573 574/606/574 565/597/565
f 566/598/566 565/597/565 574/606/574
f 574/606/574 575/607/575 566/598/566
f 567/599/567 566/598/566 575/607/575
f 575/607/575 576/608/576 567/599/567
f 568/600/568 567/599/567 576/608/576
f 576/608/576 577/609/577 568/600/568
f 569/601/569 568/600/568 577/609/577
f 577/609/577 578/610/578 569/601/569
f 570/602/570 569/601/569 578/610/578
f 578/610/578 579/611/579 570/602/570
f 572/604/572 571/603/571 580/612/580
f 580/612/580 581/613/581 572/604/572
f 573/605/573 572/604/572 581/613/581
f 581/613/581 582/614/582 573/605/573
f 574/606/574 573/605/573 582/614/582
f 582/614/582 583/615/583 574/606/574
f 575/607/575 574/606/574 583/615/583
f 583/615/583 584/616/584 575/607/575
f 576/608/576 575/607/575 584/616/584
f 584/616/584 585/617/585 576/608/576
f 577/609/577 576/608/576 585/617/585
f 585/617/585 586/618/586 577/609/577
f 578/610/578 577/609/577 586/618/586
f 586/618/586 587/619/587 578/610/578
f 579/611/579 578/610/578 587/619/587
f 587/619/587 588/620/588 579/611/579
f 581/613/581 580/612/580 589/621/589
f 589/621/589 590/622/590 581/613/581
f 582/614/582 581/613/581 590/622/590
f 590/622/590 591/623/591 582/614/582
f 583/615/583 582/614/582 591/623/591
f 591/623/591 592/624/592 583/615/583
f 584/616/584 583/615/583 592/624/592
f 592/624/592 593/625/593 584/616/584
f 585/617/585 584/616/584 593/625/593
f 593/625/593 594/626/594 585/617/585
f 586/618/586 585/617/585 594/626/594
f 594/626/594 595/627/595 586/618/586
f 587/619/587 586/618/586 595/627/595
f 595/627/595 596/628/596 587/619/587
f 588/620/588 587/619/587 596/628/596
f 596/628/596 597/629/597 588/620/588
f 590/622/590 589/621/589 598/630/598
f 598/630/598 599/631/599 590/622/590
f 591/623/591 590/622/590 599/631/599
f 599/631/599 600/632/600 591/623/591
f 592/624/592 591/623/591 600/632/600
f 600/632/600 601/633/601 592/624/592
f 593/625/593 592/624/592 601/633/601
f 601/633/601 602/634/602 593/625/593
f 594/626/594 593/625/593 602/634/602
f 602/634/602 603/635/603 594/626/594
f 595/627/595 594/626/594 603/635/603
f 603/635/603 604/636/604 595/627/595
f 596/628/596 595/627/595 604/636/604
f 604/636/604 605/637/605 596/628/596
f 597/629/597 596/628/596 605/637/605
f 605/637/605 606/638/606 597/629/597
f 599/631/599 598/630/598 607/639/607
f 607/639/607 608/640/608 599/631/599
f 600/632/600 599/631/599 608/640/608
f 608/640/608 609/641/609 600/632/600
f 601/633/601 600/632/600 609/641/609
f 609/641/609 610/642/610 601/633/601
f 602/634/602 601/633/601 610/642/610
f 610/642/610 611/643/611 602/634/602
f 603/635/603 602/634/602 611/643/611
f 611/643/611 612/644/612 603/635/603
f 604/636/604 603/635/603 612/644/612
f 612/644/612 613/645/613 604/636/604
f 605/637/605 604/636/604 613/645/613
f 613/645/613 614/646/614 605/637/605
f 606/638/606 605/637/605 614/646/614
f 614/646/614 615/647/615 606/638/606
f 616/648/616 617/649/617 608/640/608
f 616/648/616 608/640/608 607/639/607
f 618/650/618 608/640/608 617/649/617
f 618/650/618 609/641/609 608/640/608
f 619/651/619 609/641/609 618/650/618
f 620/652/620 609/641/609 619/651/619
f 620/652/620 621/653/621 610/642/610
f 620/652/620 610/642/610 609/641/609
f 622/654/622 610/642/610 621/653/621
f 622/654/622 623/655/623 611/643/611
f 622/654/622 611/643/611 610/642/610
f 623/655/623 624/656/624 611/643/611
f 624/656/624 625/657/625 612/644/612
f 624/656/624 612/644/612 611/643/611
f 626/658/626 612/644/612 625/657/625
f 626/658/626 613/645/613 612/644/612
f 627/659/627 613/645/613 626/658/626
f 628/660/628 613/645/613 627/659/627
f 628/660/628 614/646/614 613/645/613
f 629/661/629 614/646/614 628/660/628
f 630/662/630 614/646/614 629/661/629
f 631/663/631 614/646/614 630/662/630
f 631/663/631 615/647/615 614/646/614
f 617/649/617 616/648/616 632/664/632
f 632/664/632 635/667/635 617/649/617
f 635/667/635 632/664/632 633/665/633
f 633/665/633 636/668/636 635/667/635
f 636/668/636 633/665/633 634/666/634
f 634/666/634 637/669/637 636/668/636
f 618/650/618 617/649/617 635/667/635
f 635/667/635 638/670/638 618/650/618
f 638/670/638 635/667/635 636/668/636
f 636/668/636 639/671/639 638/670/638
f 639/671/639 636/668/636 637/669/637
f 637/669/637 640/672/640 639/671/639
f 619/651/619 618/650/618 638/670/638
f 638/670/638 641/673/641 619/651/619
f 641/673/641 638/670/638 639/671/639
f 639/671/639 642/674/642 641/673/641
f 642/674/642 639/671/639 640/672/640
f 640/672/640 643/675/643 642/674/642
f 620/652/620 619/651/619 641/673/641
f 641/673/641 644/676/644 620/652/620
f 644/676/644 641/673/641 642/674/642
f 642/674/642 645/677/645 644/676/644
f 645/677/645 642/674/642 643/675/643
f 643/675/643 646/678/646 645/677/645
f 621/653/621 620/652/620 644/676/644
f 644/676/644 647/679/647 621/653/621
f 647/679/647 644/676/644 645/677/645
f 645/677/645 648/680/648 647/679/647
f 648/680/648 645/677/645 646/678/646
f 646/678/646 649/681/649 648/680/648
f 622/654/622 621/653/621 647/679/647
f 647/679/647 650/682/650 622/654/622
f 650/682/650 647/679/647 648/680/648
f 648/680/648 651/683/651 650/682/650
f 651/683/651 648/680/648 649/681/649
f 649/681/649 652/684/652 651/683/651
f 623/655/623 622/654/622 650/682/650
f 650/682/650 653/685/653 623/655/623
f 653/685/653 650/682/650 651/683/651
f 651/683/651 654/686/654 653/685/653
f 654/686/654 651/683/651 652/684/652
f 652/684/652 655/687/655 654/686/654
f 624/656/624 623/655/623 653/685/653
f 653/685/653 656/688/656 624/656/624
f 656/688/656 653/685/653 654/686/654
f 654/686/654 657/689/657 656/688/656
f 657/689/657 654/686/654 655/687/655
f 655/687/655 658/690/658 657/689/657
f 625/657/625 624/656/624 656/688/656
f 656/688/656 659/691/659 625/657/625
f 659/691/659 656/688/656 657/689/657
f 657/689/657 660/692/660 659/691/659
f 660/692/660 657/689/657 658/690/658
f 658/690/658 661/693/661 660/692/660
f 626/658/626 625/657/625 659/691/659
f 659/691/659 662/694/662 626/658/626
f 662/694/662 659/691/659 660/692/660
f 660/692/660 663/695/663 662/694/662
f 663/695/663 660/692/660 661/693/661
f 661/693/661 664/696/664 663/695/663
f 627/659/627 626/658/626 662/694/662
f 662/694/662 665/697/665 627/659/627
f 665/697/665 662/694/662 663/695/663
f 663/695/663 666/698/666 665/697/665
f 666/698/666 663/695/663 664/696/664
f 664/696/664 667/699/667 666/698/666
f 628/660/628 627/659/627 665/697/665
f 665/697/665 668/700/668 628/660/628
f 668/700/668 665/697/665 666/698/666
f 666/698/666 669/701/669 668/700/668
f 669/701/669 666/698/666 667/699/667
f 667/699/667 670/702/670 669/701/669
f 629/661/629 628/660/628 668/700/668
f 668/700/668 671/703/671 629/661/629
f 671/703/671 668/700/668 669/701/669
f 669/701/669 672/704/672 671/703/671
f 672/704/672 669/701/669 670/702/670
f 670/702/670 673/705/673 672/704/672
f 630/662/630 629/661/629 671/703/671
f 671/703/671 674/706/674 630/662/630
f 674/706/674 671/703/671 672/704/672
f 672/704/672 675/707/675 674/706/674
f 675/707/675 672/704/672 673/705/673
f 673/705/673 676/708/676 675/707/675
f 631/663/631 630/662/630 674/706/674
f 674/706/674 677/709/677 631/663/631
f 677/709/677 674/706/674 675/707/675
f 675/707/675 678/710/678 677/709/677
f 678/710/678 675/707/675 676/708/676
f 676/708/676 679/711/679 678/710/678
f 553/712/553 481/577/481 546/578/546
f 546/578/546 680/713/680 553/712/553
f 680/713/680 546/578/546 547/579/547
f 547/579/547 681/714/681 680/713/680
f 681/714/681 547/579/547 548/580/548
f 548/580/548 682/715/682 681/714/681
f 682/715/682 548/580/548 549/581/549
f 549/581/549 683/716/683 682/715/682
f 683/716/683 549/581/549 550/582/550
f 550/582/550 684/717/684 683/716/683
f 684/717/684 550/582/550 551/583/551
f 551/583/551 685/718/685 684/717/684
f 685/718/685 551/583/551 552/584/552
f 552/584/552 686/719/686 685/718/685
f 686/719/686 552/584/552 489/512/489
f 489/512/489 561/593/561 686/719/686
f 562/720/562 553/712/553 680/713/680
f 680/713/680 687/721/687 562/720/562
f 687/721/687 680/713/680 681/714/681
f 681/714/681 688/722/688 687/721/687
f 688/722/688 681/714/681 682/715/682
f 682/715/682 689/723/689 688/722/688
f 689/723/689 682/715/682 683/716/683
f 683/716/683 690/724/690 689/723/689
f 690/724/690 683/716/683 684/717/684
f 684/717/684 691/725/691 690/724/690
f 691/725/691 684/717/684 685/718/685
f 685/718/685 692/726/692 691/725/691
f 692/726/692 685/718/685 686/719/686
f 686/719/686 693/727/693 692/726/692
f 693/727/693 686/719/686 561/593/561
f 561/593/561 570/602/570 693/727/693
f 571/728/571 562/720/562 687/721/687
f 687/721/687 694/729/694 571/728/571
f 694/729/694 687/721/687 688/722/688
f 688/722/688 695/730/695 694/729/694
f 695/730/695 688/722/688 689/723/689
f 689/723/689 696/731/696 695/730/695
f 696/731/696 689/723/689 690/724/690
f 690/724/690 697/732/697 696/731/696
f 697/732/697 690/724/690 691/725/691
f 691/725/691 698/733/698 697/732/697
f 698/733/698 691/725/691 692/726/692
f 692/726/692 699/734/699 698/733/698
f 699/734/699 692/726/692 693/727/693
f 693/727/693 700/735/700 699/734/699
f 700/735/700 693/727/693 570/602/570
f 570/602/570 579/611/579 700/735/700
f 580/736/580 571/728/571 694/729/694
f 694/729/694 701/737/701 580/736/580
f 701/737/701 694/729/694 695/730/695
f 695/730/695 702/738/702 701/737/701
f 702/738/702 695/730/695 696/731/696
f 696/731/696 703/739/703 702/738/702
f 703/739/703 696/731/696 697/732/697
f 697/732/697 704/740/704 703/739/703
f 704/740/704 697/732/697 698/733/698
f 698/733/698 705/741/705 704/740/704
f 705/741/705 698/733/698 699/734/699
f 699/734/699 706/742/706 705/741/705
f 706/742/706 699/734/699 700/735/700
f 700/735/700 707/743/707 706/742/706
f 707/743/707 700/735/700 579/611/579
f 579/611/579 588/620/588 707/743/707
f 589/744/589 580/736/580 701/737/701
f 701/737/701 708/745/708 589/744/589
f 708/745/708 701/737/701 702/738/702
f 702/738/702 709/746/709 708/745/708
f 709/746/709 702/738/702 703/739/703
f 703/739/703 710/747/710 709/746/709
f 710/747/710 703/739/703 704/740/704
f 704/740/704 711/748/711 710/747/710
f 711/748/711 704/740/704 705/741/705
f 705/741/705 712/749/712 711/748/711
f 712/749/712 705/741/705 706/742/706
f 706/742/706 713/750/713 712/749/712
f 713/750/713 706/742/706 707/743/707
f 707/743/707 714/751/714 713/750/713
f 714/751/714 707/743/707 588/620/588
f 588/620/588 597/629/597 714/751/714
f 598/752/598 589/744/589 708/745/708
f 708/745/708 715/753/715 598/752/598
f 715/753/715 708/745/708 709/746/709
f 709/746/709 716/754/716 715/753/715
f 716/754/716 709/746/709 710/747/710
f 710/747/710 717/755/717 716/754/716
f 717/755/717 710/747/710 711/748/711
f 711/748/711 718/756/718 717/755/717
f 718/756/718 711/748/711 712/749/712
f 712/749/712 719/757/719 718/756/718
f 719/757/719 712/749/712 713/750/713
f 713/750/713 720/758/720 719/757/719
f 720/758/720 713/750/713 714/751/714
f 714/751/714 721/759/721 720/758/720
f 721/759/721 714/751/714 597/629/597
f 597/629/597 606/638/606 721/759/721
f 607/760/607 598/752/598 715/753/715
f 715/753/715 722/761/722 607/760/607
f 722/761/722 715/753/715 716/754/716
f 716/754/716 723/762/723 722/761/722
f 723/762/723 716/754/716 717/755/717
f 717/755/717 724/763/724 723/762/723
f 724/763/724 717/755/717 718/756/718
f 718/756/718 725/764/725 724/763/724
f 725/764/725 718/756/718 719/757/719
f 719/757/719 726/765/726 725/764/725
f 726/765/726 719/757/719 720/758/720
f 720/758/720 727/766/727 726/765/726
f 727/766/727 720/758/720 721/759/721
f 721/759/721 728/767/728 727/766/727
f 728/767/728 721/759/721 606/638/606
f 606/638/606 615/647/615 728/767/728
f 729/769/729 616/768/616 722/761/722
f 722/761/722 616/768/616 607/760/607
f 722/761/722 730/770/730 729/769/729
f 723/762/723 730/770/730 722/761/722
f 723/762/723 731/771/731 730/770/730
f 723/762/723 732/772/732 731/771/731
f 733/773/733 732/772/732 724/763/724
f 724/763/724 732/772/732 723/762/723
f 724/763/724 734/774/734 733/773/733
f 735/775/735 734/774/734 725/764/725
f 725/764/725 734/774/734 724/763/724
f 736/776/736 735/775/735 725/764/725
f 737/777/737 736/776/736 726/765/726
f 726/765/726 736/776/736 725/764/725
f 726/765/726 738/778/738 737/777/737
f 727/766/727 738/778/738 726/765/726
f 727/766/727 739/779/739 738/778/738
f 727/766/727 740/780/740 739/779/739
f 728/767/728 740/780/740 727/766/727
f 728/767/728 741/781/741 740/780/740
f 728/767/728 742/782/742 741/781/741
f 728/767/728 631/663/631 742/782/742
f 615/647/615 631/663/631 728/767/728
f 632/783/632 616/768/616 729/769/729
f 729/769/729 743/786/743 632/783/632
f 633/784/633 632/783/632 743/786/743
f 743/786/743 744/787/744 633/784/633
f 634/785/634 633/784/633 744/787/744
f 744/787/744 745/788/745 634/785/634
f 743/786/743 729/769/729 730/770/730
f 730/770/730 746/789/746 743/786/743
f 744/787/744 743/786/743 746/789/746
f 746/789/746 747/790/747 744/787/744
f 745/788/745 744/787/744 747/790/747
f 747/790/747 748/791/748 745/788/745
f 746/789/746 730/770/730 731/771/731
f 731/771/731 749/792/749 746/789/746
f 747/790/747 746/789/746 749/792/749
f 749/792/749 750/793/750 747/790/747
f 748/791/748 747/790/747 750/793/750
f 750/793/750 751/794/751 748/791/748
f 749/792/749 731/771/731 732/772/732
f 732/772/732 752/795/752 749/792/749
f 750/793/750 749/792/749 752/795/752
f 752/795/752 753/796/753 750/793/750
f 751/794/751 750/793/750 753/796/753
f 753/796/753 754/797/754 751/794/751
f 752/795/752 732/772/732 733/773/733
f 733/773/733 755/798/755 752/795/752
f 753/796/753 752/795/752 755/798/755
f 755/798/755 756/799/756 753/796/753
f 754/797/754 753/796/753 756/799/756
f 756/799/756 757/800/757 754/797/754
f 755/798/755 733/773/733 734/774/734
f 734/774/734 758/801/758 755/798/755
f 756/799/756 755/798/755 758/801/758
f 758/801/758 759/802/759 756/799/756
f 757/800/757 756/799/756 759/802/759
f 759/802/759 760/803/760 757/800/757
f 758/801/758 734/774/734 735/775/735
f 735/775/735 761/804/761 758/801/758
f 759/802/759 758/801/758 761/804/761
f 761/804/761 762/805/762 759/802/759
f 760/803/760 759/802/759 762/805/762
f 762/805/762 763/806/763 760/803/760
f 761/804/761 735/775/735 736/776/736
f 736/776/736 764/807/764 761/804/761
f 762/805/762 761/804/761 764/807/764
f 764/807/764 765/808/765 762/805/762
f 763/806/763 762/805/762 765/808/765
f 765/808/765 766/809/766 763/806/763
f 764/807/764 736/776/736 737/777/737
f 737/777/737 767/810/767 764/807/764
f 765/808/765 764/807/764 767/810/767
f 767/810/767 768/811/768 765/808/765
f 766/809/766 765/808/765 768/811/768
f 768/811/768 769/812/769 766/809/766
f 767/810/767 737/777/737 738/778/738
f 738/778/738 770/813/770 767/810/767
f 768/811/768 767/810/767 770/813/770
f 770/813/770 771/814/771 768/811/768
f 769/812/769 768/811/768 771/814/771
f 771/814/771 772/815/772 769/812/769
f 770/813/770 738/778/738 739/779/739
f 739/779/739 773/816/773 770/813/770
f 771/814/771 770/813/770 773/816/773
f 773/816/773 774/817/774 771/814/771
f 772/815/772 771/814/771 774/817/774
f 774/817/774 775/818/775 772/815/772
f 773/816/773 739/779/739 740/780/740
f 740/780/740 776/819/776 773/816/773
f 774/817/774 773/816/773 776/819/776
f 776/819/776 777/820/777 774/817/774
f 775/818/775 774/817/774 777/820/777
f 777/820/777 778/821/778 775/818/775
f 776/819/776 740/780/740 741/781/741
f 741/781/741 779/822/779 776/819/776
f 777/820/777 776/819/776 779/822/779
f 779/822/779 780/823/780 777/820/777
f 778/821/778 777/820/777 780/823/780
f 780/823/780 781/824/781 778/821/778
f 779/822/779 741/781/741 742/782/742
f 742/782/742 782/825/782 779/822/779
f 780/823/780 779/822/779 782/825/782
f 782/825/782 783/826/783 780/823/780
f 781/824/781 780/823/780 783/826/783
f 783/826/783 784/827/784 781/824/781
f 782/825/782 742/782/742 631/663/631
f 631/663/631 677/709/677 782/825/782
f 783/826/783 782/825/782 677/709/677
f 677/709/677 678/710/678 783/826/783
f 784/827/784 783/826/783 678/710/678
f 678/710/678 679/711/679 784/827/784
f 785/828/785 786/829/786 787/830/787
f 785/828/785 787/830/787 788/831/788
f 785/828/785 788/831/788 789/832/789
f 785/828/785 789/832/789 790/833/790
f 785/828/785 790/833/790 791/834/791
f 785/828/785 791/834/791 792/835/792
f 785/828/785 792/835/792 793/836/793
f 785/828/785 793/836/793 794/837/794
f 787/830/787 786/829/786 795/838/795
f 795/838/795 796/839/796 787/830/787
f 788/831/788 787/830/787 796/839/796
f 796/839/796 797/840/797 788/831/788
f 789/832/789 788/831/788 797/840/797
f 797/840/797 798/841/798 789/832/789
f 790/833/790 789/832/789 798/841/798
f 798/841/798 799/842/799 790/833/790
f 791/834/791 790/833/790 799/842/799
f 799/842/799 800/843/800 791/834/791
f 792/835/792 791/834/791 800/843/800
f 800/843/800 801/844/801 792/835/792
f 793/836/793 792/835/792 801/844/801
f 801/844/801 802/845/802 793/836/793
f 794/837/794 793/836/793 802/845/802
f 802/845/802 803/846/803 794/837/794
f 796/839/796 795/838/795 804/847/804
f 804/847/804 805/848/805 796/839/796
f 797/840/797 796/839/796 805/848/805
f 805/848/805 806/849/806 797/840/797
f 798/841/798 797/840/797 806/849/806
f 806/849/806 807/850/807 798/841/798
f 799/842/799 798/841/798 807/850/807
f 807/850/807 808/851/808 799/842/799
f 800/843/800 799/842/799 808/851/808
f 808/851/808 809/852/809 800/843/800
f 801/844/801 800/843/800 809/852/809
f 809/852/809 810/853/810 801/844/801
f 802/845/802 801/844/801 810/853/810
f 810/853/810 811/854/811 802/845/802
f 803/846/803 802/845/802 811/854/811
f 811/854/811 812/855/812 803/846/803
f 805/848/805 804/847/804 813/856/813
f 813/856/813 814/857/814 805/848/805
f 806/849/806 805/848/805 814/857/814
f 814/857/814 815/858/815 806/849/806
f 807/850/807 806/849/806 815/858/815
f 815/858/815 816/859/816 807/850/807
f 808/851/808 807/850/807 816/859/816
f 816/859/816 817/860/817 808/851/808
f 809/852/809 808/851/808 817/860/817
f 817/860/817 818/861/818 809/852/809
f 810/853/810 809/852/809 818/861/818
f 818/861/818 819/862/819 810/853/810
f 811/854/811 810/853/810 819/862/819
f 819/862/819 820/863/820 811/854/811
f 812/855/812 811/854/811 820/863/820
f 820/863/820 821/864/821 812/855/812
f 814/857/814 813/856/813 822/865/822
f 822/865/822 823/866/823 814/857/814
f 815/858/815 814/857/814 823/866/823
f 823/866/823 824/867/824 815/858/815
f 816/859/816 815/858/815 824/867/824
f 824/867/824 825/868/825 816/859/816
f 817/860/817 816/859/816 825/868/825
f 825/868/825 826/869/826 817/860/817
f 818/861/818 817/860/817 826/869/826
f 826/869/826 827/870/827 818/861/818
f 819/862/819 818/861/818 827/870/827
f 827/870/827 828/871/828 819/862/819
f 820/863/820 819/862/819 828/871/828
f 828/871/828 829/872/829 820/863/820
f 821/864/821 820/863/820 829/872/829
f 829/872/829 830/873/830 821/864/821
f 823/866/823 822/865/822 831/874/831
f 831/874/831 832/875/832 823/866/823
f 824/867/824 823/866/823 832/875/832
f 832/875/832 833/876/833 824/867/824
f 825/868/825 824/867/824 833/876/833
f 833/876/833 834/877/834 825/868/825
f 826/869/826 825/868/825 834/877/834
f 834/877/834 835/878/835 826/869/826
f 827/870/827 826/869/826 835/878/835
f 835/878/835 836/879/836 827/870/827
f 828/871/828 827/870/827 836/879/836
f 836/879/836 837/880/837 828/871/828
f 829/872/829 828/871/828 837/880/837
f 837/880/837 838/881/838 829/872/829
f 830/873/830 829/872/829 838/881/838
f 838/881/838 839/882/839 830/873/830
f 832/875/832 831/874/831 840/883/840
f 840/883/840 841/884/841 832/875/832
f 833/876/833 832/875/832 841/884/841
f 841/884/841 842/885/842 833/876/833
f 834/877/834 833/876/833 842/885/842
f 842/885/842 843/886/843 834/877/834
f 835/878/835 834/877/834 843/886/843
f 843/886/843 844/887/844 835/878/835
f 836/879/836 835/878/835 844/887/844
f 844/887/844 845/888/845 836/879/836
f 837/880/837 836/879/836 845/888/845
f 845/888/845 846/889/846 837/880/837
f 838/881/838 837/880/837 846/889/846
f 846/889/846 847/890/847 838/881/838
f 839/882/839 838/881/838 847/890/847
f 847/890/847 848/891/848 839/882/839
f 841/884/841 840/883/840 849/892/849
f 849/892/849 850/893/850 841/884/841
f 842/885/842 841/884/841 850/893/850
f 850/893/850 851/894/851 842/885/842
f 843/886/843 842/885/842 851/894/851
f 851/894/851 852/895/852 843/886/843
f 844/887/844 843/886/843 852/895/852
f 852/895/852 853/896/853 844/887/844
f 845/888/845 844/887/844 853/896/853
f 853/896/853 854/897/854 845/888/845
f 846/889/846 845/888/845 854/897/854
f 854/897/854 855/898/855 846/889/846
f 847/890/847 846/889/846 855/898/855
f 855/898/855 856/899/856 847/890/847
f 848/891/848 847/890/847 856/899/856
f 856/899/856 857/900/857 848/891/848
f 785/828/785 794/837/794 858/901/858
f 785/828/785 858/901/858 859/902/859
f 785/828/785 859/902/859 860/903/860
f 785/828/785 860/903/860 861/904/861
f 785/828/785 861/904/861 862/905/862
f 785/828/785 862/905/862 863/906/863
f 785/828/785 863/906/863 864/907/864
f 785/828/785 864/907/864 865/908/865
f 858/901/858 794/837/794 803/846/803
f 803/846/803 866/909/866 858/901/858
f 859/902/859 858/901/858 866/909/866
f 866/909/866 867/910/867 859/902/859
f 860/903/860 859/902/859 867/910/867
f 867/910/867 868/911/868 860/903/860
f 861/904/861 860/903/860 868/911/868
f 868/911/868 869/912/869 861/904/861
f 862/905/862 861/904/861 869/912/869
f 869/912/869 870/913/870 862/905/862
f 863/906/863 862/905/862 870/913/870
f 870/913/870 871/914/871 863/906/863
f 864/907/864 863/906/863 871/914/871
f 871/914/871 872/915/872 864/907/864
f 865/908/865 864/907/864 872/915/872
f 872/915/872 873/916/873 865/908/865
f 866/909/866 803/846/803 812/855/812
f 812/855/812 874/917/874 866/909/866
f 867/910/867 866/909/866 874/917/874
f 874/917/874 875/918/875 867/910/867
f 868/911/868 867/910/867 875/918/875
f 875/918/875 876/919/876 868/911/868
f 869/912/869 868/911/868 876/919/876
f 876/919/876 877/920/877 869/912/869
f 870/913/870 869/912/869 877/920/877
f 877/920/877 878/921/878 870/913/870
f 871/914/871 870/913/870 878/921/878
f 878/921/878 879/922/879 871/914/871
f 872/915/872 871/914/871 879/922/879
f 879/922/879 880/923/880 872/915/872
f 873/916/873 872/915/872 880/923/880
f 880/923/880 881/924/881 873/916/873
f 874/917/874 812/855/812 821/864/821
f 821/864/821 882/925/882 874/917/874
f 875/918/875 874/917/874 882/925/882
f 882/925/882 883/926/883 875/918/875
f 876/919/876 875/918/875 883/926/883
f 883/926/883 884/927/884 876/919/876
f 877/920/877 876/919/876 884/927/884
f 884/927/884 885/928/885 877/920/877
f 878/921/878 877/920/877 885/928/885
f 885/928/885 886/929/886 878/921/878
f 879/922/879 878/921/878 886/929/886
f 886/929/886 887/930/887 879/922/879
f 880/923/880 879/922/879 887/930/887
f 887/930/887 888/931/888 880/923/880
f 881/924/881 880/923/880 888/931/888
f 888/931/888 889/932/889 881/924/881
f 882/925/882 821/864/821 830/873/830
f 830/873/830 890/933/890 882/925/882
f 883/926/883 882/925/882 890/933/890
f 890/933/890 891/934/891 883/926/883
f 884/927/884 883/926/883 891/934/891
f 891/934/891 892/935/892 884/927/884
f 885/928/885 884/927/884 892/935/892
f 892/935/892 893/936/893 885/928/885
f 886/929/886 885/928/885 893/936/893
f 893/936/893 894/937/894 886/929/886
f 887/930/887 886/929/886 894/937/894
f 894/937/894 895/938/895 887/930/887
f 888/931/888 887/930/887 895/938/895
f 895/938/895 896/939/896 888/931/888
f 889/932/889 888/931/888 896/939/896
f 896/939/896 897/940/897 889/932/889
f 890/933/890 830/873/830 839/882/839
f 839/882/839 898/941/898 890/933/890
f 891/934/891 890/933/890 898/941/898
f 898/941/898 899/942/899 891/934/891
f 892/935/892 891/934/891 899/942/899
f 899/942/899 900/943/900 892/935/892
f 893/936/893 892/935/892 900/943/900
f 900/943/900 901/944/901 893/936/893
f 894/937/894 893/936/893 901/944/901
f 901/944/901 902/945/902 894/937/894
f 895/938/895 894/937/894 902/945/902
f 902/945/902 903/946/903 895/938/895
f 896/939/896 895/938/895 903/946/903
f 903/946/903 904/947/904 896/939/896
f 897/940/897 896/939/896 904/947/904
f 904/947/904 905/948/905 897/940/897
f 898/941/898 839/882/839 848/891/848
f 848/891/848 906/949/906 898/941/898
f 899/942/899 898/941/898 906/949/906
f 906/949/906 907/950/907 899/942/899
f 900/943/900 899/942/899 907/950/907
f 907/950/907 908/951/908 900/943/900
f 901/944/901 900/943/900 908/951/908
f 908/951/908 909/952/909 901/944/901
f 902/945/902 901/944/901 909/952/909
f 909/952/909 910/953/910 902/945/902
f 903/946/903 902/945/902 910/953/910
f 910/953/910 911/954/911 903/946/903
f 904/947/904 903/946/903 911/954/911
f 911/954/911 912/955/912 904/947/904
f 905/948/905 904/947/904 912/955/912
f 912/955/912 913/956/913 905/948/905
f 906/949/906 848/891/848 857/900/857
f 857/900/857 914/957/914 906/949/906
f 907/950/907 906/949/906 914/957/914
f 914/957/914 915/958/915 907/950/907
f 908/951/908 907/950/907 915/958/915
f 915/958/915 916/959/916 908/951/908
f 909/952/909 908/951/908 916/959/916
f 916/959/916 917/960/917 909/952/909
f 910/953/910 909/952/909 917/960/917
f 917/960/917 918/961/918 910/953/910
f 911/954/911 910/953/910 918/961/918
f 918/961/918 919/962/919 911/954/911
f 912/955/912 911/954/911 919/962/919
f 919/962/919 920/963/920 912/955/912
f 913/956/913 912/955/912 920/963/920
f 920/963/920 921/964/921 913/956/913
f 922/965/922 785/828/785 923/966/923
f 923/966/923 785/828/785 924/967/924
f 924/967/924 785/828/785 925/968/925
f 925/968/925 785/828/785 926/969/926
f 926/969/926 785/828/785 927/970/927
f 927/970/927 785/828/785 928/971/928
f 928/971/928 785/828/785 929/972/929
f 929/972/929 785/828/785 865/908/865
f 930/973/930 922/965/922 923/966/923
f 923/966/923 931/974/931 930/973/930
f 931/974/931 923/966/923 924/967/924
f 924/967/924 932/975/932 931/974/931
f 932/975/932 924/967/924 925/968/925
f 925/968/925 933/976/933 932/975/932
f 933/976/933 925/968/925 926/969/926
f 926/969/926 934/977/934 933/976/933
f 934/977/934 926/969/926 927/970/927
f 927/970/927 935/978/935 934/977/934
f 935/978/935 927/970/927 928/971/928
f 928/971/928 936/979/936 935/978/935
f 936/979/936 928/971/928 929/972/929
f 929/972/929 937/980/937 936/979/936
f 937/980/937 929/972/929 865/908/865
f 865/908/865 873/916/873 937/980/937
f 938/981/938 930/973/930 931/974/931
f 931/974/931 939/982/939 938/981/938
f 939/982/939 931/974/931 932/975/932
f 932/975/932 940/983/940 939/982/939
f 940/983/940 932/975/932 933/976/933
f 933/976/933 941/984/941 940/983/940
f 941/984/941 933/976/933 934/977/934
f 934/977/934 942/985/942 941/984/941
f 942/985/942 934/977/934 935/978/935
f 935/978/935 943/986/943 942/985/942
f 943/986/943 935/978/935 936/979/936
f 936/979/936 944/987/944 943/986/943
f 944/987/944 936/979/936 937/980/937
f 937/980/937 945/988/945 944/987/944
f 945/988/945 937/980/937 873/916/873
f 873/916/873 881/924/881 945/988/945
f 946/989/946 938/981/938 939/982/939
f 939/982/939 947/990/947 946/989/946
f 947/990/947 939/982/939 940/983/940
f 940/983/940 948/991/948 947/990/947
f 948/991/948 940/983/940 941/984/941
f 941/984/941 949/992/949 948/991/948
f 949/992/949 941/984/941 942/985/942
f 942/985/942 950/993/950 949/992/949
f 950/993/950 942/985/942 943/986/943
f 943/986/943 951/994/951 950/993/950
f 951/994/951 943/986/943 944/987/944
f 944/987/944 952/995/952 951/994/951
f 952/995/952 944/987/944 945/988/945
f 945/988/945 953/996/953 952/995/952
f 953/996/953 945/988/945 881/924/881
f 881/924/881 889/932/889 953/996/953
f 954/997/954 946/989/946 947/990/947
f 947/990/947 955/998/955 954/997/954
f 955/998/955 947/990/947 948/991/948
f 948/991/948 956/999/956 955/998/955
f 956/999/956 948/991/948 949/992/949
f 949/992/949 957/1000/957 956/999/956
f 957/1000/957 949/992/949 950/993/950
f 950/993/950 958/1001/958 957/1000/957
f 958/1001/958 950/993/950 951/994/951
f 951/994/951 959/1002/959 958/1001/958
f 959/1002/959 951/994/951 952/995/952
f 952/995/952 960/1003/960 959/1002/959
f 960/1003/960 952/995/952 953/996/953
f 953/996/953 961/1004/961 960/1003/960
f 961/1004/961 953/996/953 889/932/889
f 889/932/889 897/940/897 961/1004/961
f 962/1005/962 954/997/954 955/998/955
f 955/998/955 963/1006/963 962/1005/962
f 963/1006/963 955/998/955 956/999/956
f 956/999/956 964/1007/964 963/1006/963
f 964/1007/964 956/999/956 957/1000/957
f 957/1000/957 965/1008/965 964/1007/964
f 965/1008/965 957/1000/957 958/1001/958
f 958/1001/958 966/1009/966 965/1008/965
f 966/1009/966 958/1001/958 959/1002/959
f 959/1002/959 967/1010/967 966/1009/966
f 967/1010/967 959/1002/959 960/1003/960
f 960/1003/960 968/1011/968 967/1010/967
f 968/1011/968 960/1003/960 961/1004/961
f 961/1004/961 969/1012/969 968/1011/968
f 969/1012/969 961/1004/961 897/940/897
f 897/940/897 905/948/905 969/1012/969
f 970/1013/970 962/1005/962 963/1006/963
f 963/1006/963 971/1014/971 970/1013/970
f 971/1014/971 963/1006/963 964/1007/964
f 964/1007/964 972/1015/972 971/1014/971
f 972/1015/972 964/1007/964 965/1008/965
f 965/1008/965 973/1016/973 972/1015/972
f 973/1016/973 965/1008/965 966/1009/966
f 966/1009/966 974/1017/974 973/1016/973
f 974/1017/974 966/1009/966 967/1010/967
f 967/1010/967 975/1018/975 974/1017/974
f 975/1018/975 967/1010/967 968/1011/968
f 968/1011/968 976/1019/976 975/1018/975
f 976/1019/976 968/1011/968 969/1012/969
f 969/1012/969 977/1020/977 976/1019/976
f 977/1020/977 969/1012/969 905/948/905
f 905/948/905 913/956/913 977/1020/977
f 978/1021/978 970/1013/970 971/1014/971
f 971/1014/971 979/1022/979 978/1021/978
f 979/1022/979 971/1014/971 972/1015/972
f 972/1015/972 980/1023/980 979/1022/979
f 980/1023/980 972/1015/972 973/1016/973
f 973/1016/973 981/1024/981 980/1023/980
f 981/1024/981 973/1016/973 974/1017/974
f 974/1017/974 982/1025/982 981/1024/981
f 982/1025/982 974/1017/974 975/1018/975
f 975/1018/975 983/1026/983 982/1025/982
f 983/1026/983 975/1018/975 976/1019/976
f 976/1019/976 984/1027/984 983/1026/983
f 984/1027/984 976/1019/976 977/1020/977
f 977/1020/977 985/1028/985 984/1027/984
f 985/1028/985 977/1020/977 913/956/913
f 913/956/913 921/964/921 985/1028/985
f 786/829/786 785/828/785 986/1029/986
f 986/1029/986 785/828/785 987/1030/987
f 987/1030/987 785/828/785 988/1031/988
f 988/1031/988 785/828/785 989/1032/989
f 989/1032/989 785/828/785 990/1033/990
f 990/1033/990 785/828/785 991/1034/991
f 991/1034/991 785/828/785 992/1035/992
f 992/1035/992 785/828/785 922/965/922
f 795/838/795 786/829/786 986/1029/986
f 986/1029/986 993/1036/993 795/838/795
f 993/1036/993 986/1029/986 987/1030/987
f 987/1030/987 994/1037/994 993/1036/993
f 994/1037/994 987/1030/987 988/1031/988
f 988/1031/988 995/1038/995 994/1037/994
f 995/1038/995 988/1031/988 989/1032/989
f 989/1032/989 996/1039/996 995/1038/995
f 996/1039/996 989/1032/989 990/1033/990
f 990/1033/990 997/1040/997 996/1039/996
f 997/1040/997 990/1033/990 991/1034/991
f 991/1034/991 998/1041/998 997/1040/997
f 998/1041/998 991/1034/991 992/1035/992
f 992/1035/992 999/1042/999 998/1041/998
f 999/1042/999 992/1035/992 922/965/922
f 922/965/922 930/973/930 999/1042/999
f 804/847/804 795/838/795 993/1036/993
f 993/1036/993 1000/1043/1000 804/847/804
f 1000/1043/1000 993/1036/993 994/1037/994
f 994/1037/994 1001/1044/1001 1000/1043/1000
f 1001/1044/1001 994/1037/994 995/1038/995
f 995/1038/995 1002/1045/1002 1001/1044/1001
f 1002/1045/1002 995/1038/995 996/1039/996
f 996/1039/996 1003/1046/1003 1002/1045/1002
f 1003/1046/1003 996/1039/996 997/1040/997
f 997/1040/997 1004/1047/1004 1003/1046/1003
f 1004/1047/1004 997/1040/997 998/1041/998
f 998/1041/998 1005/1048/1005 1004/1047/1004
f 1005/1048/1005 998/1041/998 999/1042/999
f 999/1042/999 1006/1049/1006 1005/1048/1005
f 1006/1049/1006 999/1042/999 930/973/930
f 930/973/930 938/981/938 1006/1049/1006
f 813/856/813 804/847/804 1000/1043/1000
f 1000/1043/1000 1007/1050/1007 813/856/813
f 1007/1050/1007 1000/1043/1000 1001/1044/1001
f 1001/1044/1001 1008/1051/1008 1007/1050/1007
f 1008/1051/1008 1001/1044/1001 1002/1045/1002
f 1002/1045/1002 1009/1052/1009 1008/1051/1008
f 1009/1052/1009 1002/1045/1002 1003/1046/1003
f 1003/1046/1003 1010/1053/1010 1009/1052/1009
f 1010/1053/1010 1003/1046/1003 1004/1047/1004
f 1004/1047/1004 1011/1054/1011 1010/1053/1010
f 1011/1054/1011 1004/1047/1004 1005/1048/1005
f 1005/1048/1005 1012/1055/1012 1011/1054/1011
f 1012/1055/1012 1005/1048/1005 1006/1049/1006
f 1006/1049/1006 1013/1056/1013 1012/1055/1012
f 1013/1056/1013 1006/1049/1006 938/981/938
f 938/981/938 946/989/946 1013/1056/1013
f 822/865/822 813/856/813 1007/1050/1007
f 1007/1050/1007 1014/1057/1014 822/865/822
f 1014/1057/1014 1007/1050/1007 1008/1051/1008
f 1008/1051/1008 1015/1058/1015 1014/1057/1014
f 1015/1058/1015 1008/1051/1008 1009/1052/1009
f 1009/1052/1009 1016/1059/1016 1015/1058/1015
f 1016/1059/1016 1009/1052/1009 1010/1053/1010
f 1010/1053/1010 1017/1060/1017 1016/1059/1016
f 1017/1060/1017 1010/1053/1010 1011/1054/1011
f 1011/1054/1011 1018/1061/1018 1017/1060/1017
f 1018/1061/1018 1011/1054/1011 1012/1055/1012
f 1012/1055/1012 1019/1062/1019 1018/1061/1018
f 1019/1062/1019 1012/1055/1012 1013/1056/1013
f 1013/1056/1013 1020/1063/1020 1019/1062/1019
f 1020/1063/1020 1013/1056/1013 946/989/946
f 946/989/946 954/997/954 1020/1063/1020
f 831/874/831 822/865/822 1014/1057/1014
f 1014/1057/1014 1021/1064/1021 831/874/831
f 1021/1064/1021 1014/1057/1014 1015/1058/1015
f 1015/1058/1015 1022/1065/1022 1021/1064/1021
f 1022/1065/1022 1015/1058/1015 1016/1059/1016
f 1016/1059/1016 1023/1066/1023 1022/1065/1022
f 1023/1066/1023 1016/1059/1016 1017/1060/1017
f 1017/1060/1017 1024/1067/1024 1023/1066/1023
f 1024/1067/1024 1017/1060/1017 1018/1061/1018
f 1018/1061/1018 1025/1068/1025 1024/1067/1024
f 1025/1068/1025 1018/1061/1018 1019/1062/1019
f 1019/1062/1019 1026/1069/1026 1025/1068/1025
f 1026/1069/1026 1019/1062/1019 1020/1063/1020
f 1020/1063/1020 1027/1070/1027 1026/1069/1026
f 1027/1070/1027 1020/1063/1020 954/997/954
f 954/997/954 962/1005/962 1027/1070/1027
f 840/883/840 831/874/831 1021/1064/1021
f 1021/1064/1021 1028/1071/1028 840/883/840
f 1028/1071/1028 1021/1064/1021 1022/1065/1022
f 1022/1065/1022 1029/1072/1029 1028/1071/1028
f 1029/1072/1029 1022/1065/1022 1023/1066/1023
f 1023/1066/1023 1030/1073/1030 1029/1072/1029
f 1030/1073/1030 1023/1066/1023 1024/1067/1024
f 1024/1067/1024 1031/1074/1031 1030/1073/1030
f 1031/1074/1031 1024/1067/1024 1025/1068/1025
f 1025/1068/1025 1032/1075/1032 1031/1074/1031
f 1032/1075/1032 1025/1068/1025 1026/1069/1026
f 1026/1069/1026 1033/1076/1033 1032/1075/1032
f 1033/1076/1033 1026/1069/1026 1027/1070/1027
f 1027/1070/1027 1034/1077/1034 1033/1076/1033
f 1034/1077/1034 1027/1070/1027 962/1005/962
f 962/1005/962 970/1013/970 1034/1077/1034
f 849/892/849 840/883/840 1028/1071/1028
f 1028/1071/1028 1035/1078/1035 849/892/849
f 1035/1078/1035 1028/1071/1028 1029/1072/1029
f 1029/1072/1029 1036/1079/1036 1035/1078/1035
f 1036/1079/1036 1029/1072/1029 1030/1073/1030
f 1030/1073/1030 1037/1080/1037 1036/1079/1036
f 1037/1080/1037 1030/1073/1030 1031/1074/1031
f 1031/1074/1031 1038/1081/1038 1037/1080/1037
f 1038/1081/1038 1031/1074/1031 1032/1075/1032
f 1032/1075/1032 1039/1082/1039 1038/1081/1038
f 1039/1082/1039 1032/1075/1032 1033/1076/1033
f 1033/1076/1033 1040/1083/1040 1039/1082/1039
f 1040/1083/1040 1033/1076/1033 1034/1077/1034
f 1034/1077/1034 1041/1084/1041 1040/1083/1040
f 1041/1084/1041 1034/1077/1034 970/1013/970
f 970/1013/970 978/1021/978 1041/1084/1041
f 850/1086/850 849/1085/849 1042/1094/1042
f 1042/1094/1042 1043/1095/1043 850/1086/850
f 851/1087/851 850/1086/850 1043/1095/1043
f 1043/1095/1043 1044/1096/1044 851/1087/851
f 852/1088/852 851/1087/851 1044/1096/1044
f 1044/1096/1044 1045/1097/1045 852/1088/852
f 853/1089/853 852/1088/852 1045/1097/1045
f 1045/1097/1045 1046/1098/1046 853/1089/853
f 854/1090/854 853/1089/853 1046/1098/1046
f 1046/1098/1046 1047/1099/1047 854/1090/854
f 855/1091/855 854/1090/854 1047/1099/1047
f 1047/1099/1047 1048/1100/1048 855/1091/855
f 856/1092/856 855/1091/855 1048/1100/1048
f 1048/1100/1048 1049/1101/1049 856/1092/856
f 857/1093/857 856/1092/856 1049/1101/1049
f 1049/1101/1049 1050/1102/1050 857/1093/857
f 1043/1095/1043 1042/1094/1042 1051/1103/1051
f 1051/1103/1051 1052/1104/1052 1043/1095/1043
f 1044/1096/1044 1043/1095/1043 1052/1104/1052
f 1052/1104/1052 1053/1105/1053 1044/1096/1044
f 1045/1097/1045 1044/1096/1044 1053/1105/1053
f 1053/1105/1053 1054/1106/1054 1045/1097/1045
f 1046/1098/1046 1045/1097/1045 1054/1106/1054
f 1054/1106/1054 1055/1107/1055 1046/1098/1046
f 1047/1099/1047 1046/1098/1046 1055/1107/1055
f 1055/1107/1055 1056/1108/1056 1047/1099/1047
f 1048/1100/1048 1047/1099/1047 1056/1108/1056
f 1056/1108/1056 1057/1109/1057 1048/1100/1048
f 1049/1101/1049 1048/1100/1048 1057/1109/1057
f 1057/1109/1057 1058/1110/1058 1049/1101/1049
f 1050/1102/1050 1049/1101/1049 1058/1110/1058
f 1058/1110/1058 1059/1111/1059 1050/1102/1050
f 1052/1104/1052 1051/1103/1051 1060/1112/1060
f 1060/1112/1060 1061/1113/1061 1052/1104/1052
f 1053/1105/1053 1052/1104/1052 1061/1113/1061
f 1061/1113/1061 1062/1114/1062 1053/1105/1053
f 1054/1106/1054 1053/1105/1053 1062/1114/1062
f 1062/1114/1062 1063/1115/1063 1054/1106/1054
f 1055/1107/1055 1054/1106/1054 1063/1115/1063
f 1063/1115/1063 1064/1116/1064 1055/1107/1055
f 1056/1108/1056 1055/1107/1055 1064/1116/1064
f 1064/1116/1064 1065/1117/1065 1056/1108/1056
f 1057/1109/1057 1056/1108/1056 1065/1117/1065
f 1065/1117/1065 1066/1118/1066 1057/1109/1057
f 1058/1110/1058 1057/1109/1057 1066/1118/1066
f 1066/1118/1066 1067/1119/1067 1058/1110/1058
f 1059/1111/1059 1058/1110/1058 1067/1119/1067
f 1067/1119/1067 1068/1120/1068 1059/1111/1059
f 1061/1113/1061 1060/1112/1060 1069/1121/1069
f 1069/1121/1069 1070/1122/1070 1061/1113/1061
f 1062/1114/1062 1061/1113/1061 1070/1122/1070
f 1070/1122/1070 1071/1123/1071 1062/1114/1062
f 1063/1115/1063 1062/1114/1062 1071/1123/1071
f 1071/1123/1071 1072/1124/1072 1063/1115/1063
f 1064/1116/1064 1063/1115/1063 1072/1124/1072
f 1072/1124/1072 1073/1125/1073 1064/1116/1064
f 1065/1117/1065 1064/1116/1064 1073/1125/1073
f 1073/1125/1073 1074/1126/1074 1065/1117/1065
f 1066/1118/1066 1065/1117/1065 1074/1126/1074
f 1074/1126/1074 1075/1127/1075 1066/1118/1066
f 1067/1119/1067 1066/1118/1066 1075/1127/1075
f 1075/1127/1075 1076/1128/1076 1067/1119/1067
f 1068/1120/1068 1067/1119/1067 1076/1128/1076
f 1076/1128/1076 1077/1129/1077 1068/1120/1068
f 1070/1122/1070 1069/1121/1069 1078/1130/1078
f 1078/1130/1078 1079/1131/1079 1070/1122/1070
f 1071/1123/1071 1070/1122/1070 1079/1131/1079
f 1079/1131/1079 1080/1132/1080 1071/1123/1071
f 1072/1124/1072 1071/1123/1071 1080/1132/1080
f 1080/1132/1080 1081/1133/1081 1072/1124/1072
f 1073/1125/1073 1072/1124/1072 1081/1133/1081
f 1081/1133/1081 1082/1134/1082 1073/1125/1073
f 1074/1126/1074 1073/1125/1073 1082/1134/1082
f 1082/1134/1082 1083/1135/1083 1074/1126/1074
f 1075/1127/1075 1074/1126/1074 1083/1135/1083
f 1083/1135/1083 1084/1136/1084 1075/1127/1075
f 1076/1128/1076 1075/1127/1075 1084/1136/1084
f 1084/1136/1084 1085/1137/1085 1076/1128/1076
f 1077/1129/1077 1076/1128/1076 1085/1137/1085
f 1085/1137/1085 1086/1138/1086 1077/1129/1077
f 1079/1131/1079 1078/1130/1078 1087/1139/1087
f 1087/1139/1087 1088/1140/1088 1079/1131/1079
f 1080/1132/1080 1079/1131/1079 1088/1140/1088
f 1088/1140/1088 1089/1141/1089 1080/1132/1080
f 1081/1133/1081 1080/1132/1080 1089/1141/1089
f 1089/1141/1089 1090/1142/1090 1081/1133/1081
f 1082/1134/1082 1081/1133/1081 1090/1142/1090
f 1090/1142/1090 1091/1143/1091 1082/1134/1082
f 1083/1135/1083 1082/1134/1082 1091/1143/1091
f 1091/1143/1091 1092/1144/1092 1083/1135/1083
f 1084/1136/1084 1083/1135/1083 1092/1144/1092
f 1092/1144/1092 1093/1145/1093 1084/1136/1084
f 1085/1137/1085 1084/1136/1084 1093/1145/1093
f 1093/1145/1093 1094/1146/1094 1085/1137/1085
f 1086/1138/1086 1085/1137/1085 1094/1146/1094
f 1094/1146/1094 1095/1147/1095 1086/1138/1086
f 1088/1140/1088 1087/1139/1087 1096/1148/1096
f 1096/1148/1096 1097/1149/1097 1088/1140/1088
f 1089/1141/1089 1088/1140/1088 1097/1149/1097
f 1097/1149/1097 1098/1150/1098 1089/1141/1089
f 1090/1142/1090 1089/1141/1089 1098/1150/1098
f 1098/1150/1098 1099/1151/1099 1090/1142/1090
f 1091/1143/1091 1090/1142/1090 1099/1151/1099
f 1099/1151/1099 1100/1152/1100 1091/1143/1091
f 1092/1144/1092 1091/1143/1091 1100/1152/1100
f 1100/1152/1100 1101/1153/1101 1092/1144/1092
f 1093/1145/1093 1092/1144/1092 1101/1153/1101
f 1101/1153/1101 1102/1154/1102 1093/1145/1093
f 1094/1146/1094 1093/1145/1093 1102/1154/1102
f 1102/1154/1102 1103/1155/1103 1094/1146/1094
f 1095/1147/1095 1094/1146/1094 1103/1155/1103
f 1103/1155/1103 1104/1156/1104 1095/1147/1095
f 1097/1149/1097 1096/1148/1096 1105/1157/1105
f 1105/1157/1105 1106/1158/1106 1097/1149/1097
f 1098/1150/1098 1097/1149/1097 1106/1158/1106
f 1106/1158/1106 1107/1159/1107 1098/1150/1098
f 1099/1151/1099 1098/1150/1098 1107/1159/1107
f 1107/1159/1107 1108/1160/1108 1099/1151/1099
f 1100/1152/1100 1099/1151/1099 1108/1160/1108
f 1108/1160/1108 1109/1161/1109 1100/1152/1100
f 1101/1153/1101 1100/1152/1100 1109/1161/1109
f 1109/1161/1109 1110/1162/1110 1101/1153/1101
f 1102/1154/1102 1101/1153/1101 1110/1162/1110
f 1110/1162/1110 1111/1163/1111 1102/1154/1102
f 1103/1155/1103 1102/1154/1102 1111/1163/1111
f 1111/1163/1111 1112/1164/1112 1103/1155/1103
f 1104/1156/1104 1103/1155/1103 1112/1164/1112
f 1112/1164/1112 1113/1165/1113 1104/1156/1104
f 914/1166/914 857/1093/857 1050/1102/1050
f 1050/1102/1050 1114/1174/1114 914/1166/914
f 915/1167/915 914/1166/914 1114/1174/1114
f 1114/1174/1114 1115/1175/1115 915/1167/915
f 916/1168/916 915/1167/915 1115/1175/1115
f 1115/1175/1115 1116/1176/1116 916/1168/916
f 917/1169/917 916/1168/916 1116/1176/1116
f 1116/1176/1116 1117/1177/1117 917/1169/917
f 918/1170/918 917/1169/917 1117/1177/1117
f 1117/1177/1117 1118/1178/1118 918/1170/918
f 919/1171/919 918/1170/918 1118/1178/1118
f 1118/1178/1118 1119/1179/1119 919/1171/919
f 920/1172/920 919/1171/919 1119/1179/1119
f 1119/1179/1119 1120/1180/1120 920/1172/920
f 921/1173/921 920/1172/920 1120/1180/1120
f 1120/1180/1120 1121/1181/1121 921/1173/921
f 1114/1174/1114 1050/1102/1050 1059/1111/1059
f 1059/1111/1059 1122/1182/1122 1114/1174/1114
f 1115/1175/1115 1114/1174/1114 1122/1182/1122
f 1122/1182/1122 1123/1183/1123 1115/1175/1115
f 1116/1176/1116 1115/1175/1115 1123/1183/1123
f 1123/1183/1123 1124/1184/1124 1116/1176/1116
f 1117/1177/1117 1116/1176/1116 1124/1184/1124
f 1124/1184/1124 1125/1185/1125 1117/1177/1117
f 1118/1178/1118 1117/1177/1117 1125/1185/1125
f 1125/1185/1125 1126/1186/1126 1118/1178/1118
f 1119/1179/1119 1118/1178/1118 1126/1186/1126
f 1126/1186/1126 1127/1187/1127 1119/1179/1119
f 1120/1180/1120 1119/1179/1119 1127/1187/1127
f 1127/1187/1127 1128/1188/1128 1120/1180/1120
f 1121/1181/1121 1120/1180/1120 1128/1188/1128
f 1128/1188/1128 1129/1189/1129 1121/1181/1121
f 1122/1182/1122 1059/1111/1059 1068/1120/1068
f 1068/1120/1068 1130/1190/1130 1122/1182/1122
f 1123/1183/1123 1122/1182/1122 1130/1190/1130
f 1130/1190/1130 1131/1191/1131 1123/1183/1123
f 1124/1184/1124 1123/1183/1123 1131/1191/1131
f 1131/1191/1131 1132/1192/1132 1124/1184/1124
f 1125/1185/1125 1124/1184/1124 1132/1192/1132
f 1132/1192/1132 1133/1193/1133 1125/1185/1125
f 1126/1186/1126 1125/1185/1125 1133/1193/1133
f 1133/1193/1133 1134/1194/1134 1126/1186/1126
f 1127/1187/1127 1126/1186/1126 1134/1194/1134
f 1134/1194/1134 1135/1195/1135 1127/1187/1127
f 1128/1188/1128 1127/1187/1127 1135/1195/1135
f 1135/1195/1135 1136/1196/1136 1128/1188/1128
f 1129/1189/1129 1128/1188/1128 1136/1196/1136
f 1136/1196/1136 1137/1197/1137 1129/1189/1129
f 1130/1190/1130 1068/1120/1068 1077/1129/1077
f 1077/1129/1077 1138/1198/1138 1130/1190/1130
f 1131/1191/1131 1130/1190/1130 1138/1198/1138
f 1138/1198/1138 1139/1199/1139 1131/1191/1131
f 1132/1192/1132 1131/1191/1131 1139/1199/1139
f 1139/1199/1139 1140/1200/1140 1132/1192/1132
f 1133/1193/1133 1132/1192/1132 1140/1200/1140
f 1140/1200/1140 1141/1201/1141 1133/1193/1133
f 1134/1194/1134 1133/1193/1133 1141/1201/1141
f 1141/1201/1141 1142/1202/1142 1134/1194/1134
f 1135/1195/1135 1134/1194/1134 1142/1202/1142
f 1142/1202/1142 1143/1203/1143 1135/1195/1135
f 1136/1196/1136 1135/1195/1135 1143/1203/1143
f 1143/1203/1143 1144/1204/1144 1136/1196/1136
f 1137/1197/1137 1136/1196/1136 1144/1204/1144
f 1144/1204/1144 1145/1205/1145 1137/1197/1137
f 1138/1198/1138 1077/1129/1077 1086/1138/1086
f 1086/1138/1086 1146/1206/1146 1138/1198/1138
f 1139/1199/1139 1138/1198/1138 1146/1206/1146
f 1146/1206/1146 1147/1207/1147 1139/1199/1139
f 1140/1200/1140 1139/1199/1139 1147/1207/1147
f 1147/1207/1147 1148/1208/1148 1140/1200/1140
f 1141/1201/1141 1140/1200/1140 1148/1208/1148
f 1148/1208/1148 1149/1209/1149 1141/1201/1141
f 1142/1202/1142 1141/1201/1141 1149/1209/1149
f 1149/1209/1149 1150/1210/1150 1142/1202/1142
f 1143/1203/1143 1142/1202/1142 1150/1210/1150
f 1150/1210/1150 1151/1211/1151 1143/1203/1143
f 1144/1204/1144 1143/1203/1143 1151/1211/1151
f 1151/1211/1151 1152/1212/1152 1144/1204/1144
f 1145/1205/1145 1144/1204/1144 1152/1212/1152
f 1152/1212/1152 1153/1213/1153 1145/1205/1145
f 1146/1206/1146 1086/1138/1086 1095/1147/1095
f 1095/1147/1095 1154/1214/1154 1146/1206/1146
f 1147/1207/1147 1146/1206/1146 1154/1214/1154
f 1154/1214/1154 1155/1215/1155 1147/1207/1147
f 1148/1208/1148 1147/1207/1147 1155/1215/1155
f 1155/1215/1155 1156/1216/1156 1148/1208/1148
f 1149/1209/1149 1148/1208/1148 1156/1216/1156
f 1156/1216/1156 1157/1217/1157 1149/1209/1149
f 1150/1210/1150 1149/1209/1149 1157/1217/1157
f 1157/1217/1157 1158/1218/1158 1150/1210/1150
f 1151/1211/1151 1150/1210/1150 1158/1218/1158
f 1158/1218/1158 1159/1219/1159 1151/1211/1151
f 1152/1212/1152 1151/1211/1151 1159/1219/1159
f 1159/1219/1159 1160/1220/1160 1152/1212/1152
f 1153/1213/1153 1152/1212/1152 1160/1220/1160
f 1160/1220/1160 1161/1221/1161 1153/1213/1153
f 1154/1214/1154 1095/1147/1095 1104/1156/1104
f 1104/1156/1104 1162/1222/1162 1154/1214/1154
f 1155/1215/1155 1154/1214/1154 1162/1222/1162
f 1162/1222/1162 1163/1223/1163 1155/1215/1155
f 1156/1216/1156 1155/1215/1155 1163/1223/1163
f 1163/1223/1163 1164/1224/1164 1156/1216/1156
f 1157/1217/1157 1156/1216/1156 1164/1224/1164
f 1164/1224/1164 1165/1225/1165 1157/1217/1157
f 1158/1218/1158 1157/1217/1157 1165/1225/1165
f 1165/1225/1165 1166/1226/1166 1158/1218/1158
f 1159/1219/1159 1158/1218/1158 1166/1226/1166
f 1166/1226/1166 1167/1227/1167 1159/1219/1159
f 1160/1220/1160 1159/1219/1159 1167/1227/1167
f 1167/1227/1167 1168/1228/1168 1160/1220/1160
f 1161/1221/1161 1160/1220/1160 1168/1228/1168
f 1168/1228/1168 1169/1229/1169 1161/1221/1161
f 1162/1222/1162 1104/1156/1104 1113/1165/1113
f 1113/1165/1113 1170/1230/1170 1162/1222/1162
f 1163/1223/1163 1162/1222/1162 1170/1230/1170
f 1170/1230/1170 1171/1231/1171 1163/1223/1163
f 1164/1224/1164 1163/1223/1163 1171/1231/1171
f 1171/1231/1171 1172/1232/1172 1164/1224/1164
f 1165/1225/1165 1164/1224/1164 1172/1232/1172
f 1172/1232/1172 1173/1233/1173 1165/1225/1165
f 1166/1226/1166 1165/1225/1165 1173/1233/1173
f 1173/1233/1173 1174/1234/1174 1166/1226/1166
f 1167/1227/1167 1166/1226/1166 1174/1234/1174
f 1174/1234/1174 1175/1235/1175 1167/1227/1167
f 1168/1228/1168 1167/1227/1167 1175/1235/1175
f 1175/1235/1175 1176/1236/1176 1168/1228/1168
f 1169/1229/1169 1168/1228/1168 1176/1236/1176
f 1176/1236/1176 1177/1237/1177 1169/1229/1169
f 1178/1246/1178 978/1238/978 979/1239/979
f 979/1239/979 1179/1247/1179 1178/1246/1178
f 1179/1247/1179 979/1239/979 980/1240/980
f 980/1240/980 1180/1248/1180 1179/1247/1179
f 1180/1248/1180 980/1240/980 981/1241/981
f 981/1241/981 1181/1249/1181 1180/1248/1180
f 1181/1249/1181 981/1241/981 982/1242/982
f 982/1242/982 1182/1250/1182 1181/1249/1181
f 1182/1250/1182 982/1242/982 983/1243/983
f 983/1243/983 1183/1251/1183 1182/1250/1182
f 1183/1251/1183 983/1243/983 984/1244/984
f 984/1244/984 1184/1252/1184 1183/1251/1183
f 1184/1252/1184 984/1244/984 985/1245/985
f 985/1245/985 1185/1253/1185 1184/1252/1184
f 1185/1253/1185 985/1245/985 921/1173/921
f 921/1173/921 1121/1181/1121 1185/1253/1185
f 1186/1254/1186 1178/1246/1178 1179/1247/1179
f 1179/1247/1179 1187/1255/1187 1186/1254/1186
f 1187/1255/1187 1179/1247/1179 1180/1248/1180
f 1180/1248/1180 1188/1256/1188 1187/1255/1187
f 1188/1256/1188 1180/1248/1180 1181/1249/1181
f 1181/1249/1181 1189/1257/1189 1188/1256/1188
f 1189/1257/1189 1181/1249/1181 1182/1250/1182
f 1182/1250/1182 1190/1258/1190 1189/1257/1189
f 1190/1258/1190 1182/1250/1182 1183/1251/1183
f 1183/1251/1183 1191/1259/1191 1190/1258/1190
f 1191/1259/1191 1183/1251/1183 1184/1252/1184
f 1184/1252/1184 1192/1260/1192 1191/1259/1191
f 1192/1260/1192 1184/1252/1184 1185/1253/1185
f 1185/1253/1185 1193/1261/1193 1192/1260/1192
f 1193/1261/1193 1185/1253/1185 1121/1181/1121
f 1121/1181/1121 1129/1189/1129 1193/1261/1193
f 1194/1262/1194 1186/1254/1186 1187/1255/1187
f 1187/1255/1187 1195/1263/1195 1194/1262/1194
f 1195/1263/1195 1187/1255/1187 1188/1256/1188
f 1188/1256/1188 1196/1264/1196 1195/1263/1195
f 1196/1264/1196 1188/1256/1188 1189/1257/1189
f 1189/1257/1189 1197/1265/1197 1196/1264/1196
f 1197/1265/1197 1189/1257/1189 1190/1258/1190
f 1190/1258/1190 1198/1266/1198 1197/1265/1197
f 1198/1266/1198 1190/1258/1190 1191/1259/1191
f 1191/1259/1191 1199/1267/1199 1198/1266/1198
f 1199/1267/1199 1191/1259/1191 1192/1260/1192
f 1192/1260/1192 1200/1268/1200 1199/1267/1199
f 1200/1268/1200 1192/1260/1192 1193/1261/1193
f 1193/1261/1193 1201/1269/1201 1200/1268/1200
f 1201/1269/1201 1193/1261/1193 1129/1189/1129
f 1129/1189/1129 1137/1197/1137 1201/1269/1201
f 1202/1270/1202 1194/1262/1194 1195/1263/1195
f 1195/1263/1195 1203/1271/1203 1202/1270/1202
f 1203/1271/1203 1195/1263/1195 1196/1264/1196
f 1196/1264/1196 1204/1272/1204 1203/1271/1203
f 1204/1272/1204 1196/1264/1196 1197/1265/1197
f 1197/1265/1197 1205/1273/1205 1204/1272/1204
f 1205/1273/1205 1197/1265/1197 1198/1266/1198
f 1198/1266/1198 1206/1274/1206 1205/1273/1205
f 1206/1274/1206 1198/1266/1198 1199/1267/1199
f 1199/1267/1199 1207/1275/1207 1206/1274/1206
f 1207/1275/1207 1199/1267/1199 1200/1268/1200
f 1200/1268/1200 1208/1276/1208 1207/1275/1207
f 1208/1276/1208 1200/1268/1200 1201/1269/1201
f 1201/1269/1201 1209/1277/1209 1208/1276/1208
f 1209/1277/1209 1201/1269/1201 1137/1197/1137
f 1137/1197/1137 1145/1205/1145 1209/1277/1209
f 1210/1278/1210 1202/1270/1202 1203/1271/1203
f 1203/1271/1203 1211/1279/1211 1210/1278/1210
f 1211/1279/1211 1203/1271/1203 1204/1272/1204
f 1204/1272/1204 1212/1280/1212 1211/1279/1211
f 1212/1280/1212 1204/1272/1204 1205/1273/1205
f 1205/1273/1205 1213/1281/1213 1212/1280/1212
f 1213/1281/1213 1205/1273/1205 1206/1274/1206
f 1206/1274/1206 1214/1282/1214 1213/1281/1213
f 1214/1282/1214 1206/1274/1206 1207/1275/1207
f 1207/1275/1207 1215/1283/1215 1214/1282/1214
f 1215/1283/1215 1207/1275/1207 1208/1276/1208
f 1208/1276/1208 1216/1284/1216 1215/1283/1215
f 1216/1284/1216 1208/1276/1208 1209/1277/1209
f 1209/1277/1209 1217/1285/1217 1216/1284/1216
f 1217/1285/1217 1209/1277/1209 1145/1205/1145
f 1145/1205/1145 1153/1213/1153 1217/1285/1217
f 1218/1286/1218 1210/1278/1210 1211/1279/1211
f 1211/1279/1211 1219/1287/1219 1218/1286/1218
f 1219/1287/1219 1211/1279/1211 1212/1280/1212
f 1212/1280/1212 1220/1288/1220 1219/1287/1219
f 1220/1288/1220 1212/1280/1212 1213/1281/1213
f 1213/1281/1213 1221/1289/1221 1220/1288/1220
f 1221/1289/1221 1213/1281/1213 1214/1282/1214
f 1214/1282/1214 1222/1290/1222 1221/1289/1221
f 1222/1290/1222 1214/1282/1214 1215/1283/1215
f 1215/1283/1215 1223/1291/1223 1222/1290/1222
f 1223/1291/1223 1215/1283/1215 1216/1284/1216
f 1216/1284/1216 1224/1292/1224 1223/1291/1223
f 1224/1292/1224 1216/1284/1216 1217/1285/1217
f 1217/1285/1217 1225/1293/1225 1224/1292/1224
f 1225/1293/1225 1217/1285/1217 1153/1213/1153
f 1153/1213/1153 1161/1221/1161 1225/1293/1225
f 1226/1294/1226 1218/1286/1218 1219/1287/1219
f 1219/1287/1219 1227/1295/1227 1226/1294/1226
f 1227/1295/1227 1219/1287/1219 1220/1288/1220
f 1220/1288/1220 1228/1296/1228 1227/1295/1227
f 1228/1296/1228 1220/1288/1220 1221/1289/1221
f 1221/1289/1221 1229/1297/1229 1228/1296/1228
f 1229/1297/1229 1221/1289/1221 1222/1290/1222
f 1222/1290/1222 1230/1298/1230 1229/1297/1229
f 1230/1298/1230 1222/1290/1222 1223/1291/1223
f 1223/1291/1223 1231/1299/1231 1230/1298/1230
f 1231/1299/1231 1223/1291/1223 1224/1292/1224
f 1224/1292/1224 1232/1300/1232 1231/1299/1231
f 1232/1300/1232 1224/1292/1224 1225/1293/1225
f 1225/1293/1225 1233/1301/1233 1232/1300/1232
f 1233/1301/1233 1225/1293/1225 1161/1221/1161
f 1161/1221/1161 1169/1229/1169 1233/1301/1233
f 1234/1302/1234 1226/1294/1226 1227/1295/1227
f 1227/1295/1227 1235/1303/1235 1234/1302/1234
f 1235/1303/1235 1227/1295/1227 1228/1296/1228
f 1228/1296/1228 1236/1304/1236 1235/1303/1235
f 1236/1304/1236 1228/1296/1228 1229/1297/1229
f 1229/1297/1229 1237/1305/1237 1236/1304/1236
f 1237/1305/1237 1229/1297/1229 1230/1298/1230
f 1230/1298/1230 1238/1306/1238 1237/1305/1237
f 1238/1306/1238 1230/1298/1230 1231/1299/1231
f 1231/1299/1231 1239/1307/1239 1238/1306/1238
f 1239/1307/1239 1231/1299/1231 1232/1300/1232
f 1232/1300/1232 1240/1308/1240 1239/1307/1239
f 1240/1308/1240 1232/1300/1232 1233/1301/1233
f 1233/1301/1233 1241/1309/1241 1240/1308/1240
f 1241/1309/1241 1233/1301/1233 1169/1229/1169
f 1169/1229/1169 1177/1237/1177 1241/1309/1241
f 1042/1094/1042 849/1085/849 1035/1310/1035
f 1035/1310/1035 1242/1317/1242 1042/1094/1042
f 1242/1317/1242 1035/1310/1035 1036/1311/1036
f 1036/1311/1036 1243/1318/1243 1242/1317/1242
f 1243/1318/1243 1036/1311/1036 1037/1312/1037
f 1037/1312/1037 1244/1319/1244 1243/1318/1243
f 1244/1319/1244 1037/1312/1037 1038/1313/1038
f 1038/1313/1038 1245/1320/1245 1244/1319/1244
f 1245/1320/1245 1038/1313/1038 1039/1314/1039
f 1039/1314/1039 1246/1321/1246 1245/1320/1245
f 1246/1321/1246 1039/1314/1039 1040/1315/1040
f 1040/1315/1040 1247/1322/1247 1246/1321/1246
f 1247/1322/1247 1040/1315/1040 1041/1316/1041
f 1041/1316/1041 1248/1323/1248 1247/1322/1247
f 1248/1323/1248 1041/1316/1041 978/1238/978
f 978/1238/978 1178/1246/1178 1248/1323/1248
f 1051/1103/1051 1042/1094/1042 1242/1317/1242
f 1242/1317/1242 1249/1324/1249 1051/1103/1051
f 1249/1324/1249 1242/1317/1242 1243/1318/1243
f 1243/1318/1243 1250/1325/1250 1249/1324/1249
f 1250/1325/1250 1243/1318/1243 1244/1319/1244
f 1244/1319/1244 1251/1326/1251 1250/1325/1250
f 1251/1326/1251 1244/1319/1244 1245/1320/1245
f 1245/1320/1245 1252/1327/1252 1251/1326/1251
f 1252/1327/1252 1245/1320/1245 1246/1321/1246
f 1246/1321/1246 1253/1328/1253 1252/1327/1252
f 1253/1328/1253 1246/1321/1246 1247/1322/1247
f 1247/1322/1247 1254/1329/1254 1253/1328/1253
f 1254/1329/1254 1247/1322/1247 1248/1323/1248
f 1248/1323/1248 1255/1330/1255 1254/1329/1254
f 1255/1330/1255 1248/1323/1248 1178/1246/1178
f 1178/1246/1178 1186/1254/1186 1255/1330/1255
f 1060/1112/1060 1051/1103/1051 1249/1324/1249
f 1249/1324/1249 1256/1331/1256 1060/1112/1060
f 1256/1331/1256 1249/1324/1249 1250/1325/1250
f 1250/1325/1250 1257/1332/1257 1256/1331/1256
f 1257/1332/1257 1250/1325/1250 1251/1326/1251
f 1251/1326/1251 1258/1333/1258 1257/1332/1257
f 1258/1333/1258 1251/1326/1251 1252/1327/1252
f 1252/1327/1252 1259/1334/1259 1258/1333/1258
f 1259/1334/1259 1252/1327/1252 1253/1328/1253
f 1253/1328/1253 1260/1335/1260 1259/1334/1259
f 1260/1335/1260 1253/1328/1253 1254/1329/1254
f 1254/1329/1254 1261/1336/1261 1260/1335/1260
f 1261/1336/1261 1254/1329/1254 1255/1330/1255
f 1255/1330/1255 1262/1337/1262 1261/1336/1261
f 1262/1337/1262 1255/1330/1255 1186/1254/1186
f 1186/1254/1186 1194/1262/1194 1262/1337/1262
f 1069/1121/1069 1060/1112/1060 1256/1331/1256
f 1256/1331/1256 1263/1338/1263 1069/1121/1069
f 1263/1338/1263 1256/1331/1256 1257/1332/1257
f 1257/1332/1257 1264/1339/1264 1263/1338/1263
f 1264/1339/1264 1257/1332/1257 1258/1333/1258
f 1258/1333/1258 1265/1340/1265 1264/1339/1264
f 1265/1340/1265 1258/1333/1258 1259/1334/1259
f 1259/1334/1259 1266/1341/1266 1265/1340/1265
f 1266/1341/1266 1259/1334/1259 1260/1335/1260
f 1260/1335/1260 1267/1342/1267 1266/1341/1266
f 1267/1342/1267 1260/1335/1260 1261/1336/1261
f 1261/1336/1261 1268/1343/1268 1267/1342/1267
f 1268/1343/1268 1261/1336/1261 1262/1337/1262
f 1262/1337/1262 1269/1344/1269 1268/1343/1268
f 1269/1344/1269 1262/1337/1262 1194/1262/1194
f 1194/1262/1194 1202/1270/1202 1269/1344/1269
f 1078/1130/1078 1069/1121/1069 1263/1338/1263
f 1263/1338/1263 1270/1345/1270 1078/1130/1078
f 1270/1345/1270 1263/1338/1263 1264/1339/1264
f 1264/1339/1264 1271/1346/1271 1270/1345/1270
f 1271/1346/1271 1264/1339/1264 1265/1340/1265
f 1265/1340/1265 1272/1347/1272 1271/1346/1271
f 1272/1347/1272 1265/1340/1265 1266/1341/1266
f 1266/1341/1266 1273/1348/1273 1272/1347/1272
f 1273/1348/1273 1266/1341/1266 1267/1342/1267
f 1267/1342/1267 1274/1349/1274 1273/1348/1273
f 1274/1349/1274 1267/1342/1267 1268/1343/1268
f 1268/1343/1268 1275/1350/1275 1274/1349/1274
f 1275/1350/1275 1268/1343/1268 1269/1344/1269
f 1269/1344/1269 1276/1351/1276 1275/1350/1275
f 1276/1351/1276 1269/1344/1269 1202/1270/1202
f 1202/1270/1202 1210/1278/1210 1276/1351/1276
f 1087/1139/1087 1078/1130/1078 1270/1345/1270
f 1270/1345/1270 1277/1352/1277 1087/1139/1087
f 1277/1352/1277 1270/1345/1270 1271/1346/1271
f 1271/1346/1271 1278/1353/1278 1277/1352/1277
f 1278/1353/1278 1271/1346/1271 1272/1347/1272
f 1272/1347/1272 1279/1354/1279 1278/1353/1278
f 1279/1354/1279 1272/1347/1272 1273/1348/1273
f 1273/1348/1273 1280/1355/1280 1279/1354/1279
f 1280/1355/1280 1273/1348/1273 1274/1349/1274
f 1274/1349/1274 1281/1356/1281 1280/1355/1280
f 1281/1356/1281 1274/1349/1274 1275/1350/1275
f 1275/1350/1275 1282/1357/1282 1281/1356/1281
f 1282/1357/1282 1275/1350/1275 1276/1351/1276
f 1276/1351/1276 1283/1358/1283 1282/1357/1282
f 1283/1358/1283 1276/1351/1276 1210/1278/1210
f 1210/1278/1210 1218/1286/1218 1283/1358/1283
f 1096/1148/1096 1087/1139/1087 1277/1352/1277
f 1277/1352/1277 1284/1359/1284 1096/1148/1096
f 1284/1359/1284 1277/1352/1277 1278/1353/1278
f 1278/1353/1278 1285/1360/1285 1284/1359/1284
f 1285/1360/1285 1278/1353/1278 1279/1354/1279
f 1279/1354/1279 1286/1361/1286 1285/1360/1285
f 1286/1361/1286 1279/1354/1279 1280/1355/1280
f 1280/1355/1280 1287/1362/1287 1286/1361/1286
f 1287/1362/1287 1280/1355/1280 1281/1356/1281
f 1281/1356/1281 1288/1363/1288 1287/1362/1287
f 1288/1363/1288 1281/1356/1281 1282/1357/1282
f 1282/1357/1282 1289/1364/1289 1288/1363/1288
f 1289/1364/1289 1282/1357/1282 1283/1358/1283
f 1283/1358/1283 1290/1365/1290 1289/1364/1289
f 1290/1365/1290 1283/1358/1283 1218/1286/1218
f 1218/1286/1218 1226/1294/1226 1290/1365/1290
f 1105/1157/1105 1096/1148/1096 1284/1359/1284
f 1284/1359/1284 1291/1366/1291 1105/1157/1105
f 1291/1366/1291 1284/1359/1284 1285/1360/1285
f 1285/1360/1285 1292/1367/1292 1291/1366/1291
f 1292/1367/1292 1285/1360/1285 1286/1361/1286
f 1286/1361/1286 1293/1368/1293 1292/1367/1292
f 1293/1368/1293 1286/1361/1286 1287/1362/1287
f 1287/1362/1287 1294/1369/1294 1293/1368/1293
f 1294/1369/1294 1287/1362/1287 1288/1363/1288
f 1288/1363/1288 1295/1370/1295 1294/1369/1294
f 1295/1370/1295 1288/1363/1288 1289/1364/1289
f 1289/1364/1289 1296/1371/1296 1295/1370/1295
f 1296/1371/1296 1289/1364/1289 1290/1365/1290
f 1290/1365/1290 1297/1372/1297 1296/1371/1296
f 1297/1372/1297 1290/1365/1290 1226/1294/1226
f 1226/1294/1226 1234/1302/1234 1297/1372/1297
f 1299/1374/1299 1298/1373/1298 1307/1382/1307
f 1307/1382/1307 1308/1383/1308 1299/1374/1299
f 1300/1375/1300 1299/1374/1299 1308/1383/1308
f 1308/1383/1308 1309/1384/1309 1300/1375/1300
f 1301/1376/1301 1300/1375/1300 1309/1384/1309
f 1309/1384/1309 1310/1385/1310 1301/1376/1301
f 1302/1377/1302 1301/1376/1301 1310/1385/1310
f 1310/1385/1310 1311/1386/1311 1302/1377/1302
f 1303/1378/1303 1302/1377/1302 1311/1386/1311
f 1311/1386/1311 1312/1387/1312 1303/1378/1303
f 1304/1379/1304 1303/1378/1303 1312/1387/1312
f 1312/1387/1312 1313/1388/1313 1304/1379/1304
f 1305/1380/1305 1304/1379/1304 1313/1388/1313
f 1313/1388/1313 1314/1389/1314 1305/1380/1305
f 1306/1381/1306 1305/1380/1305 1314/1389/1314
f 1314/1389/1314 1315/1390/1315 1306/1381/1306
f 1308/1383/1308 1307/1382/1307 1316/1391/1316
f 1316/1391/1316 1317/1392/1317 1308/1383/1308
f 1309/1384/1309 1308/1383/1308 1317/1392/1317
f 1317/1392/1317 1318/1393/1318 1309/1384/1309
f 1310/1385/1310 1309/1384/1309 1318/1393/1318
f 1318/1393/1318 1319/1394/1319 1310/1385/1310
f 1311/1386/1311 1310/1385/1310 1319/1394/1319
f 1319/1394/1319 1320/1395/1320 1311/1386/1311
f 1312/1387/1312 1311/1386/1311 1320/1395/1320
f 1320/1395/1320 1321/1396/1321 1312/1387/1312
f 1313/1388/1313 1312/1387/1312 1321/1396/1321
f 1321/1396/1321 1322/1397/1322 1313/1388/1313
f 1314/1389/1314 1313/1388/1313 1322/1397/1322
f 1322/1397/1322 1323/1398/1323 1314/1389/1314
f 1315/1390/1315 1314/1389/1314 1323/1398/1323
f 1323/1398/1323 1324/1399/1324 1315/1390/1315
f 1317/1392/1317 1316/1391/1316 1325/1400/1325
f 1325/1400/1325 1326/1401/1326 1317/1392/1317
f 1318/1393/1318 1317/1392/1317 1326/1401/1326
f 1326/1401/1326 1327/1402/1327 1318/1393/1318
f 1319/1394/1319 1318/1393/1318 1327/1402/1327
f 1327/1402/1327 1328/1403/1328 1319/1394/1319
f 1320/1395/1320 1319/1394/1319 1328/1403/1328
f 1328/1403/1328 1329/1404/1329 1320/1395/1320
f 1321/1396/1321 1320/1395/1320 1329/1404/1329
f 1329/1404/1329 1330/1405/1330 1321/1396/1321
f 1322/1397/1322 1321/1396/1321 1330/1405/1330
f 1330/1405/1330 1331/1406/1331 1322/1397/1322
f 1323/1398/1323 1322/1397/1322 1331/1406/1331
f 1331/1406/1331 1332/1407/1332 1323/1398/1323
f 1324/1399/1324 1323/1398/1323 1332/1407/1332
f 1332/1407/1332 1333/1408/1333 1324/1399/1324
f 1326/1401/1326 1325/1400/1325 1334/1409/1334
f 1334/1409/1334 1335/1410/1335 1326/1401/1326
f 1327/1402/1327 1326/1401/1326 1335/1410/1335
f 1335/1410/1335 1336/1411/1336 1327/1402/1327
f 1328/1403/1328 1327/1402/1327 1336/1411/1336
f 1336/1411/1336 1337/1412/1337 1328/1403/1328
f 1329/1404/1329 1328/1403/1328 1337/1412/1337
f 1337/1412/1337 1338/1413/1338 1329/1404/1329
f 1330/1405/1330 1329/1404/1329 1338/1413/1338
f 1338/1413/1338 1339/1414/1339 1330/1405/1330
f 1331/1406/1331 1330/1405/1330 1339/1414/1339
f 1339/1414/1339 1340/1415/1340 1331/1406/1331
f 1332/1407/1332 1331/1406/1331 1340/1415/1340
f 1340/1415/1340 1341/1416/1341 1332/1407/1332
f 1333/1408/1333 1332/1407/1332 1341/1416/1341
f 1341/1416/1341 1342/1417/1342 1333/1408/1333
f 1335/1410/1335 1334/1409/1334 1343/1418/1343
f 1343/1418/1343 1344/1419/1344 1335/1410/1335
f 1336/1411/1336 1335/1410/1335 1344/1419/1344
f 1344/1419/1344 1345/1420/1345 1336/1411/1336
f 1337/1412/1337 1336/1411/1336 1345/1420/1345
f 1345/1420/1345 1346/1421/1346 1337/1412/1337
f 1338/1413/1338 1337/1412/1337 1346/1421/1346
f 1346/1421/1346 1347/1422/1347 1338/1413/1338
f 1339/1414/1339 1338/1413/1338 1347/1422/1347
f 1347/1422/1347 1348/1423/1348 1339/1414/1339
f 1340/1415/1340 1339/1414/1339 1348/1423/1348
f 1348/1423/1348 1349/1424/1349 1340/1415/1340
f 1341/1416/1341 1340/1415/1340 1349/1424/1349
f 1349/1424/1349 1350/1425/1350 1341/1416/1341
f 1342/1417/1342 1341/1416/1341 1350/1425/1350
f 1350/1425/1350 1351/1426/1351 1342/1417/1342
f 1344/1419/1344 1343/1418/1343 1352/1427/1352
f 1352/1427/1352 1353/1428/1353 1344/1419/1344
f 1345/1420/1345 1344/1419/1344 1353/1428/1353
f 1353/1428/1353 1354/1429/1354 1345/1420/1345
f 1346/1421/1346 1345/1420/1345 1354/1429/1354
f 1354/1429/1354 1355/1430/1355 1346/1421/1346
f 1347/1422/1347 1346/1421/1346 1355/1430/1355
f 1355/1430/1355 1356/1431/1356 1347/1422/1347
f 1348/1423/1348 1347/1422/1347 1356/1431/1356
f 1356/1431/1356 1357/1432/1357 1348/1423/1348
f 1349/1424/1349 1348/1423/1348 1357/1432/1357
f 1357/1432/1357 1358/1433/1358 1349/1424/1349
f 1350/1425/1350 1349/1424/1349 1358/1433/1358
f 1358/1433/1358 1359/1434/1359 1350/1425/1350
f 1351/1426/1351 1350/1425/1350 1359/1434/1359
f 1359/1434/1359 1360/1435/1360 1351/1426/1351
f 1353/1428/1353 1352/1427/1352 1361/1436/1361
f 1361/1436/1361 1362/1437/1362 1353/1428/1353
f 1354/1429/1354 1353/1428/1353 1362/1437/1362
f 1362/1437/1362 1363/1438/1363 1354/1429/1354
f 1355/1430/1355 1354/1429/1354 1363/1438/1363
f 1363/1438/1363 1364/1439/1364 1355/1430/1355
f 1356/1431/1356 1355/1430/1355 1364/1439/1364
f 1364/1439/1364 1365/1440/1365 1356/1431/1356
f 1357/1432/1357 1356/1431/1356 1365/1440/1365
f 1365/1440/1365 1366/1441/1366 1357/1432/1357
f 1358/1433/1358 1357/1432/1357 1366/1441/1366
f 1366/1441/1366 1367/1442/1367 1358/1433/1358
f 1359/1434/1359 1358/1433/1358 1367/1442/1367
f 1367/1442/1367 1368/1443/1368 1359/1434/1359
f 1360/1435/1360 1359/1434/1359 1368/1443/1368
f 1368/1443/1368 1369/1444/1369 1360/1435/1360
f 1362/1437/1362 1361/1436/1361 1370/1445/1370
f 1370/1445/1370 1371/1446/1371 1362/1437/1362
f 1363/1438/1363 1362/1437/1362 1371/1446/1371
f 1371/1446/1371 1372/1447/1372 1363/1438/1363
f 1364/1439/1364 1363/1438/1363 1372/1447/1372
f 1372/1447/1372 1373/1448/1373 1364/1439/1364
f 1365/1440/1365 1364/1439/1364 1373/1448/1373
f 1373/1448/1373 1374/1449/1374 1365/1440/1365
f 1366/1441/1366 1365/1440/1365 1374/1449/1374
f 1374/1449/1374 1375/1450/1375 1366/1441/1366
f 1367/1442/1367 1366/1441/1366 1375/1450/1375
f 1375/1450/1375 1376/1451/1376 1367/1442/1367
f 1368/1443/1368 1367/1442/1367 1376/1451/1376
f 1376/1451/1376 1377/1452/1377 1368/1443/1368
f 1369/1444/1369 1368/1443/1368 1377/1452/1377
f 1377/1452/1377 1378/1453/1378 1369/1444/1369
f 1379/1454/1379 1306/1381/1306 1315/1390/1315
f 1315/1390/1315 1387/1462/1387 1379/1454/1379
f 1380/1455/1380 1379/1454/1379 1387/1462/1387
f 1387/1462/1387 1388/1463/1388 1380/1455/1380
f 1381/1456/1381 1380/1455/1380 1388/1463/1388
f 1388/1463/1388 1389/1464/1389 1381/1456/1381
f 1382/1457/1382 1381/1456/1381 1389/1464/1389
f 1389/1464/1389 1390/1465/1390 1382/1457/1382
f 1383/1458/1383 1382/1457/1382 1390/1465/1390
f 1390/1465/1390 1391/1466/1391 1383/1458/1383
f 1384/1459/1384 1383/1458/1383 1391/1466/1391
f 1391/1466/1391 1392/1467/1392 1384/1459/1384
f 1385/1460/1385 1384/1459/1384 1392/1467/1392
f 1392/1467/1392 1393/1468/1393 1385/1460/1385
f 1386/1461/1386 1385/1460/1385 1393/1468/1393
f 1393/1468/1393 1394/1469/1394 1386/1461/1386
f 1387/1462/1387 1315/1390/1315 1324/1399/1324
f 1324/1399/1324 1395/1470/1395 1387/1462/1387
f 1388/1463/1388 1387/1462/1387 1395/1470/1395
f 1395/1470/1395 1396/1471/1396 1388/1463/1388
f 1389/1464/1389 1388/1463/1388 1396/1471/1396
f 1396/1471/1396 1397/1472/1397 1389/1464/1389
f 1390/1465/1390 1389/1464/1389 1397/1472/1397
f 1397/1472/1397 1398/1473/1398 1390/1465/1390
f 1391/1466/1391 1390/1465/1390 1398/1473/1398
f 1398/1473/1398 1399/1474/1399 1391/1466/1391
f 1392/1467/1392 1391/1466/1391 1399/1474/1399
f 1399/1474/1399 1400/1475/1400 1392/1467/1392
f 1393/1468/1393 1392/1467/1392 1400/1475/1400
f 1400/1475/1400 1401/1476/1401 1393/1468/1393
f 1394/1469/1394 1393/1468/1393 1401/1476/1401
f 1401/1476/1401 1402/1477/1402 1394/1469/1394
f 1395/1470/1395 1324/1399/1324 1333/1408/1333
f 1333/1408/1333 1403/1478/1403 1395/1470/1395
f 1396/1471/1396 1395/1470/1395 1403/1478/1403
f 1403/1478/1403 1404/1479/1404 1396/1471/1396
f 1397/1472/1397 1396/1471/1396 1404/1479/1404
f 1404/1479/1404 1405/1480/1405 1397/1472/1397
f 1398/1473/1398 1397/1472/1397 1405/1480/1405
f 1405/1480/1405 1406/1481/1406 1398/1473/1398
f 1399/1474/1399 1398/1473/1398 1406/1481/1406
f 1406/1481/1406 1407/1482/1407 1399/1474/1399
f 1400/1475/1400 1399/1474/1399 1407/1482/1407
f 1407/1482/1407 1408/1483/1408 1400/1475/1400
f 1401/1476/1401 1400/1475/1400 1408/1483/1408
f 1408/1483/1408 1409/1484/1409 1401/1476/1401
f 1402/1477/1402 1401/1476/1401 1409/1484/1409
f 1409/1484/1409 1410/1485/1410 1402/1477/1402
f 1403/1478/1403 1333/1408/1333 1342/1417/1342
f 1342/1417/1342 1411/1486/1411 1403/1478/1403
f 1404/1479/1404 1403/1478/1403 1411/1486/1411
f 1411/1486/1411 1412/1487/1412 1404/1479/1404
f 1405/1480/1405 1404/1479/1404 1412/1487/1412
f 1412/1487/1412 1413/1488/1413 1405/1480/1405
f 1406/1481/1406 1405/1480/1405 1413/1488/1413
f 1413/1488/1413 1414/1489/1414 1406/1481/1406
f 1407/1482/1407 1406/1481/1406 1414/1489/1414
f 1414/1489/1414 1415/1490/1415 1407/1482/1407
f 1408/1483/1408 1407/1482/1407 1415/1490/1415
f 1415/1490/1415 1416/1491/1416 1408/1483/1408
f 1409/1484/1409 1408/1483/1408 1416/1491/1416
f 1416/1491/1416 1417/1492/1417 1409/1484/1409
f 1410/1485/1410 1409/1484/1409 1417/1492/1417
f 1417/1492/1417 1418/1493/1418 1410/1485/1410
f 1411/1486/1411 1342/1417/1342 1351/1426/1351
f 1351/1426/1351 1419/1494/1419 1411/1486/1411
f 1412/1487/1412 1411/1486/1411 1419/1494/1419
f 1419/1494/1419 1420/1495/1420 1412/1487/1412
f 1413/1488/1413 1412/1487/1412 1420/1495/1420
f 1420/1495/1420 1421/1496/1421 1413/1488/1413
f 1414/1489/1414 1413/1488/1413 1421/1496/1421
f 1421/1496/1421 1422/1497/1422 1414/1489/1414
f 1415/1490/1415 1414/1489/1414 1422/1497/1422
f 1422/1497/1422 1423/1498/1423 1415/1490/1415
f 1416/1491/1416 1415/1490/1415 1423/1498/1423
f 1423/1498/1423 1424/1499/1424 1416/1491/1416
f 1417/1492/1417 1416/1491/1416 1424/1499/1424
f 1424/1499/1424 1425/1500/1425 1417/1492/1417
f 1418/1493/1418 1417/1492/1417 1425/1500/1425
f 1425/1500/1425 1426/1501/1426 1418/1493/1418
f 1419/1494/1419 1351/1426/1351 1360/1435/1360
f 1360/1435/1360 1427/1502/1427 1419/1494/1419
f 1420/1495/1420 1419/1494/1419 1427/1502/1427
f 1427/1502/1427 1428/1503/1428 1420/1495/1420
f 1421/1496/1421 1420/1495/1420 1428/1503/1428
f 1428/1503/1428 1429/1504/1429 1421/1496/1421
f 1422/1497/1422 1421/1496/1421 1429/1504/1429
f 1429/1504/1429 1430/1505/1430 1422/1497/1422
f 1423/1498/1423 1422/1497/1422 1430/1505/1430
f 1430/1505/1430 1431/1506/1431 1423/1498/1423
f 1424/1499/1424 1423/1498/1423 1431/1506/1431
f 1431/1506/1431 1432/1507/1432 1424/1499/1424
f 1425/1500/1425 1424/1499/1424 1432/1507/1432
f 1432/1507/1432 1433/1508/1433 1425/1500/1425
f 1426/1501/1426 1425/1500/1425 1433/1508/1433
f 1433/1508/1433 1434/1509/1434 1426/1501/1426
f 1427/1502/1427 1360/1435/1360 1369/1444/1369
f 1369/1444/1369 1435/1510/1435 1427/1502/1427
f 1428/1503/1428 1427/1502/1427 1435/1510/1435
f 1435/1510/1435 1436/1511/1436 1428/1503/1428
f 1429/1504/1429 1428/1503/1428 1436/1511/1436
f 1436/1511/1436 1437/1512/1437 1429/1504/1429
f 1430/1505/1430 1429/1504/1429 1437/1512/1437
f 1437/1512/1437 1438/1513/1438 1430/1505/1430
f 1431/1506/1431 1430/1505/1430 1438/1513/1438
f 1438/1513/1438 1439/1514/1439 1431/1506/1431
f 1432/1507/1432 1431/1506/1431 1439/1514/1439
f 1439/1514/1439 1440/1515/1440 1432/1507/1432
f 1433/1508/1433 1432/1507/1432 1440/1515/1440
f 1440/1515/1440 1441/1516/1441 1433/1508/1433
f 1434/1509/1434 1433/1508/1433 1441/1516/1441
f 1441/1516/1441 1442/1517/1442 1434/1509/1434
f 1435/1510/1435 1369/1444/1369 1378/1453/1378
f 1378/1453/1378 1443/1518/1443 1435/1510/1435
f 1436/1511/1436 1435/1510/1435 1443/1518/1443
f 1443/1518/1443 1444/1519/1444 1436/1511/1436
f 1437/1512/1437 1436/1511/1436 1444/1519/1444
f 1444/1519/1444 1445/1520/1445 1437/1512/1437
f 1438/1513/1438 1437/1512/1437 1445/1520/1445
f 1445/1520/1445 1446/1521/1446 1438/1513/1438
f 1439/1514/1439 1438/1513/1438 1446/1521/1446
f 1446/1521/1446 1447/1522/1447 1439/1514/1439
f 1440/1515/1440 1439/1514/1439 1447/1522/1447
f 1447/1522/1447 1448/1523/1448 1440/1515/1440
f 1441/1516/1441 1440/1515/1440 1448/1523/1448
f 1448/1523/1448 1449/1524/1449 1441/1516/1441
f 1442/1517/1442 1441/1516/1441 1449/1524/1449
f 1449/1524/1449 1450/1525/1450 1442/1517/1442
f 1459/1534/1459 1451/1526/1451 1452/1527/1452
f 1452/1527/1452 1460/1535/1460 1459/1534/1459
f 1460/1535/1460 1452/1527/1452 1453/1528/1453
f 1453/1528/1453 1461/1536/1461 1460/1535/1460
f 1461/1536/1461 1453/1528/1453 1454/1529/1454
f 1454/1529/1454 1462/1537/1462 1461/1536/1461
f 1462/1537/1462 1454/1529/1454 1455/1530/1455
f 1455/1530/1455 1463/1538/1463 1462/1537/1462
f 1463/1538/1463 1455/1530/1455 1456/1531/1456
f 1456/1531/1456 1464/1539/1464 1463/1538/1463
f 1464/1539/1464 1456/1531/1456 1457/1532/1457
f 1457/1532/1457 1465/1540/1465 1464/1539/1464
f 1465/1540/1465 1457/1532/1457 1458/1533/1458
f 1458/1533/1458 1466/1541/1466 1465/1540/1465
f 1466/1541/1466 1458/1533/1458 1386/1461/1386
f 1386/1461/1386 1394/1469/1394 1466/1541/1466
f 1467/1542/1467 1459/1534/1459 1460/1535/1460
f 1460/1535/1460 1468/1543/1468 1467/1542/1467
f 1468/1543/1468 1460/1535/1460 1461/1536/1461
f 1461/1536/1461 1469/1544/1469 1468/1543/1468
f 1469/1544/1469 1461/1536/1461 1462/1537/1462
f 1462/1537/1462 1470/1545/1470 1469/1544/1469
f 1470/1545/1470 1462/1537/1462 1463/1538/1463
f 1463/1538/1463 1471/1546/1471 1470/1545/1470
f 1471/1546/1471 1463/1538/1463 1464/1539/1464
f 1464/1539/1464 1472/1547/1472 1471/1546/1471
f 1472/1547/1472 1464/1539/1464 1465/1540/1465
f 1465/1540/1465 1473/1548/1473 1472/1547/1472
f 1473/1548/1473 1465/1540/1465 1466/1541/1466
f 1466/1541/1466 1474/1549/1474 1473/1548/1473
f 1474/1549/1474 1466/1541/1466 1394/1469/1394
f 1394/1469/1394 1402/1477/1402 1474/1549/1474
f 1475/1550/1475 1467/1542/1467 1468/1543/1468
f 1468/1543/1468 1476/1551/1476 1475/1550/1475
f 1476/1551/1476 1468/1543/1468 1469/1544/1469
f 1469/1544/1469 1477/1552/1477 1476/1551/1476
f 1477/1552/1477 1469/1544/1469 1470/1545/1470
f 1470/1545/1470 1478/1553/1478 1477/1552/1477
f 1478/1553/1478 1470/1545/1470 1471/1546/1471
f 1471/1546/1471 1479/1554/1479 1478/1553/1478
f 1479/1554/1479 1471/1546/1471 1472/1547/1472
f 1472/1547/1472 1480/1555/1480 1479/1554/1479
f 1480/1555/1480 1472/1547/1472 1473/1548/1473
f 1473/1548/1473 1481/1556/1481 1480/1555/1480
f 1481/1556/1481 1473/1548/1473 1474/1549/1474
f 1474/1549/1474 1482/1557/1482 1481/1556/1481
f 1482/1557/1482 1474/1549/1474 1402/1477/1402
f 1402/1477/1402 1410/1485/1410 1482/1557/1482
f 1483/1558/1483 1475/1550/1475 1476/1551/1476
f 1476/1551/1476 1484/1559/1484 1483/1558/1483
f 1484/1559/1484 1476/1551/1476 1477/1552/1477
f 1477/1552/1477 1485/1560/1485 1484/1559/1484
f 1485/1560/1485 1477/1552/1477 1478/1553/1478
f 1478/1553/1478 1486/1561/1486 1485/1560/1485
f 1486/1561/1486 1478/1553/1478 1479/1554/1479
f 1479/1554/1479 1487/1562/1487 1486/1561/1486
f 1487/1562/1487 1479/1554/1479 1480/1555/1480
f 1480/1555/1480 1488/1563/1488 1487/1562/1487
f 1488/1563/1488 1480/1555/1480 1481/1556/1481
f 1481/1556/1481 1489/1564/1489 1488/1563/1488
f 1489/1564/1489 1481/1556/1481 1482/1557/1482
f 1482/1557/1482 1490/1565/1490 1489/1564/1489
f 1490/1565/1490 1482/1557/1482 1410/1485/1410
f 1410/1485/1410 1418/1493/1418 1490/1565/1490
f 1491/1566/1491 1483/1558/1483 1484/1559/1484
f 1484/1559/1484 1492/1567/1492 1491/1566/1491
f 1492/1567/1492 1484/1559/1484 1485/1560/1485
f 1485/1560/1485 1493/1568/1493 1492/1567/1492
f 1493/1568/1493 1485/1560/1485 1486/1561/1486
f 1486/1561/1486 1494/1569/1494 1493/1568/1493
f 1494/1569/1494 1486/1561/1486 1487/1562/1487
f 1487/1562/1487 1495/1570/1495 1494/1569/1494
f 1495/1570/1495 1487/1562/1487 1488/1563/1488
f 1488/1563/1488 1496/1571/1496 1495/1570/1495
f 1496/1571/1496 1488/1563/1488 1489/1564/1489
f 1489/1564/1489 1497/1572/1497 1496/1571/1496
f 1497/1572/1497 1489/1564/1489 1490/1565/1490
f 1490/1565/1490 1498/1573/1498 1497/1572/1497
f 1498/1573/1498 1490/1565/1490 1418/1493/1418
f 1418/1493/1418 1426/1501/1426 1498/1573/1498
f 1499/1574/1499 1491/1566/1491 1492/1567/1492
f 1492/1567/1492 1500/1575/1500 1499/1574/1499
f 1500/1575/1500 1492/1567/1492 1493/1568/1493
f 1493/1568/1493 1501/1576/1501 1500/1575/1500
f 1501/1576/1501 1493/1568/1493 1494/1569/1494
f 1494/1569/1494 1502/1577/1502 1501/1576/1501
f 1502/1577/1502 1494/1569/1494 1495/1570/1495
f 1495/1570/1495 1503/1578/1503 1502/1577/1502
f 1503/1578/1503 1495/1570/1495 1496/1571/1496
f 1496/1571/1496 1504/1579/1504 1503/1578/1503
f 1504/1579/1504 1496/1571/1496 1497/1572/1497
f 1497/1572/1497 1505/1580/1505 1504/1579/1504
f 1505/1580/1505 1497/1572/1497 1498/1573/1498
f 1498/1573/1498 1506/1581/1506 1505/1580/1505
f 1506/1581/1506 1498/1573/1498 1426/1501/1426
f 1426/1501/1426 1434/1509/1434 1506/1581/1506
f 1507/1582/1507 1499/1574/1499 1500/1575/1500
f 1500/1575/1500 1508/1583/1508 1507/1582/1507
f 1508/1583/1508 1500/1575/1500 1501/1576/1501
f 1501/1576/1501 1509/1584/1509 1508/1583/1508
f 1509/1584/1509 1501/1576/1501 1502/1577/1502
f 1502/1577/1502 1510/1585/1510 1509/1584/1509
f 1510/1585/1510 1502/1577/1502 1503/1578/1503
f 1503/1578/1503 1511/1586/1511 1510/1585/1510
f 1511/1586/1511 1503/1578/1503 1504/1579/1504
f 1504/1579/1504 1512/1587/1512 1511/1586/1511
f 1512/1587/1512 1504/1579/1504 1505/1580/1505
f 1505/1580/1505 1513/1588/1513 1512/1587/1512
f 1513/1588/1513 1505/1580/1505 1506/1581/1506
f 1506/1581/1506 1514/1589/1514 1513/1588/1513
f 1514/1589/1514 1506/1581/1506 1434/1509/1434
f 1434/1509/1434 1442/1517/1442 1514/1589/1514
f 1515/1590/1515 1507/1582/1507 1508/1583/1508
f 1508/1583/1508 1516/1591/1516 1515/1590/1515
f 1516/1591/1516 1508/1583/1508 1509/1584/1509
f 1509/1584/1509 1517/1592/1517 1516/1591/1516
f 1517/1592/1517 1509/1584/1509 1510/1585/1510
f 1510/1585/1510 1518/1593/1518 1517/1592/1517
f 1518/1593/1518 1510/1585/1510 1511/1586/1511
f 1511/1586/1511 1519/1594/1519 1518/1593/1518
f 1519/1594/1519 1511/1586/1511 1512/1587/1512
f 1512/1587/1512 1520/1595/1520 1519/1594/1519
f 1520/1595/1520 1512/1587/1512 1513/1588/1513
f 1513/1588/1513 1521/1596/1521 1520/1595/1520
f 1521/1596/1521 1513/1588/1513 1514/1589/1514
f 1514/1589/1514 1522/1597/1522 1521/1596/1521
f 1522/1597/1522 1514/1589/1514 1442/1517/1442
f 1442/1517/1442 1450/1525/1450 1522/1597/1522
f 1307/1606/1307 1298/1598/1298 1523/1599/1523
f 1523/1599/1523 1530/1607/1530 1307/1606/1307
f 1530/1607/1530 1523/1599/1523 1524/1600/1524
f 1524/1600/1524 1531/1608/1531 1530/1607/1530
f 1531/1608/1531 1524/1600/1524 1525/1601/1525
f 1525/1601/1525 1532/1609/1532 1531/1608/1531
f 1532/1609/1532 1525/1601/1525 1526/1602/1526
f 1526/1602/1526 1533/1610/1533 1532/1609/1532
f 1533/1610/1533 1526/1602/1526 1527/1603/1527
f 1527/1603/1527 1534/1611/1534 1533/1610/1533
f 1534/1611/1534 1527/1603/1527 1528/1604/1528
f 1528/1604/1528 1535/1612/1535 1534/1611/1534
f 1535/1612/1535 1528/1604/1528 1529/1605/1529
f 1529/1605/1529 1536/1613/1536 1535/1612/1535
f 1536/1613/1536 1529/1605/1529 1451/1526/1451
f 1451/1526/1451 1459/1534/1459 1536/1613/1536
f 1316/1614/1316 1307/1606/1307 1530/1607/1530
f 1530/1607/1530 1537/1615/1537 1316/1614/1316
f 1537/1615/1537 1530/1607/1530 1531/1608/1531
f 1531/1608/1531 1538/1616/1538 1537/1615/1537
f 1538/1616/1538 1531/1608/1531 1532/1609/1532
f 1532/1609/1532 1539/1617/1539 1538/1616/1538
f 1539/1617/1539 1532/1609/1532 1533/1610/1533
f 1533/1610/1533 1540/1618/1540 1539/1617/1539
f 1540/1618/1540 1533/1610/1533 1534/1611/1534
f 1534/1611/1534 1541/1619/1541 1540/1618/1540
f 1541/1619/1541 1534/1611/1534 1535/1612/1535
f 1535/1612/1535 1542/1620/1542 1541/1619/1541
f 1542/1620/1542 1535/1612/1535 1536/1613/1536
f 1536/1613/1536 1543/1621/1543 1542/1620/1542
f 1543/1621/1543 1536/1613/1536 1459/1534/1459
f 1459/1534/1459 1467/1542/1467 1543/1621/1543
f 1325/1622/1325 1316/1614/1316 1537/1615/1537
f 1537/1615/1537 1544/1623/1544 1325/1622/1325
f 1544/1623/1544 1537/1615/1537 1538/1616/1538
f 1538/1616/1538 1545/1624/1545 1544/1623/1544
f 1545/1624/1545 1538/1616/1538 1539/1617/1539
f 1539/1617/1539 1546/1625/1546 1545/1624/1545
f 1546/1625/1546 1539/1617/1539 1540/1618/1540
f 1540/1618/1540 1547/1626/1547 1546/1625/1546
f 1547/1626/1547 1540/1618/1540 1541/1619/1541
f 1541/1619/1541 1548/1627/1548 1547/1626/1547
f 1548/1627/1548 1541/1619/1541 1542/1620/1542
f 1542/1620/1542 1549/1628/1549 1548/1627/1548
f 1549/1628/1549 1542/1620/1542 1543/1621/1543
f 1543/1621/1543 1550/1629/1550 1549/1628/1549
f 1550/1629/1550 1543/1621/1543 1467/1542/1467
f 1467/1542/1467 1475/1550/1475 1550/1629/1550
f 1334/1630/1334 1325/1622/1325 1544/1623/1544
f 1544/1623/1544 1551/1631/1551 1334/1630/1334
f 1551/1631/1551 1544/1623/1544 1545/1624/1545
f 1545/1624/1545 1552/1632/1552 1551/1631/1551
f 1552/1632/1552 1545/1624/1545 1546/1625/1546
f 1546/1625/1546 1553/1633/1553 1552/1632/1552
f 1553/1633/1553 1546/1625/1546 1547/1626/1547
f 1547/1626/1547 1554/1634/1554 1553/1633/1553
f 1554/1634/1554 1547/1626/1547 1548/1627/1548
f 1548/1627/1548 1555/1635/1555 1554/1634/1554
f 1555/1635/1555 1548/1627/1548 1549/1628/1549
f 1549/1628/1549 1556/1636/1556 1555/1635/1555
f 1556/1636/1556 1549/1628/1549 1550/1629/1550
f 1550/1629/1550 1557/1637/1557 1556/1636/1556
f 1557/1637/1557 1550/1629/1550 1475/1550/1475
f 1475/1550/1475 1483/1558/1483 1557/1637/1557
f 1343/1638/1343 1334/1630/1334 1551/1631/1551
f 1551/1631/1551 1558/1639/1558 1343/1638/1343
f 1558/1639/1558 1551/1631/1551 1552/1632/1552
f 1552/1632/1552 1559/1640/1559 1558/1639/1558
f 1559/1640/1559 1552/1632/1552 1553/1633/1553
f 1553/1633/1553 1560/1641/1560 1559/1640/1559
f 1560/1641/1560 1553/1633/1553 1554/1634/1554
f 1554/1634/1554 1561/1642/1561 1560/1641/1560
f 1561/1642/1561 1554/1634/1554 1555/1635/1555
f 1555/1635/1555 1562/1643/1562 1561/1642/1561
f 1562/1643/1562 1555/1635/1555 1556/1636/1556
f 1556/1636/1556 1563/1644/1563 1562/1643/1562
f 1563/1644/1563 1556/1636/1556 1557/1637/1557
f 1557/1637/1557 1564/1645/1564 1563/1644/1563
f 1564/1645/1564 1557/1637/1557 1483/1558/1483
f 1483/1558/1483 1491/1566/1491 1564/1645/1564
f 1352/1646/1352 1343/1638/1343 1558/1639/1558
f 1558/1639/1558 1565/1647/1565 1352/1646/1352
f 1565/1647/1565 1558/1639/1558 1559/1640/1559
f 1559/1640/1559 1566/1648/1566 1565/1647/1565
f 1566/1648/1566 1559/1640/1559 1560/1641/1560
f 1560/1641/1560 1567/1649/1567 1566/1648/1566
f 1567/1649/1567 1560/1641/1560 1561/1642/1561
f 1561/1642/1561 1568/1650/1568 1567/1649/1567
f 1568/1650/1568 1561/1642/1561 1562/1643/1562
f 1562/1643/1562 1569/1651/1569 1568/1650/1568
f 1569/1651/1569 1562/1643/1562 1563/1644/1563
f 1563/1644/1563 1570/1652/1570 1569/1651/1569
f 1570/1652/1570 1563/1644/1563 1564/1645/1564
f 1564/1645/1564 1571/1653/1571 1570/1652/1570
f 1571/1653/1571 1564/1645/1564 1491/1566/1491
f 1491/1566/1491 1499/1574/1499 1571/1653/1571
f 1361/1654/1361 1352/1646/1352 1565/1647/1565
f 1565/1647/1565 1572/1655/1572 1361/1654/1361
f 1572/1655/1572 1565/1647/1565 1566/1648/1566
f 1566/1648/1566 1573/1656/1573 1572/1655/1572
f 1573/1656/1573 1566/1648/1566 1567/1649/1567
f 1567/1649/1567 1574/1657/1574 1573/1656/1573
f 1574/1657/1574 1567/1649/1567 1568/1650/1568
f 1568/1650/1568 1575/1658/1575 1574/1657/1574
f 1575/1658/1575 1568/1650/1568 1569/1651/1569
f 1569/1651/1569 1576/1659/1576 1575/1658/1575
f 1576/1659/1576 1569/1651/1569 1570/1652/1570
f 1570/1652/1570 1577/1660/1577 1576/1659/1576
f 1577/1660/1577 1570/1652/1570 1571/1653/1571
f 1571/1653/1571 1578/1661/1578 1577/1660/1577
f 1578/1661/1578 1571/1653/1571 1499/1574/1499
f 1499/1574/1499 1507/1582/1507 1578/1661/1578
f 1370/1662/1370 1361/1654/1361 1572/1655/1572
f 1572/1655/1572 1579/1663/1579 1370/1662/1370
f 1579/1663/1579 1572/1655/1572 1573/1656/1573
f 1573/1656/1573 1580/1664/1580 1579/1663/1579
f 1580/1664/1580 1573/1656/1573 1574/1657/1574
f 1574/1657/1574 1581/1665/1581 1580/1664/1580
f 1581/1665/1581 1574/1657/1574 1575/1658/1575
f 1575/1658/1575 1582/1666/1582 1581/1665/1581
f 1582/1666/1582 1575/1658/1575 1576/1659/1576
f 1576/1659/1576 1583/1667/1583 1582/1666/1582
f 1583/1667/1583 1576/1659/1576 1577/1660/1577
f 1577/1660/1577 1584/1668/1584 1583/1667/1583
f 1584/1668/1584 1577/1660/1577 1578/1661/1578
f 1578/1661/1578 1585/1669/1585 1584/1668/1584
f 1585/1669/1585 1578/1661/1578 1507/1582/1507
f 1507/1582/1507 1515/1590/1515 1585/1669/1585
f 1372/1447/1372 1371/1446/1371 1586/1670/1586
f 1586/1670/1586 1587/1671/1587 1372/1447/1372
f 1373/1448/1373 1372/1447/1372 1587/1671/1587
f 1587/1671/1587 1588/1672/1588 1373/1448/1373
f 1374/1449/1374 1373/1448/1373 1588/1672/1588
f 1588/1672/1588 1589/1673/1589 1374/1449/1374
f 1375/1450/1375 1374/1449/1374 1589/1673/1589
f 1589/1673/1589 1590/1674/1590 1375/1450/1375
f 1376/1451/1376 1375/1450/1375 1590/1674/1590
f 1590/1674/1590 1591/1675/1591 1376/1451/1376
f 1377/1452/1377 1376/1451/1376 1591/1675/1591
f 1591/1675/1591 1592/1676/1592 1377/1452/1377
f 1378/1453/1378 1377/1452/1377 1592/1676/1592
f 1592/1676/1592 1593/1677/1593 1378/1453/1378
f 1587/1671/1587 1586/1670/1586 1594/1678/1594
f 1594/1678/1594 1595/1679/1595 1587/1671/1587
f 1588/1672/1588 1587/1671/1587 1595/1679/1595
f 1595/1679/1595 1596/1680/1596 1588/1672/1588
f 1589/1673/1589 1588/1672/1588 1596/1680/1596
f 1596/1680/1596 1597/1681/1597 1589/1673/1589
f 1590/1674/1590 1589/1673/1589 1597/1681/1597
f 1597/1681/1597 1598/1682/1598 1590/1674/1590
f 1591/1675/1591 1590/1674/1590 1598/1682/1598
f 1598/1682/1598 1599/1683/1599 1591/1675/1591
f 1592/1676/1592 1591/1675/1591 1599/1683/1599
f 1599/1683/1599 1600/1684/1600 1592/1676/1592
f 1593/1677/1593 1592/1676/1592 1600/1684/1600
f 1600/1684/1600 1601/1685/1601 1593/1677/1593
f 1595/1679/1595 1594/1678/1594 1603/1687/1603
f 1603/1687/1603 1604/1688/1604 1595/1679/1595
f 1596/1680/1596 1595/1679/1595 1604/1688/1604
f 1604/1688/1604 1605/1689/1605 1596/1680/1596
f 1597/1681/1597 1596/1680/1596 1605/1689/1605
f 1605/1689/1605 1606/1690/1606 1597/1681/1597
f 1598/1682/1598 1597/1681/1597 1606/1690/1606
f 1606/1690/1606 1607/1691/1607 1598/1682/1598
f 1599/1683/1599 1598/1682/1598 1607/1691/1607
f 1607/1691/1607 1608/1692/1608 1599/1683/1599
f 1600/1684/1600 1599/1683/1599 1608/1692/1608
f 1608/1692/1608 1609/1693/1609 1600/1684/1600
f 1601/1685/1601 1600/1684/1600 1609/1693/1609
f 1609/1693/1609 1610/1694/1610 1601/1685/1601
f 1603/1687/1603 1602/1686/1602 1611/1695/1611
f 1611/1695/1611 1612/1696/1612 1603/1687/1603
f 1604/1688/1604 1603/1687/1603 1612/1696/1612
f 1612/1696/1612 1613/1697/1613 1604/1688/1604
f 1605/1689/1605 1604/1688/1604 1613/1697/1613
f 1613/1697/1613 1614/1698/1614 1605/1689/1605
f 1606/1690/1606 1605/1689/1605 1614/1698/1614
f 1614/1698/1614 1615/1699/1615 1606/1690/1606
f 1607/1691/1607 1606/1690/1606 1615/1699/1615
f 1615/1699/1615 1616/1700/1616 1607/1691/1607
f 1608/1692/1608 1607/1691/1607 1616/1700/1616
f 1616/1700/1616 1617/1701/1617 1608/1692/1608
f 1609/1693/1609 1608/1692/1608 1617/1701/1617
f 1617/1701/1617 1618/1702/1618 1609/1693/1609
f 1610/1694/1610 1609/1693/1609 1618/1702/1618
f 1618/1702/1618 1619/1703/1619 1610/1694/1610
f 1612/1696/1612 1611/1695/1611 1620/1704/1620
f 1620/1704/1620 1621/1705/1621 1612/1696/1612
f 1613/1697/1613 1612/1696/1612 1621/1705/1621
f 1621/1705/1621 1622/1706/1622 1613/1697/1613
f 1614/1698/1614 1613/1697/1613 1622/1706/1622
f 1622/1706/1622 1623/1707/1623 1614/1698/1614
f 1615/1699/1615 1614/1698/1614 1623/1707/1623
f 1623/1707/1623 1624/1708/1624 1615/1699/1615
f 1616/1700/1616 1615/1699/1615 1624/1708/1624
f 1624/1708/1624 1625/1709/1625 1616/1700/1616
f 1617/1701/1617 1616/1700/1616 1625/1709/1625
f 1625/1709/1625 1626/1710/1626 1617/1701/1617
f 1618/1702/1618 1617/1701/1617 1626/1710/1626
f 1626/1710/1626 1627/1711/1627 1618/1702/1618
f 1619/1703/1619 1618/1702/1618 1627/1711/1627
f 1627/1711/1627 1628/1712/1628 1619/1703/1619
f 1621/1705/1621 1620/1704/1620 1629/1713/1629
f 1629/1713/1629 1630/1714/1630 1621/1705/1621
f 1622/1706/1622 1621/1705/1621 1630/1714/1630
f 1630/1714/1630 1631/1715/1631 1622/1706/1622
f 1623/1707/1623 1622/1706/1622 1631/1715/1631
f 1631/1715/1631 1632/1716/1632 1623/1707/1623
f 1624/1708/1624 1623/1707/1623 1632/1716/1632
f 1632/1716/1632 1633/1717/1633 1624/1708/1624
f 1625/1709/1625 1624/1708/1624 1633/1717/1633
f 1633/1717/1633 1634/1718/1634 1625/1709/1625
f 1626/1710/1626 1625/1709/1625 1634/1718/1634
f 1634/1718/1634 1635/1719/1635 1626/1710/1626
f 1627/1711/1627 1626/1710/1626 1635/1719/1635
f 1635/1719/1635 1636/1720/1636 1627/1711/1627
f 1628/1712/1628 1627/1711/1627 1636/1720/1636
f 1636/1720/1636 1637/1721/1637 1628/1712/1628
f 1630/1714/1630 1629/1713/1629 1638/1722/1638
f 1638/1722/1638 1639/1723/1639 1630/1714/1630
f 1631/1715/1631 1630/1714/1630 1639/1723/1639
f 1639/1723/1639 1640/1724/1640 1631/1715/1631
f 1632/1716/1632 1631/1715/1631 1640/1724/1640
f 1640/1724/1640 1641/1725/1641 1632/1716/1632
f 1633/1717/1633 1632/1716/1632 1641/1725/1641
f 1641/1725/1641 1642/1726/1642 1633/1717/1633
f 1634/1718/1634 1633/1717/1633 1642/1726/1642
f 1642/1726/1642 1643/1727/1643 1634/1718/1634
f 1635/1719/1635 1634/1718/1634 1643/1727/1643
f 1643/1727/1643 1644/1728/1644 1635/1719/1635
f 1636/1720/1636 1635/1719/1635 1644/1728/1644
f 1644/1728/1644 1645/1729/1645 1636/1720/1636
f 1637/1721/1637 1636/1720/1636 1645/1729/1645
f 1645/1729/1645 1646/1730/1646 1637/1721/1637
f 1640/1724/1640 1639/1723/1639 1647/1731/1647
f 1647/1731/1647 1648/1732/1648 1640/1724/1640
f 1641/1725/1641 1640/1724/1640 1648/1732/1648
f 1648/1732/1648 1649/1733/1649 1641/1725/1641
f 1642/1726/1642 1641/1725/1641 1649/1733/1649
f 1649/1733/1649 1650/1734/1650 1642/1726/1642
f 1643/1727/1643 1642/1726/1642 1650/1734/1650
f 1650/1734/1650 1651/1735/1651 1643/1727/1643
f 1644/1728/1644 1643/1727/1643 1651/1735/1651
f 1651/1735/1651 1652/1736/1652 1644/1728/1644
f 1645/1729/1645 1644/1728/1644 1652/1736/1652
f 1652/1736/1652 1653/1737/1653 1645/1729/1645
f 1646/1730/1646 1645/1729/1645 1653/1737/1653
f 1653/1737/1653 1654/1738/1654 1646/1730/1646
f 89/1740/89 1370/1445/1370 86/1739/86
f 89/1740/89 1371/1446/1371 1370/1445/1370
f 92/1741/92 1371/1446/1371 89/1740/89
f 95/1742/95 1371/1446/1371 92/1741/92
f 95/1742/95 1586/1670/1586 1371/1446/1371
f 98/1743/98 1586/1670/1586 95/1742/95
f 98/1743/98 101/1744/101 1586/1670/1586
f 101/1744/101 104/1745/104 1594/1678/1594
f 101/1744/101 1594/1678/1594 1586/1670/1586
f 104/1745/104 107/1746/107 1594/1678/1594
f 107/1746/107 110/1747/110 1603/1687/1603
f 107/1746/107 1603/1687/1603 1594/1678/1594
f 113/1748/113 1603/1687/1603 110/1747/110
f 113/1748/113 1602/1686/1602 1603/1687/1603
f 116/1749/116 1602/1686/1602 113/1748/113
f 289/1751/289 1638/1722/1638 286/1750/286
f 289/1751/289 1639/1723/1639 1638/1722/1638
f 292/1752/292 1639/1723/1639 289/1751/289
f 295/1753/295 1639/1723/1639 292/1752/292
f 295/1753/295 1647/1731/1647 1639/1723/1639
f 298/1754/298 1647/1731/1647 295/1753/295
f 1443/1518/1443 1378/1453/1378 1593/1677/1593
f 1593/1677/1593 1655/1755/1655 1443/1518/1443
f 1444/1519/1444 1443/1518/1443 1655/1755/1655
f 1655/1755/1655 1656/1756/1656 1444/1519/1444
f 1445/1520/1445 1444/1519/1444 1656/1756/1656
f 1656/1756/1656 1657/1757/1657 1445/1520/1445
f 1446/1521/1446 1445/1520/1445 1657/1757/1657
f 1657/1757/1657 1658/1758/1658 1446/1521/1446
f 1447/1522/1447 1446/1521/1446 1658/1758/1658
f 1658/1758/1658 1659/1759/1659 1447/1522/1447
f 1448/1523/1448 1447/1522/1447 1659/1759/1659
f 1659/1759/1659 1660/1760/1660 1448/1523/1448
f 1449/1524/1449 1448/1523/1448 1660/1760/1660
f 1660/1760/1660 1661/1761/1661 1449/1524/1449
f 1450/1525/1450 1449/1524/1449 1661/1761/1661
f 1661/1761/1661 1662/1762/1662 1450/1525/1450
f 1655/1755/1655 1593/1677/1593 1601/1685/1601
f 1601/1685/1601 1663/1763/1663 1655/1755/1655
f 1656/1756/1656 1655/1755/1655 1663/1763/1663
f 1663/1763/1663 1664/1764/1664 1656/1756/1656
f 1657/1757/1657 1656/1756/1656 1664/1764/1664
f 1664/1764/1664 1665/1765/1665 1657/1757/1657
f 1658/1758/1658 1657/1757/1657 1665/1765/1665
f 1665/1765/1665 1666/1766/1666 1658/1758/1658
f 1659/1759/1659 1658/1758/1658 1666/1766/1666
f 1666/1766/1666 1667/1767/1667 1659/1759/1659
f 1660/1760/1660 1659/1759/1659 1667/1767/1667
f 1667/1767/1667 1668/1768/1668 1660/1760/1660
f 1661/1761/1661 1660/1760/1660 1668/1768/1668
f 1668/1768/1668 1669/1769/1669 1661/1761/1661
f 1662/1762/1662 1661/1761/1661 1669/1769/1669
f 1669/1769/1669 1670/1770/1670 1662/1762/1662
f 1663/1763/1663 1601/1685/1601 1610/1694/1610
f 1610/1694/1610 1671/1771/1671 1663/1763/1663
f 1664/1764/1664 1663/1763/1663 1671/1771/1671
f 1671/1771/1671 1672/1772/1672 1664/1764/1664
f 1665/1765/1665 1664/1764/1664 1672/1772/1672
f 1672/1772/1672 1673/1773/1673 1665/1765/1665
f 1666/1766/1666 1665/1765/1665 1673/1773/1673
f 1673/1773/1673 1674/1774/1674 1666/1766/1666
f 1667/1767/1667 1666/1766/1666 1674/1774/1674
f 1674/1774/1674 1675/1775/1675 1667/1767/1667
f 1668/1768/1668 1667/1767/1667 1675/1775/1675
f 1675/1775/1675 1676/1776/1676 1668/1768/1668
f 1669/1769/1669 1668/1768/1668 1676/1776/1676
f 1676/1776/1676 1677/1777/1677 1669/1769/1669
f 1670/1770/1670 1669/1769/1669 1677/1777/1677
f 1677/1777/1677 1678/1778/1678 1670/1770/1670
f 1671/1771/1671 1610/1694/1610 1619/1703/1619
f 1619/1703/1619 1679/1779/1679 1671/1771/1671
f 1672/1772/1672 1671/1771/1671 1679/1779/1679
f 1679/1779/1679 1680/1780/1680 1672/1772/1672
f 1673/1773/1673 1672/1772/1672 1680/1780/1680
f 1680/1780/1680 1681/1781/1681 1673/1773/1673
f 1674/1774/1674 1673/1773/1673 1681/1781/1681
f 1681/1781/1681 1682/1782/1682 1674/1774/1674
f 1675/1775/1675 1674/1774/1674 1682/1782/1682
f 1682/1782/1682 1683/1783/1683 1675/1775/1675
f 1676/1776/1676 1675/1775/1675 1683/1783/1683
f 1683/1783/1683 1684/1784/1684 1676/1776/1676
f 1677/1777/1677 1676/1776/1676 1684/1784/1684
f 1684/1784/1684 1685/1785/1685 1677/1777/1677
f 1678/1778/1678 1677/1777/1677 1685/1785/1685
f 1685/1785/1685 1686/1786/1686 1678/1778/1678
f 1679/1779/1679 1619/1703/1619 1628/1712/1628
f 1628/1712/1628 1687/1787/1687 1679/1779/1679
f 1680/1780/1680 1679/1779/1679 1687/1787/1687
f 1687/1787/1687 1688/1788/1688 1680/1780/1680
f 1681/1781/1681 1680/1780/1680 1688/1788/1688
f 1688/1788/1688 1689/1789/1689 1681/1781/1681
f 1682/1782/1682 1681/1781/1681 1689/1789/1689
f 1689/1789/1689 1690/1790/1690 1682/1782/1682
f 1683/1783/1683 1682/1782/1682 1690/1790/1690
f 1690/1790/1690 1691/1791/1691 1683/1783/1683
f 1684/1784/1684 1683/1783/1683 1691/1791/1691
f 1691/1791/1691 1692/1792/1692 1684/1784/1684
f 1685/1785/1685 1684/1784/1684 1692/1792/1692
f 1692/1792/1692 1693/1793/1693 1685/1785/1685
f 1687/1787/1687 1628/1712/1628 1637/1721/1637
f 1637/1721/1637 1694/1794/1694 1687/1787/1687
f 1688/1788/1688 1687/1787/1687 1694/1794/1694
f 1694/1794/1694 1695/1795/1695 1688/1788/1688
f 1689/1789/1689 1688/1788/1688 1695/1795/1695
f 1695/1795/1695 1696/1796/1696 1689/1789/1689
f 1690/1790/1690 1689/1789/1689 1696/1796/1696
f 1696/1796/1696 1697/1797/1697 1690/1790/1690
f 1691/1791/1691 1690/1790/1690 1697/1797/1697
f 1697/1797/1697 1698/1798/1698 1691/1791/1691
f 1692/1792/1692 1691/1791/1691 1698/1798/1698
f 1698/1798/1698 1699/1799/1699 1692/1792/1692
f 1694/1794/1694 1637/1721/1637 1646/1730/1646
f 1646/1730/1646 1700/1800/1700 1694/1794/1694
f 1695/1795/1695 1694/1794/1694 1700/1800/1700
f 1700/1800/1700 1701/1801/1701 1695/1795/1695
f 1696/1796/1696 1695/1795/1695 1701/1801/1701
f 1701/1801/1701 1702/1802/1702 1696/1796/1696
f 1697/1797/1697 1696/1796/1696 1702/1802/1702
f 1702/1802/1702 1703/1803/1703 1697/1797/1697
f 1698/1798/1698 1697/1797/1697 1703/1803/1703
f 1703/1803/1703 1704/1804/1704 1698/1798/1698
f 1699/1799/1699 1698/1798/1698 1704/1804/1704
f 1704/1804/1704 1705/1805/1705 1699/1799/1699
f 1700/1800/1700 1646/1730/1646 1654/1738/1654
f 1654/1738/1654 1706/1806/1706 1700/1800/1700
f 1701/1801/1701 1700/1800/1700 1706/1806/1706
f 1706/1806/1706 1707/1807/1707 1701/1801/1701
f 1702/1802/1702 1701/1801/1701 1707/1807/1707
f 1707/1807/1707 1708/1808/1708 1702/1802/1702
f 1703/1803/1703 1702/1802/1702 1708/1808/1708
f 1708/1808/1708 1709/1809/1709 1703/1803/1703
f 1704/1804/1704 1703/1803/1703 1709/1809/1709
f 1709/1809/1709 1710/1810/1710 1704/1804/1704
f 1705/1805/1705 1704/1804/1704 1710/1810/1710
f 1710/1810/1710 1711/1811/1711 1705/1805/1705
f 637/1813/637 634/1812/634 1686/1786/1686
f 637/1813/637 1686/1786/1686 1685/1785/1685
f 640/1814/640 637/1813/637 1685/1785/1685
f 640/1814/640 1685/1785/1685 1693/1793/1693
f 643/1815/643 640/1814/640 1693/1793/1693
f 646/1816/646 643/1815/643 1693/1793/1693
f 646/1816/646 1693/1793/1693 1692/1792/1692
f 646/1816/646 1692/1792/1692 1699/1799/1699
f 649/1817/649 646/1816/646 1699/1799/1699
f 652/1818/652 649/1817/649 1699/1799/1699
f 652/1818/652 1699/1799/1699 1705/1805/1705
f 655/1819/655 652/1818/652 1705/1805/1705
f 658/1820/658 655/1819/655 1705/1805/1705
f 658/1820/658 1705/1805/1705 1711/1811/1711
f 661/1821/661 658/1820/658 1711/1811/1711
f 661/1821/661 1711/1811/1711 664/1822/664
f 1712/1823/1712 1515/1590/1515 1516/1591/1516
f 1516/1591/1516 1713/1824/1713 1712/1823/1712
f 1713/1824/1713 1516/1591/1516 1517/1592/1517
f 1517/1592/1517 1714/1825/1714 1713/1824/1713
f 1714/1825/1714 1517/1592/1517 1518/1593/1518
f 1518/1593/1518 1715/1826/1715 1714/1825/1714
f 1715/1826/1715 1518/1593/1518 1519/1594/1519
f 1519/1594/1519 1716/1827/1716 1715/1826/1715
f 1716/1827/1716 1519/1594/1519 1520/1595/1520
f 1520/1595/1520 1717/1828/1717 1716/1827/1716
f 1717/1828/1717 1520/1595/1520 1521/1596/1521
f 1521/1596/1521 1718/1829/1718 1717/1828/1717
f 1718/1829/1718 1521/1596/1521 1522/1597/1522
f 1522/1597/1522 1719/1830/1719 1718/1829/1718
f 1719/1830/1719 1522/1597/1522 1450/1525/1450
f 1450/1525/1450 1662/1762/1662 1719/1830/1719
f 1720/1831/1720 1712/1823/1712 1713/1824/1713
f 1713/1824/1713 1721/1832/1721 1720/1831/1720
f 1721/1832/1721 1713/1824/1713 1714/1825/1714
f 1714/1825/1714 1722/1833/1722 1721/1832/1721
f 1722/1833/1722 1714/1825/1714 1715/1826/1715
f 1715/1826/1715 1723/1834/1723 1722/1833/1722
f 1723/1834/1723 1715/1826/1715 1716/1827/1716
f 1716/1827/1716 1724/1835/1724 1723/1834/1723
f 1724/1835/1724 1716/1827/1716 1717/1828/1717
f 1717/1828/1717 1725/1836/1725 1724/1835/1724
f 1725/1836/1725 1717/1828/1717 1718/1829/1718
f 1718/1829/1718 1726/1837/1726 1725/1836/1725
f 1726/1837/1726 1718/1829/1718 1719/1830/1719
f 1719/1830/1719 1727/1838/1727 1726/1837/1726
f 1727/1838/1727 1719/1830/1719 1662/1762/1662
f 1662/1762/1662 1670/1770/1670 1727/1838/1727
f 1728/1839/1728 1720/1831/1720 1721/1832/1721
f 1721/1832/1721 1729/1840/1729 1728/1839/1728
f 1729/1840/1729 1721/1832/1721 1722/1833/1722
f 1722/1833/1722 1730/1841/1730 1729/1840/1729
f 1730/1841/1730 1722/1833/1722 1723/1834/1723
f 1723/1834/1723 1731/1842/1731 1730/1841/1730
f 1731/1842/1731 1723/1834/1723 1724/1835/1724
f 1724/1835/1724 1732/1843/1732 1731/1842/1731
f 1732/1843/1732 1724/1835/1724 1725/1836/1725
f 1725/1836/1725 1733/1844/1733 1732/1843/1732
f 1733/1844/1733 1725/1836/1725 1726/1837/1726
f 1726/1837/1726 1734/1845/1734 1733/1844/1733
f 1734/1845/1734 1726/1837/1726 1727/1838/1727
f 1727/1838/1727 1735/1846/1735 1734/1845/1734
f 1735/1846/1735 1727/1838/1727 1670/1770/1670
f 1670/1770/1670 1678/1778/1678 1735/1846/1735
f 1736/1847/1736 1728/1839/1728 1729/1840/1729
f 1729/1840/1729 1737/1848/1737 1736/1847/1736
f 1737/1848/1737 1729/1840/1729 1730/1841/1730
f 1730/1841/1730 1738/1849/1738 1737/1848/1737
f 1738/1849/1738 1730/1841/1730 1731/1842/1731
f 1731/1842/1731 1739/1850/1739 1738/1849/1738
f 1739/1850/1739 1731/1842/1731 1732/1843/1732
f 1732/1843/1732 1740/1851/1740 1739/1850/1739
f 1740/1851/1740 1732/1843/1732 1733/1844/1733
f 1733/1844/1733 1741/1852/1741 1740/1851/1740
f 1741/1852/1741 1733/1844/1733 1734/1845/1734
f 1734/1845/1734 1742/1853/1742 1741/1852/1741
f 1742/1853/1742 1734/1845/1734 1735/1846/1735
f 1735/1846/1735 1743/1854/1743 1742/1853/1742
f 1743/1854/1743 1735/1846/1735 1678/1778/1678
f 1678/1778/1678 1686/1786/1686 1743/1854/1743
f 1744/1855/1744 1736/1847/1736 1737/1848/1737
f 1737/1848/1737 1745/1856/1745 1744/1855/1744
f 1745/1856/1745 1737/1848/1737 1738/1849/1738
f 1738/1849/1738 1746/1857/1746 1745/1856/1745
f 1746/1857/1746 1738/1849/1738 1739/1850/1739
f 1739/1850/1739 1747/1858/1747 1746/1857/1746
f 1747/1858/1747 1739/1850/1739 1740/1851/1740
f 1740/1851/1740 1748/1859/1748 1747/1858/1747
f 1748/1859/1748 1740/1851/1740 1741/1852/1741
f 1741/1852/1741 1749/1860/1749 1748/1859/1748
f 1749/1860/1749 1741/1852/1741 1742/1853/1742
f 1742/1853/1742 1750/1861/1750 1749/1860/1749
f 1750/1861/1750 1742/1853/1742 1743/1854/1743
f 1743/1854/1743 1751/1862/1751 1750/1861/1750
f 1752/1863/1752 1744/1855/1744 1745/1856/1745
f 1745/1856/1745 1753/1864/1753 1752/1863/1752
f 1753/1864/1753 1745/1856/1745 1746/1857/1746
f 1746/1857/1746 1754/1865/1754 1753/1864/1753
f 1754/1865/1754 1746/1857/1746 1747/1858/1747
f 1747/1858/1747 1755/1866/1755 1754/1865/1754
f 1755/1866/1755 1747/1858/1747 1748/1859/1748
f 1748/1859/1748 1756/1867/1756 1755/1866/1755
f 1756/1867/1756 1748/1859/1748 1749/1860/1749
f 1749/1860/1749 1757/1868/1757 1756/1867/1756
f 1757/1868/1757 1749/1860/1749 1750/1861/1750
f 1750/1861/1750 1758/1869/1758 1757/1868/1757
f 1759/1870/1759 1752/1863/1752 1753/1864/1753
f 1753/1864/1753 1760/1871/1760 1759/1870/1759
f 1760/1871/1760 1753/1864/1753 1754/1865/1754
f 1754/1865/1754 1761/1872/1761 1760/1871/1760
f 1761/1872/1761 1754/1865/1754 1755/1866/1755
f 1755/1866/1755 1762/1873/1762 1761/1872/1761
f 1762/1873/1762 1755/1866/1755 1756/1867/1756
f 1756/1867/1756 1763/1874/1763 1762/1873/1762
f 1763/1874/1763 1756/1867/1756 1757/1868/1757
f 1757/1868/1757 1764/1875/1764 1763/1874/1763
f 1764/1875/1764 1757/1868/1757 1758/1869/1758
f 1758/1869/1758 1765/1876/1765 1764/1875/1764
f 1766/1877/1766 1759/1870/1759 1760/1871/1760
f 1760/1871/1760 1767/1878/1767 1766/1877/1766
f 1767/1878/1767 1760/1871/1760 1761/1872/1761
f 1761/1872/1761 1768/1879/1768 1767/1878/1767
f 1768/1879/1768 1761/1872/1761 1762/1873/1762
f 1762/1873/1762 1769/1880/1769 1768/1879/1768
f 1769/1880/1769 1762/1873/1762 1763/1874/1763
f 1763/1874/1763 1770/1881/1770 1769/1880/1769
f 1770/1881/1770 1763/1874/1763 1764/1875/1764
f 1764/1875/1764 1771/1882/1771 1770/1881/1770
f 1771/1882/1771 1764/1875/1764 1765/1876/1765
f 1765/1876/1765 1772/1883/1772 1771/1882/1771
f 634/1812/634 745/1884/745 1686/1786/1686
f 1686/1786/1686 745/1884/745 1743/1854/1743
f 745/1884/745 748/1885/748 1743/1854/1743
f 1743/1854/1743 748/1885/748 1751/1862/1751
f 748/1885/748 751/1886/751 1751/1862/1751
f 751/1886/751 754/1887/754 1751/1862/1751
f 1751/1862/1751 754/1887/754 1750/1861/1750
f 1750/1861/1750 754/1887/754 1758/1869/1758
f 754/1887/754 757/1888/757 1758/1869/1758
f 757/1888/757 760/1889/760 1758/1869/1758
f 1758/1869/1758 760/1889/760 1765/1876/1765
f 760/1889/760 763/1890/763 1765/1876/1765
f 763/1890/763 766/1891/766 1765/1876/1765
f 1765/1876/1765 766/1891/766 1772/1883/1772
f 766/1891/766 769/1892/769 1772/1883/1772
f 1772/1883/1772 769/1892/769 772/1893/772
f 1773/1894/1773 1579/1663/1579 1580/1664/1580
f 1580/1664/1580 1774/1895/1774 1773/1894/1773
f 1774/1895/1774 1580/1664/1580 1581/1665/1581
f 1581/1665/1581 1775/1896/1775 1774/1895/1774
f 1775/1896/1775 1581/1665/1581 1582/1666/1582
f 1582/1666/1582 1776/1897/1776 1775/1896/1775
f 1776/1897/1776 1582/1666/1582 1583/1667/1583
f 1583/1667/1583 1777/1898/1777 1776/1897/1776
f 1777/1898/1777 1583/1667/1583 1584/1668/1584
f 1584/1668/1584 1778/1899/1778 1777/1898/1777
f 1778/1899/1778 1584/1668/1584 1585/1669/1585
f 1585/1669/1585 1779/1900/1779 1778/1899/1778
f 1779/1900/1779 1585/1669/1585 1515/1590/1515
f 1515/1590/1515 1712/1823/1712 1779/1900/1779
f 1780/1901/1780 1773/1894/1773 1774/1895/1774
f 1774/1895/1774 1781/1902/1781 1780/1901/1780
f 1781/1902/1781 1774/1895/1774 1775/1896/1775
f 1775/1896/1775 1782/1903/1782 1781/1902/1781
f 1782/1903/1782 1775/1896/1775 1776/1897/1776
f 1776/1897/1776 1783/1904/1783 1782/1903/1782
f 1783/1904/1783 1776/1897/1776 1777/1898/1777
f 1777/1898/1777 1784/1905/1784 1783/1904/1783
f 1784/1905/1784 1777/1898/1777 1778/1899/1778
f 1778/1899/1778 1785/1906/1785 1784/1905/1784
f 1785/1906/1785 1778/1899/1778 1779/1900/1779
f 1779/1900/1779 1786/1907/1786 1785/1906/1785
f 1786/1907/1786 1779/1900/1779 1712/1823/1712
f 1712/1823/1712 1720/1831/1720 1786/1907/1786
f 1787/1909/1787 1780/1901/1780 1781/1902/1781
f 1781/1902/1781 1788/1910/1788 1787/1909/1787
f 1788/1910/1788 1781/1902/1781 1782/1903/1782
f 1782/1903/1782 1789/1911/1789 1788/1910/1788
f 1789/1911/1789 1782/1903/1782 1783/1904/1783
f 1783/1904/1783 1790/1912/1790 1789/1911/1789
f 1790/1912/1790 1783/1904/1783 1784/1905/1784
f 1784/1905/1784 1791/1913/1791 1790/1912/1790
f 1791/1913/1791 1784/1905/1784 1785/1906/1785
f 1785/1906/1785 1792/1914/1792 1791/1913/1791
f 1792/1914/1792 1785/1906/1785 1786/1907/1786
f 1786/1907/1786 1793/1915/1793 1792/1914/1792
f 1793/1915/1793 1786/1907/1786 1720/1831/1720
f 1720/1831/1720 1728/1839/1728 1793/1915/1793
f 1611/1916/1611 1602/1908/1602 1787/1909/1787
f 1787/1909/1787 1794/1917/1794 1611/1916/1611
f 1794/1917/1794 1787/1909/1787 1788/1910/1788
f 1788/1910/1788 1795/1918/1795 1794/1917/1794
f 1795/1918/1795 1788/1910/1788 1789/1911/1789
f 1789/1911/1789 1796/1919/1796 1795/1918/1795
f 1796/1919/1796 1789/1911/1789 1790/1912/1790
f 1790/1912/1790 1797/1920/1797 1796/1919/1796
f 1797/1920/1797 1790/1912/1790 1791/1913/1791
f 1791/1913/1791 1798/1921/1798 1797/1920/1797
f 1798/1921/1798 1791/1913/1791 1792/1914/1792
f 1792/1914/1792 1799/1922/1799 1798/1921/1798
f 1799/1922/1799 1792/1914/1792 1793/1915/1793
f 1793/1915/1793 1800/1923/1800 1799/1922/1799
f 1800/1923/1800 1793/1915/1793 1728/1839/1728
f 1728/1839/1728 1736/1847/1736 1800/1923/1800
f 1620/1924/1620 1611/1916/1611 1794/1917/1794
f 1794/1917/1794 1801/1925/1801 1620/1924/1620
f 1801/1925/1801 1794/1917/1794 1795/1918/1795
f 1795/1918/1795 1802/1926/1802 1801/1925/1801
f 1802/1926/1802 1795/1918/1795 1796/1919/1796
f 1796/1919/1796 1803/1927/1803 1802/1926/1802
f 1803/1927/1803 1796/1919/1796 1797/1920/1797
f 1797/1920/1797 1804/1928/1804 1803/1927/1803
f 1804/1928/1804 1797/1920/1797 1798/1921/1798
f 1798/1921/1798 1805/1929/1805 1804/1928/1804
f 1805/1929/1805 1798/1921/1798 1799/1922/1799
f 1799/1922/1799 1806/1930/1806 1805/1929/1805
f 1806/1930/1806 1799/1922/1799 1800/1923/1800
f 1800/1923/1800 1807/1931/1807 1806/1930/1806
f 1807/1931/1807 1800/1923/1800 1736/1847/1736
f 1736/1847/1736 1744/1855/1744 1807/1931/1807
f 1629/1932/1629 1620/1924/1620 1801/1925/1801
f 1801/1925/1801 1808/1933/1808 1629/1932/1629
f 1808/1933/1808 1801/1925/1801 1802/1926/1802
f 1802/1926/1802 1809/1934/1809 1808/1933/1808
f 1809/1934/1809 1802/1926/1802 1803/1927/1803
f 1803/1927/1803 1810/1935/1810 1809/1934/1809
f 1810/1935/1810 1803/1927/1803 1804/1928/1804
f 1804/1928/1804 1811/1936/1811 1810/1935/1810
f 1811/1936/1811 1804/1928/1804 1805/1929/1805
f 1805/1929/1805 1812/1937/1812 1811/1936/1811
f 1812/1937/1812 1805/1929/1805 1806/1930/1806
f 1806/1930/1806 1813/1938/1813 1812/1937/1812
f 1813/1938/1813 1806/1930/1806 1807/1931/1807
f 1807/1931/1807 1814/1939/1814 1813/1938/1813
f 1814/1939/1814 1807/1931/1807 1744/1855/1744
f 1744/1855/1744 1752/1863/1752 1814/1939/1814
f 1638/1940/1638 1629/1932/1629 1808/1933/1808
f 1808/1933/1808 1815/1941/1815 1638/1940/1638
f 1815/1941/1815 1808/1933/1808 1809/1934/1809
f 1809/1934/1809 1816/1942/1816 1815/1941/1815
f 1816/1942/1816 1809/1934/1809 1810/1935/1810
f 1810/1935/1810 1817/1943/1817 1816/1942/1816
f 1817/1943/1817 1810/1935/1810 1811/1936/1811
f 1811/1936/1811 1818/1944/1818 1817/1943/1817
f 1818/1944/1818 1811/1936/1811 1812/1937/1812
f 1812/1937/1812 1819/1945/1819 1818/1944/1818
f 1819/1945/1819 1812/1937/1812 1813/1938/1813
f 1813/1938/1813 1820/1946/1820 1819/1945/1819
f 1820/1946/1820 1813/1938/1813 1814/1939/1814
f 1814/1939/1814 1821/1947/1821 1820/1946/1820
f 1821/1947/1821 1814/1939/1814 1752/1863/1752
f 1752/1863/1752 1759/1870/1759 1821/1947/1821
f 1822/1948/1822 1815/1941/1815 1816/1942/1816
f 1816/1942/1816 1823/1949/1823 1822/1948/1822
f 1823/1949/1823 1816/1942/1816 1817/1943/1817
f 1817/1943/1817 1824/1950/1824 1823/1949/1823
f 1824/1950/1824 1817/1943/1817 1818/1944/1818
f 1818/1944/1818 1825/1951/1825 1824/1950/1824
f 1825/1951/1825 1818/1944/1818 1819/1945/1819
f 1819/1945/1819 1826/1952/1826 1825/1951/1825
f 1826/1952/1826 1819/1945/1819 1820/1946/1820
f 1820/1946/1820 1827/1953/1827 1826/1952/1826
f 1827/1953/1827 1820/1946/1820 1821/1947/1821
f 1821/1947/1821 1828/1954/1828 1827/1953/1827
f 1828/1954/1828 1821/1947/1821 1759/1870/1759
f 1759/1870/1759 1766/1877/1766 1828/1954/1828
f 1370/1662/1370 184/1956/184 86/1955/86
f 1579/1663/1579 184/1956/184 1370/1662/1370
f 1579/1663/1579 187/1957/187 184/1956/184
f 1579/1663/1579 190/1958/190 187/1957/187
f 1773/1894/1773 190/1958/190 1579/1663/1579
f 1773/1894/1773 193/1959/193 190/1958/190
f 196/1960/196 193/1959/193 1773/1894/1773
f 199/1961/199 196/1960/196 1780/1901/1780
f 1780/1901/1780 196/1960/196 1773/1894/1773
f 202/1962/202 199/1961/199 1780/1901/1780
f 205/1963/205 202/1962/202 1787/1909/1787
f 1787/1909/1787 202/1962/202 1780/1901/1780
f 1787/1909/1787 208/1964/208 205/1963/205
f 1602/1908/1602 208/1964/208 1787/1909/1787
f 1602/1908/1602 116/1965/116 208/1964/208
f 1638/1940/1638 381/1967/381 286/1966/286
f 1815/1941/1815 381/1967/381 1638/1940/1638
f 1815/1941/1815 384/1968/384 381/1967/381
f 1815/1941/1815 387/1969/387 384/1968/384
f 1822/1948/1822 387/1969/387 1815/1941/1815
f 1822/1948/1822 390/1970/390 387/1969/387
f 1648/1732/1648 1647/1731/1647 1829/1971/1829
f 1829/1971/1829 1830/1972/1830 1648/1732/1648
f 1649/1733/1649 1648/1732/1648 1830/1972/1830
f 1830/1972/1830 1831/1973/1831 1649/1733/1649
f 1650/1734/1650 1649/1733/1649 1831/1973/1831
f 1831/1973/1831 1832/1974/1832 1650/1734/1650
f 1651/1735/1651 1650/1734/1650 1832/1974/1832
f 1832/1974/1832 1833/1975/1833 1651/1735/1651
f 1652/1736/1652 1651/1735/1651 1833/1975/1833
f 1833/1975/1833 1834/1976/1834 1652/1736/1652
f 1653/1737/1653 1652/1736/1652 1834/1976/1834
f 1834/1976/1834 1835/1977/1835 1653/1737/1653
f 1654/1738/1654 1653/1737/1653 1835/1977/1835
f 1835/1977/1835 1836/1978/1836 1654/1738/1654
f 1830/1972/1830 1829/1971/1829 1837/1979/1837
f 1837/1979/1837 1838/1980/1838 1830/1972/1830
f 1831/1973/1831 1830/1972/1830 1838/1980/1838
f 1838/1980/1838 1839/1981/1839 1831/1973/1831
f 1832/1974/1832 1831/1973/1831 1839/1981/1839
f 1839/1981/1839 1840/1982/1840 1832/1974/1832
f 1833/1975/1833 1832/1974/1832 1840/1982/1840
f 1840/1982/1840 1841/1983/1841 1833/1975/1833
f 1834/1976/1834 1833/1975/1833 1841/1983/1841
f 1841/1983/1841 1842/1984/1842 1834/1976/1834
f 1835/1977/1835 1834/1976/1834 1842/1984/1842
f 1842/1984/1842 1843/1985/1843 1835/1977/1835
f 1836/1978/1836 1835/1977/1835 1843/1985/1843
f 1843/1985/1843 1844/1986/1844 1836/1978/1836
f 1838/1980/1838 1837/1979/1837 1846/1988/1846
f 1846/1988/1846 1847/1989/1847 1838/1980/1838
f 1839/1981/1839 1838/1980/1838 1847/1989/1847
f 1847/1989/1847 1848/1990/1848 1839/1981/1839
f 1840/1982/1840 1839/1981/1839 1848/1990/1848
f 1848/1990/1848 1849/1991/1849 1840/1982/1840
f 1841/1983/1841 1840/1982/1840 1849/1991/1849
f 1849/1991/1849 1850/1992/1850 1841/1983/1841
f 1842/1984/1842 1841/1983/1841 1850/1992/1850
f 1850/1992/1850 1851/1993/1851 1842/1984/1842
f 1843/1985/1843 1842/1984/1842 1851/1993/1851
f 1851/1993/1851 1852/1994/1852 1843/1985/1843
f 1844/1986/1844 1843/1985/1843 1852/1994/1852
f 1852/1994/1852 1853/1995/1853 1844/1986/1844
f 1846/1988/1846 1845/1987/1845 1854/1996/1854
f 1854/1996/1854 1855/1997/1855 1846/1988/1846
f 1847/1989/1847 1846/1988/1846 1855/1997/1855
f 1855/1997/1855 1856/1998/1856 1847/1989/1847
f 1848/1990/1848 1847/1989/1847 1856/1998/1856
f 1856/1998/1856 1857/1999/1857 1848/1990/1848
f 1849/1991/1849 1848/1990/1848 1857/1999/1857
f 1857/1999/1857 1858/2000/1858 1849/1991/1849
f 1850/1992/1850 1849/1991/1849 1858/2000/1858
f 1858/2000/1858 1859/2001/1859 1850/1992/1850
f 1851/1993/1851 1850/1992/1850 1859/2001/1859
f 1859/2001/1859 1860/2002/1860 1851/1993/1851
f 1852/1994/1852 1851/1993/1851 1860/2002/1860
f 1860/2002/1860 1861/2003/1861 1852/1994/1852
f 1853/1995/1853 1852/1994/1852 1861/2003/1861
f 1861/2003/1861 1862/2004/1862 1853/1995/1853
f 1855/1997/1855 1854/1996/1854 1863/2005/1863
f 1863/2005/1863 1864/2006/1864 1855/1997/1855
f 1856/1998/1856 1855/1997/1855 1864/2006/1864
f 1864/2006/1864 1865/2007/1865 1856/1998/1856
f 1857/1999/1857 1856/1998/1856 1865/2007/1865
f 1865/2007/1865 1866/2008/1866 1857/1999/1857
f 1858/2000/1858 1857/1999/1857 1866/2008/1866
f 1866/2008/1866 1867/2009/1867 1858/2000/1858
f 1859/2001/1859 1858/2000/1858 1867/2009/1867
f 1867/2009/1867 1868/2010/1868 1859/2001/1859
f 1860/2002/1860 1859/2001/1859 1868/2010/1868
f 1868/2010/1868 1869/2011/1869 1860/2002/1860
f 1861/2003/1861 1860/2002/1860 1869/2011/1869
f 1869/2011/1869 1870/2012/1870 1861/2003/1861
f 1862/2004/1862 1861/2003/1861 1870/2012/1870
f 1870/2012/1870 1871/2013/1871 1862/2004/1862
f 1864/2006/1864 1863/2005/1863 1872/2014/1872
f 1872/2014/1872 1873/2015/1873 1864/2006/1864
f 1865/2007/1865 1864/2006/1864 1873/2015/1873
f 1873/2015/1873 1874/2016/1874 1865/2007/1865
f 1866/2008/1866 1865/2007/1865 1874/2016/1874
f 1874/2016/1874 1875/2017/1875 1866/2008/1866
f 1867/2009/1867 1866/2008/1866 1875/2017/1875
f 1875/2017/1875 1876/2018/1876 1867/2009/1867
f 1868/2010/1868 1867/2009/1867 1876/2018/1876
f 1876/2018/1876 1877/2019/1877 1868/2010/1868
f 1869/2011/1869 1868/2010/1868 1877/2019/1877
f 1877/2019/1877 1878/2020/1878 1869/2011/1869
f 1870/2012/1870 1869/2011/1869 1878/2020/1878
f 1878/2020/1878 1879/2021/1879 1870/2012/1870
f 1871/2013/1871 1870/2012/1870 1879/2021/1879
f 1879/2021/1879 1880/2022/1880 1871/2013/1871
f 1873/2015/1873 1872/2014/1872 1881/2023/1881
f 1881/2023/1881 1882/2024/1882 1873/2015/1873
f 1874/2016/1874 1873/2015/1873 1882/2024/1882
f 1882/2024/1882 1883/2025/1883 1874/2016/1874
f 1875/2017/1875 1874/2016/1874 1883/2025/1883
f 1883/2025/1883 1884/2026/1884 1875/2017/1875
f 1876/2018/1876 1875/2017/1875 1884/2026/1884
f 1884/2026/1884 1885/2027/1885 1876/2018/1876
f 1877/2019/1877 1876/2018/1876 1885/2027/1885
f 1885/2027/1885 1886/2028/1886 1877/2019/1877
f 1878/2020/1878 1877/2019/1877 1886/2028/1886
f 1886/2028/1886 1887/2029/1887 1878/2020/1878
f 1879/2021/1879 1878/2020/1878 1887/2029/1887
f 1887/2029/1887 1888/2030/1888 1879/2021/1879
f 1880/2022/1880 1879/2021/1879 1888/2030/1888
f 1888/2030/1888 1889/2031/1889 1880/2022/1880
f 1882/2024/1882 1881/2023/1881 1890/2032/1890
f 1890/2032/1890 1891/2033/1891 1882/2024/1882
f 1883/2025/1883 1882/2024/1882 1891/2033/1891
f 1891/2033/1891 1892/2034/1892 1883/2025/1883
f 1884/2026/1884 1883/2025/1883 1892/2034/1892
f 1892/2034/1892 1893/2035/1893 1884/2026/1884
f 1885/2027/1885 1884/2026/1884 1893/2035/1893
f 1893/2035/1893 1894/2036/1894 1885/2027/1885
f 1886/2028/1886 1885/2027/1885 1894/2036/1894
f 1894/2036/1894 1895/2037/1895 1886/2028/1886
f 1887/2029/1887 1886/2028/1886 1895/2037/1895
f 1895/2037/1895 1896/2038/1896 1887/2029/1887
f 1888/2030/1888 1887/2029/1887 1896/2038/1896
f 1896/2038/1896 1897/2039/1897 1888/2030/1888
f 1889/2031/1889 1888/2030/1888 1897/2039/1897
f 1897/2039/1897 1898/2040/1898 1889/2031/1889
f 301/2041/301 1647/1731/1647 298/1754/298
f 301/2041/301 1829/1971/1829 1647/1731/1647
f 304/2042/304 1829/1971/1829 301/2041/301
f 307/2043/307 1829/1971/1829 304/2042/304
f 307/2043/307 1837/1979/1837 1829/1971/1829
f 307/2043/307 310/2044/310 1837/1979/1837
f 310/2044/310 313/2045/313 1837/1979/1837
f 316/2046/316 1837/1979/1837 313/2045/313
f 316/2046/316 1846/1988/1846 1837/1979/1837
f 316/2046/316 1845/1987/1845 1846/1988/1846
f 319/2047/319 1845/1987/1845 316/2046/316
f 1706/1806/1706 1654/1738/1654 1836/1978/1836
f 1836/1978/1836 1899/2048/1899 1706/1806/1706
f 1707/1807/1707 1706/1806/1706 1899/2048/1899
f 1899/2048/1899 1900/2049/1900 1707/1807/1707
f 1708/1808/1708 1707/1807/1707 1900/2049/1900
f 1900/2049/1900 1901/2050/1901 1708/1808/1708
f 1709/1809/1709 1708/1808/1708 1901/2050/1901
f 1901/2050/1901 1902/2051/1902 1709/1809/1709
f 1710/1810/1710 1709/1809/1709 1902/2051/1902
f 1902/2051/1902 1903/2052/1903 1710/1810/1710
f 1711/1811/1711 1710/1810/1710 1903/2052/1903
f 1903/2052/1903 1904/2053/1904 1711/1811/1711
f 1899/2048/1899 1836/1978/1836 1844/1986/1844
f 1844/1986/1844 1906/2055/1906 1899/2048/1899
f 1900/2049/1900 1899/2048/1899 1906/2055/1906
f 1906/2055/1906 1907/2056/1907 1900/2049/1900
f 1901/2050/1901 1900/2049/1900 1907/2056/1907
f 1907/2056/1907 1908/2057/1908 1901/2050/1901
f 1902/2051/1902 1901/2050/1901 1908/2057/1908
f 1908/2057/1908 1909/2058/1909 1902/2051/1902
f 1903/2052/1903 1902/2051/1902 1909/2058/1909
f 1909/2058/1909 1910/2059/1910 1903/2052/1903
f 1904/2053/1904 1903/2052/1903 1910/2059/1910
f 1910/2059/1910 1911/2060/1911 1904/2053/1904
f 1905/2054/1905 1904/2053/1904 1911/2060/1911
f 1911/2060/1911 1912/2061/1912 1905/2054/1905
f 1906/2055/1906 1844/1986/1844 1853/1995/1853
f 1853/1995/1853 1914/2063/1914 1906/2055/1906
f 1907/2056/1907 1906/2055/1906 1914/2063/1914
f 1914/2063/1914 1915/2064/1915 1907/2056/1907
f 1908/2057/1908 1907/2056/1907 1915/2064/1915
f 1915/2064/1915 1916/2065/1916 1908/2057/1908
f 1909/2058/1909 1908/2057/1908 1916/2065/1916
f 1916/2065/1916 1917/2066/1917 1909/2058/1909
f 1910/2059/1910 1909/2058/1909 1917/2066/1917
f 1917/2066/1917 1918/2067/1918 1910/2059/1910
f 1911/2060/1911 1910/2059/1910 1918/2067/1918
f 1918/2067/1918 1919/2068/1919 1911/2060/1911
f 1912/2061/1912 1911/2060/1911 1919/2068/1919
f 1919/2068/1919 1920/2069/1920 1912/2061/1912
f 1913/2062/1913 1912/2061/1912 1920/2069/1920
f 1920/2069/1920 1921/2070/1921 1913/2062/1913
f 1914/2063/1914 1853/1995/1853 1862/2004/1862
f 1862/2004/1862 1922/2071/1922 1914/2063/1914
f 1915/2064/1915 1914/2063/1914 1922/2071/1922
f 1922/2071/1922 1923/2072/1923 1915/2064/1915
f 1916/2065/1916 1915/2064/1915 1923/2072/1923
f 1923/2072/1923 1924/2073/1924 1916/2065/1916
f 1917/2066/1917 1916/2065/1916 1924/2073/1924
f 1924/2073/1924 1925/2074/1925 1917/2066/1917
f 1918/2067/1918 1917/2066/1917 1925/2074/1925
f 1925/2074/1925 1926/2075/1926 1918/2067/1918
f 1919/2068/1919 1918/2067/1918 1926/2075/1926
f 1926/2075/1926 1927/2076/1927 1919/2068/1919
f 1920/2069/1920 1919/2068/1919 1927/2076/1927
f 1927/2076/1927 1928/2077/1928 1920/2069/1920
f 1921/2070/1921 1920/2069/1920 1928/2077/1928
f 1928/2077/1928 1929/2078/1929 1921/2070/1921
f 1922/2071/1922 1862/2004/1862 1871/2013/1871
f 1871/2013/1871 1930/2079/1930 1922/2071/1922
f 1923/2072/1923 1922/2071/1922 1930/2079/1930
f 1930/2079/1930 1931/2080/1931 1923/2072/1923
f 1924/2073/1924 1923/2072/1923 1931/2080/1931
f 1931/2080/1931 1932/2081/1932 1924/2073/1924
f 1925/2074/1925 1924/2073/1924 1932/2081/1932
f 1932/2081/1932 1933/2082/1933 1925/2074/1925
f 1926/2075/1926 1925/2074/1925 1933/2082/1933
f 1933/2082/1933 1934/2083/1934 1926/2075/1926
f 1927/2076/1927 1926/2075/1926 1934/2083/1934
f 1934/2083/1934 1935/2084/1935 1927/2076/1927
f 1928/2077/1928 1927/2076/1927 1935/2084/1935
f 1935/2084/1935 1936/2085/1936 1928/2077/1928
f 1929/2078/1929 1928/2077/1928 1936/2085/1936
f 1936/2085/1936 1937/2086/1937 1929/2078/1929
f 1930/2079/1930 1871/2013/1871 1880/2022/1880
f 1880/2022/1880 1938/2087/1938 1930/2079/1930
f 1931/2080/1931 1930/2079/1930 1938/2087/1938
f 1938/2087/1938 1939/2088/1939 1931/2080/1931
f 1932/2081/1932 1931/2080/1931 1939/2088/1939
f 1939/2088/1939 1940/2089/1940 1932/2081/1932
f 1933/2082/1933 1932/2081/1932 1940/2089/1940
f 1940/2089/1940 1941/2090/1941 1933/2082/1933
f 1934/2083/1934 1933/2082/1933 1941/2090/1941
f 1941/2090/1941 1942/2091/1942 1934/2083/1934
f 1935/2084/1935 1934/2083/1934 1942/2091/1942
f 1942/2091/1942 1943/2092/1943 1935/2084/1935
f 1936/2085/1936 1935/2084/1935 1943/2092/1943
f 1943/2092/1943 1944/2093/1944 1936/2085/1936
f 1937/2086/1937 1936/2085/1936 1944/2093/1944
f 1944/2093/1944 1945/2094/1945 1937/2086/1937
f 1938/2087/1938 1880/2022/1880 1889/2031/1889
f 1889/2031/1889 1946/2095/1946 1938/2087/1938
f 1939/2088/1939 1938/2087/1938 1946/2095/1946
f 1946/2095/1946 1947/2096/1947 1939/2088/1939
f 1940/2089/1940 1939/2088/1939 1947/2096/1947
f 1947/2096/1947 1948/2097/1948 1940/2089/1940
f 1941/2090/1941 1940/2089/1940 1948/2097/1948
f 1948/2097/1948 1949/2098/1949 1941/2090/1941
f 1942/2091/1942 1941/2090/1941 1949/2098/1949
f 1949/2098/1949 1950/2099/1950 1942/2091/1942
f 1943/2092/1943 1942/2091/1942 1950/2099/1950
f 1950/2099/1950 1951/2100/1951 1943/2092/1943
f 1944/2093/1944 1943/2092/1943 1951/2100/1951
f 1951/2100/1951 1952/2101/1952 1944/2093/1944
f 1945/2094/1945 1944/2093/1944 1952/2101/1952
f 1952/2101/1952 1953/2102/1953 1945/2094/1945
f 1946/2095/1946 1889/2031/1889 1898/2040/1898
f 1898/2040/1898 1954/2103/1954 1946/2095/1946
f 1947/2096/1947 1946/2095/1946 1954/2103/1954
f 1954/2103/1954 1955/2104/1955 1947/2096/1947
f 1948/2097/1948 1947/2096/1947 1955/2104/1955
f 1955/2104/1955 1956/2105/1956 1948/2097/1948
f 1949/2098/1949 1948/2097/1948 1956/2105/1956
f 1956/2105/1956 1957/2106/1957 1949/2098/1949
f 1950/2099/1950 1949/2098/1949 1957/2106/1957
f 1957/2106/1957 1958/2107/1958 1950/2099/1950
f 1951/2100/1951 1950/2099/1950 1958/2107/1958
f 1958/2107/1958 1959/2108/1959 1951/2100/1951
f 1952/2101/1952 1951/2100/1951 1959/2108/1959
f 1959/2108/1959 1960/2109/1960 1952/2101/1952
f 1953/2102/1953 1952/2101/1952 1960/2109/1960
f 1960/2109/1960 1961/2110/1961 1953/2102/1953
f 664/1822/664 1904/2053/1904 667/2111/667
f 664/1822/664 1711/1811/1711 1904/2053/1904
f 667/2111/667 1905/2054/1905 670/2112/670
f 667/2111/667 1904/2053/1904 1905/2054/1905
f 670/2112/670 1905/2054/1905 673/2113/673
f 673/2113/673 1912/2061/1912 676/2114/676
f 673/2113/673 1905/2054/1905 1912/2061/1912
f 679/2115/679 676/2114/676 1912/2061/1912
f 679/2115/679 1912/2061/1912 1913/2062/1913
f 1962/2116/1962 1766/1877/1766 1767/1878/1767
f 1767/1878/1767 1963/2117/1963 1962/2116/1962
f 1963/2117/1963 1767/1878/1767 1768/1879/1768
f 1768/1879/1768 1964/2118/1964 1963/2117/1963
f 1964/2118/1964 1768/1879/1768 1769/1880/1769
f 1769/1880/1769 1965/2119/1965 1964/2118/1964
f 1965/2119/1965 1769/1880/1769 1770/1881/1770
f 1770/1881/1770 1966/2120/1966 1965/2119/1965
f 1966/2120/1966 1770/1881/1770 1771/1882/1771
f 1771/1882/1771 1967/2121/1967 1966/2120/1966
f 1967/2121/1967 1771/1882/1771 1772/1883/1772
f 1772/1883/1772 1968/2122/1968 1967/2121/1967
f 1970/2124/1970 1962/2116/1962 1963/2117/1963
f 1963/2117/1963 1971/2125/1971 1970/2124/1970
f 1971/2125/1971 1963/2117/1963 1964/2118/1964
f 1964/2118/1964 1972/2126/1972 1971/2125/1971
f 1972/2126/1972 1964/2118/1964 1965/2119/1965
f 1965/2119/1965 1973/2127/1973 1972/2126/1972
f 1973/2127/1973 1965/2119/1965 1966/2120/1966
f 1966/2120/1966 1974/2128/1974 1973/2127/1973
f 1974/2128/1974 1966/2120/1966 1967/2121/1967
f 1967/2121/1967 1975/2129/1975 1974/2128/1974
f 1975/2129/1975 1967/2121/1967 1968/2122/1968
f 1968/2122/1968 1976/2130/1976 1975/2129/1975
f 1976/2130/1976 1968/2122/1968 1969/2123/1969
f 1969/2123/1969 1977/2131/1977 1976/2130/1976
f 1978/2132/1978 1970/2124/1970 1971/2125/1971
f 1971/2125/1971 1979/2133/1979 1978/2132/1978
f 1979/2133/1979 1971/2125/1971 1972/2126/1972
f 1972/2126/1972 1980/2134/1980 1979/2133/1979
f 1980/2134/1980 1972/2126/1972 1973/2127/1973
f 1973/2127/1973 1981/2135/1981 1980/2134/1980
f 1981/2135/1981 1973/2127/1973 1974/2128/1974
f 1974/2128/1974 1982/2136/1982 1981/2135/1981
f 1982/2136/1982 1974/2128/1974 1975/2129/1975
f 1975/2129/1975 1983/2137/1983 1982/2136/1982
f 1983/2137/1983 1975/2129/1975 1976/2130/1976
f 1976/2130/1976 1984/2138/1984 1983/2137/1983
f 1984/2138/1984 1976/2130/1976 1977/2131/1977
f 1977/2131/1977 1985/2139/1985 1984/2138/1984
f 1985/2139/1985 1977/2131/1977 1913/2062/1913
f 1913/2062/1913 1921/2070/1921 1985/2139/1985
f 1986/2140/1986 1978/2132/1978 1979/2133/1979
f 1979/2133/1979 1987/2141/1987 1986/2140/1986
f 1987/2141/1987 1979/2133/1979 1980/2134/1980
f 1980/2134/1980 1988/2142/1988 1987/2141/1987
f 1988/2142/1988 1980/2134/1980 1981/2135/1981
f 1981/2135/1981 1989/2143/1989 1988/2142/1988
f 1989/2143/1989 1981/2135/1981 1982/2136/1982
f 1982/2136/1982 1990/2144/1990 1989/2143/1989
f 1990/2144/1990 1982/2136/1982 1983/2137/1983
f 1983/2137/1983 1991/2145/1991 1990/2144/1990
f 1991/2145/1991 1983/2137/1983 1984/2138/1984
f 1984/2138/1984 1992/2146/1992 1991/2145/1991
f 1992/2146/1992 1984/2138/1984 1985/2139/1985
f 1985/2139/1985 1993/2147/1993 1992/2146/1992
f 1993/2147/1993 1985/2139/1985 1921/2070/1921
f 1921/2070/1921 1929/2078/1929 1993/2147/1993
f 1994/2148/1994 1986/2140/1986 1987/2141/1987
f 1987/2141/1987 1995/2149/1995 1994/2148/1994
f 1995/2149/1995 1987/2141/1987 1988/2142/1988
f 1988/2142/1988 1996/2150/1996 1995/2149/1995
f 1996/2150/1996 1988/2142/1988 1989/2143/1989
f 1989/2143/1989 1997/2151/1997 1996/2150/1996
f 1997/2151/1997 1989/2143/1989 1990/2144/1990
f 1990/2144/1990 1998/2152/1998 1997/2151/1997
f 1998/2152/1998 1990/2144/1990 1991/2145/1991
f 1991/2145/1991 1999/2153/1999 1998/2152/1998
f 1999/2153/1999 1991/2145/1991 1992/2146/1992
f 1992/2146/1992 2000/2154/2000 1999/2153/1999
f 2000/2154/2000 1992/2146/1992 1993/2147/1993
f 1993/2147/1993 2001/2155/2001 2000/2154/2000
f 2001/2155/2001 1993/2147/1993 1929/2078/1929
f 1929/2078/1929 1937/2086/1937 2001/2155/2001
f 2002/2156/2002 1994/2148/1994 1995/2149/1995
f 1995/2149/1995 2003/2157/2003 2002/2156/2002
f 2003/2157/2003 1995/2149/1995 1996/2150/1996
f 1996/2150/1996 2004/2158/2004 2003/2157/2003
f 2004/2158/2004 1996/2150/1996 1997/2151/1997
f 1997/2151/1997 2005/2159/2005 2004/2158/2004
f 2005/2159/2005 1997/2151/1997 1998/2152/1998
f 1998/2152/1998 2006/2160/2006 2005/2159/2005
f 2006/2160/2006 1998/2152/1998 1999/2153/1999
f 1999/2153/1999 2007/2161/2007 2006/2160/2006
f 2007/2161/2007 1999/2153/1999 2000/2154/2000
f 2000/2154/2000 2008/2162/2008 2007/2161/2007
f 2008/2162/2008 2000/2154/2000 2001/2155/2001
f 2001/2155/2001 2009/2163/2009 2008/2162/2008
f 2009/2163/2009 2001/2155/2001 1937/2086/1937
f 1937/2086/1937 1945/2094/1945 2009/2163/2009
f 2010/2164/2010 2002/2156/2002 2003/2157/2003
f 2003/2157/2003 2011/2165/2011 2010/2164/2010
f 2011/2165/2011 2003/2157/2003 2004/2158/2004
f 2004/2158/2004 2012/2166/2012 2011/2165/2011
f 2012/2166/2012 2004/2158/2004 2005/2159/2005
f 2005/2159/2005 2013/2167/2013 2012/2166/2012
f 2013/2167/2013 2005/2159/2005 2006/2160/2006
f 2006/2160/2006 2014/2168/2014 2013/2167/2013
f 2014/2168/2014 2006/2160/2006 2007/2161/2007
f 2007/2161/2007 2015/2169/2015 2014/2168/2014
f 2015/2169/2015 2007/2161/2007 2008/2162/2008
f 2008/2162/2008 2016/2170/2016 2015/2169/2015
f 2016/2170/2016 2008/2162/2008 2009/2163/2009
f 2009/2163/2009 2017/2171/2017 2016/2170/2016
f 2017/2171/2017 2009/2163/2009 1945/2094/1945
f 1945/2094/1945 1953/2102/1953 2017/2171/2017
f 2018/2172/2018 2010/2164/2010 2011/2165/2011
f 2011/2165/2011 2019/2173/2019 2018/2172/2018
f 2019/2173/2019 2011/2165/2011 2012/2166/2012
f 2012/2166/2012 2020/2174/2020 2019/2173/2019
f 2020/2174/2020 2012/2166/2012 2013/2167/2013
f 2013/2167/2013 2021/2175/2021 2020/2174/2020
f 2021/2175/2021 2013/2167/2013 2014/2168/2014
f 2014/2168/2014 2022/2176/2022 2021/2175/2021
f 2022/2176/2022 2014/2168/2014 2015/2169/2015
f 2015/2169/2015 2023/2177/2023 2022/2176/2022
f 2023/2177/2023 2015/2169/2015 2016/2170/2016
f 2016/2170/2016 2024/2178/2024 2023/2177/2023
f 2024/2178/2024 2016/2170/2016 2017/2171/2017
f 2017/2171/2017 2025/2179/2025 2024/2178/2024
f 2025/2179/2025 2017/2171/2017 1953/2102/1953
f 1953/2102/1953 1961/2110/1961 2025/2179/2025
f 1968/2122/1968 772/1893/772 775/2180/775
f 1772/1883/1772 772/1893/772 1968/2122/1968
f 1969/2123/1969 775/2180/775 778/2181/778
f 1968/2122/1968 775/2180/775 1969/2123/1969
f 1969/2123/1969 778/2181/778 781/2182/781
f 1977/2131/1977 781/2182/781 784/2183/784
f 1969/2123/1969 781/2182/781 1977/2131/1977
f 784/2183/784 679/2115/679 1977/2131/1977
f 1977/2131/1977 679/2115/679 1913/2062/1913
f 2026/2184/2026 1822/1948/1822 1823/1949/1823
f 1823/1949/1823 2027/2185/2027 2026/2184/2026
f 2027/2185/2027 1823/1949/1823 1824/1950/1824
f 1824/1950/1824 2028/2186/2028 2027/2185/2027
f 2028/2186/2028 1824/1950/1824 1825/1951/1825
f 1825/1951/1825 2029/2187/2029 2028/2186/2028
f 2029/2187/2029 1825/1951/1825 1826/1952/1826
f 1826/1952/1826 2030/2188/2030 2029/2187/2029
f 2030/2188/2030 1826/1952/1826 1827/1953/1827
f 1827/1953/1827 2031/2189/2031 2030/2188/2030
f 2031/2189/2031 1827/1953/1827 1828/1954/1828
f 1828/1954/1828 2032/2190/2032 2031/2189/2031
f 2032/2190/2032 1828/1954/1828 1766/1877/1766
f 1766/1877/1766 1962/2116/1962 2032/2190/2032
f 2033/2191/2033 2026/2184/2026 2027/2185/2027
f 2027/2185/2027 2034/2192/2034 2033/2191/2033
f 2034/2192/2034 2027/2185/2027 2028/2186/2028
f 2028/2186/2028 2035/2193/2035 2034/2192/2034
f 2035/2193/2035 2028/2186/2028 2029/2187/2029
f 2029/2187/2029 2036/2194/2036 2035/2193/2035
f 2036/2194/2036 2029/2187/2029 2030/2188/2030
f 2030/2188/2030 2037/2195/2037 2036/2194/2036
f 2037/2195/2037 2030/2188/2030 2031/2189/2031
f 2031/2189/2031 2038/2196/2038 2037/2195/2037
f 2038/2196/2038 2031/2189/2031 2032/2190/2032
f 2032/2190/2032 2039/2197/2039 2038/2196/2038
f 2039/2197/2039 2032/2190/2032 1962/2116/1962
f 1962/2116/1962 1970/2124/1970 2039/2197/2039
f 2040/2199/2040 2033/2191/2033 2034/2192/2034
f 2034/2192/2034 2041/2200/2041 2040/2199/2040
f 2041/2200/2041 2034/2192/2034 2035/2193/2035
f 2035/2193/2035 2042/2201/2042 2041/2200/2041
f 2042/2201/2042 2035/2193/2035 2036/2194/2036
f 2036/2194/2036 2043/2202/2043 2042/2201/2042
f 2043/2202/2043 2036/2194/2036 2037/2195/2037
f 2037/2195/2037 2044/2203/2044 2043/2202/2043
f 2044/2203/2044 2037/2195/2037 2038/2196/2038
f 2038/2196/2038 2045/2204/2045 2044/2203/2044
f 2045/2204/2045 2038/2196/2038 2039/2197/2039
f 2039/2197/2039 2046/2205/2046 2045/2204/2045
f 2046/2205/2046 2039/2197/2039 1970/2124/1970
f 1970/2124/1970 1978/2132/1978 2046/2205/2046
f 1854/2206/1854 1845/2198/1845 2040/2199/2040
f 2040/2199/2040 2047/2207/2047 1854/2206/1854
f 2047/2207/2047 2040/2199/2040 2041/2200/2041
f 2041/2200/2041 2048/2208/2048 2047/2207/2047
f 2048/2208/2048 2041/2200/2041 2042/2201/2042
f 2042/2201/2042 2049/2209/2049 2048/2208/2048
f 2049/2209/2049 2042/2201/2042 2043/2202/2043
f 2043/2202/2043 2050/2210/2050 2049/2209/2049
f 2050/2210/2050 2043/2202/2043 2044/2203/2044
f 2044/2203/2044 2051/2211/2051 2050/2210/2050
f 2051/2211/2051 2044/2203/2044 2045/2204/2045
f 2045/2204/2045 2052/2212/2052 2051/2211/2051
f 2052/2212/2052 2045/2204/2045 2046/2205/2046
f 2046/2205/2046 2053/2213/2053 2052/2212/2052
f 2053/2213/2053 2046/2205/2046 1978/2132/1978
f 1978/2132/1978 1986/2140/1986 2053/2213/2053
f 1863/2214/1863 1854/2206/1854 2047/2207/2047
f 2047/2207/2047 2054/2215/2054 1863/2214/1863
f 2054/2215/2054 2047/2207/2047 2048/2208/2048
f 2048/2208/2048 2055/2216/2055 2054/2215/2054
f 2055/2216/2055 2048/2208/2048 2049/2209/2049
f 2049/2209/2049 2056/2217/2056 2055/2216/2055
f 2056/2217/2056 2049/2209/2049 2050/2210/2050
f 2050/2210/2050 2057/2218/2057 2056/2217/2056
f 2057/2218/2057 2050/2210/2050 2051/2211/2051
f 2051/2211/2051 2058/2219/2058 2057/2218/2057
f 2058/2219/2058 2051/2211/2051 2052/2212/2052
f 2052/2212/2052 2059/2220/2059 2058/2219/2058
f 2059/2220/2059 2052/2212/2052 2053/2213/2053
f 2053/2213/2053 2060/2221/2060 2059/2220/2059
f 2060/2221/2060 2053/2213/2053 1986/2140/1986
f 1986/2140/1986 1994/2148/1994 2060/2221/2060
f 1872/2222/1872 1863/2214/1863 2054/2215/2054
f 2054/2215/2054 2061/2223/2061 1872/2222/1872
f 2061/2223/2061 2054/2215/2054 2055/2216/2055
f 2055/2216/2055 2062/2224/2062 2061/2223/2061
f 2062/2224/2062 2055/2216/2055 2056/2217/2056
f 2056/2217/2056 2063/2225/2063 2062/2224/2062
f 2063/2225/2063 2056/2217/2056 2057/2218/2057
f 2057/2218/2057 2064/2226/2064 2063/2225/2063
f 2064/2226/2064 2057/2218/2057 2058/2219/2058
f 2058/2219/2058 2065/2227/2065 2064/2226/2064
f 2065/2227/2065 2058/2219/2058 2059/2220/2059
f 2059/2220/2059 2066/2228/2066 2065/2227/2065
f 2066/2228/2066 2059/2220/2059 2060/2221/2060
f 2060/2221/2060 2067/2229/2067 2066/2228/2066
f 2067/2229/2067 2060/2221/2060 1994/2148/1994
f 1994/2148/1994 2002/2156/2002 2067/2229/2067
f 1881/2230/1881 1872/2222/1872 2061/2223/2061
f 2061/2223/2061 2068/2231/2068 1881/2230/1881
f 2068/2231/2068 2061/2223/2061 2062/2224/2062
f 2062/2224/2062 2069/2232/2069 2068/2231/2068
f 2069/2232/2069 2062/2224/2062 2063/2225/2063
f 2063/2225/2063 2070/2233/2070 2069/2232/2069
f 2070/2233/2070 2063/2225/2063 2064/2226/2064
f 2064/2226/2064 2071/2234/2071 2070/2233/2070
f 2071/2234/2071 2064/2226/2064 2065/2227/2065
f 2065/2227/2065 2072/2235/2072 2071/2234/2071
f 2072/2235/2072 2065/2227/2065 2066/2228/2066
f 2066/2228/2066 2073/2236/2073 2072/2235/2072
f 2073/2236/2073 2066/2228/2066 2067/2229/2067
f 2067/2229/2067 2074/2237/2074 2073/2236/2073
f 2074/2237/2074 2067/2229/2067 2002/2156/2002
f 2002/2156/2002 2010/2164/2010 2074/2237/2074
f 1890/2238/1890 1881/2230/1881 2068/2231/2068
f 2068/2231/2068 2075/2239/2075 1890/2238/1890
f 2075/2239/2075 2068/2231/2068 2069/2232/2069
f 2069/2232/2069 2076/2240/2076 2075/2239/2075
f 2076/2240/2076 2069/2232/2069 2070/2233/2070
f 2070/2233/2070 2077/2241/2077 2076/2240/2076
f 2077/2241/2077 2070/2233/2070 2071/2234/2071
f 2071/2234/2071 2078/2242/2078 2077/2241/2077
f 2078/2242/2078 2071/2234/2071 2072/2235/2072
f 2072/2235/2072 2079/2243/2079 2078/2242/2078
f 2079/2243/2079 2072/2235/2072 2073/2236/2073
f 2073/2236/2073 2080/2244/2080 2079/2243/2079
f 2080/2244/2080 2073/2236/2073 2074/2237/2074
f 2074/2237/2074 2081/2245/2081 2080/2244/2080
f 2081/2245/2081 2074/2237/2074 2010/2164/2010
f 2010/2164/2010 2018/2172/2018 2081/2245/2081
f 1822/1948/1822 393/2246/393 390/1970/390
f 2026/2184/2026 393/2246/393 1822/1948/1822
f 2026/2184/2026 396/2247/396 393/2246/393
f 2026/2184/2026 399/2248/399 396/2247/396
f 2033/2191/2033 399/2248/399 2026/2184/2026
f 402/2249/402 399/2248/399 2033/2191/2033
f 405/2250/405 402/2249/402 2033/2191/2033
f 2033/2191/2033 408/2251/408 405/2250/405
f 2040/2199/2040 408/2251/408 2033/2191/2033
f 1845/2198/1845 408/2251/408 2040/2199/2040
f 1845/2198/1845 319/2252/319 408/2251/408
f 1891/2254/1891 1890/2253/1890 2082/2262/2082
f 2082/2262/2082 2083/2263/2083 1891/2254/1891
f 1892/2255/1892 1891/2254/1891 2083/2263/2083
f 2083/2263/2083 2084/2264/2084 1892/2255/1892
f 1893/2256/1893 1892/2255/1892 2084/2264/2084
f 2084/2264/2084 2085/2265/2085 1893/2256/1893
f 1894/2257/1894 1893/2256/1893 2085/2265/2085
f 2085/2265/2085 2086/2266/2086 1894/2257/1894
f 1895/2258/1895 1894/2257/1894 2086/2266/2086
f 2086/2266/2086 2087/2267/2087 1895/2258/1895
f 1896/2259/1896 1895/2258/1895 2087/2267/2087
f 2087/2267/2087 2088/2268/2088 1896/2259/1896
f 1897/2260/1897 1896/2259/1896 2088/2268/2088
f 2088/2268/2088 2089/2269/2089 1897/2260/1897
f 1898/2261/1898 1897/2260/1897 2089/2269/2089
f 2089/2269/2089 2090/2270/2090 1898/2261/1898
f 2083/2263/2083 2082/2262/2082 2091/2271/2091
f 2091/2271/2091 2092/2272/2092 2083/2263/2083
f 2084/2264/2084 2083/2263/2083 2092/2272/2092
f 2092/2272/2092 2093/2273/2093 2084/2264/2084
f 2085/2265/2085 2084/2264/2084 2093/2273/2093
f 2093/2273/2093 2094/2274/2094 2085/2265/2085
f 2086/2266/2086 2085/2265/2085 2094/2274/2094
f 2094/2274/2094 2095/2275/2095 2086/2266/2086
f 2087/2267/2087 2086/2266/2086 2095/2275/2095
f 2095/2275/2095 2096/2276/2096 2087/2267/2087
f 2088/2268/2088 2087/2267/2087 2096/2276/2096
f 2096/2276/2096 2097/2277/2097 2088/2268/2088
f 2089/2269/2089 2088/2268/2088 2097/2277/2097
f 2097/2277/2097 2098/2278/2098 2089/2269/2089
f 2090/2270/2090 2089/2269/2089 2098/2278/2098
f 2098/2278/2098 2099/2279/2099 2090/2270/2090
f 2092/2272/2092 2091/2271/2091 2100/2280/2100
f 2100/2280/2100 2101/2281/2101 2092/2272/2092
f 2093/2273/2093 2092/2272/2092 2101/2281/2101
f 2101/2281/2101 2102/2282/2102 2093/2273/2093
f 2094/2274/2094 2093/2273/2093 2102/2282/2102
f 2102/2282/2102 2103/2283/2103 2094/2274/2094
f 2095/2275/2095 2094/2274/2094 2103/2283/2103
f 2103/2283/2103 2104/2284/2104 2095/2275/2095
f 2096/2276/2096 2095/2275/2095 2104/2284/2104
f 2104/2284/2104 2105/2285/2105 2096/2276/2096
f 2097/2277/2097 2096/2276/2096 2105/2285/2105
f 2105/2285/2105 2106/2286/2106 2097/2277/2097
f 2098/2278/2098 2097/2277/2097 2106/2286/2106
f 2106/2286/2106 2107/2287/2107 2098/2278/2098
f 2099/2279/2099 2098/2278/2098 2107/2287/2107
f 2107/2287/2107 2108/2288/2108 2099/2279/2099
f 2101/2281/2101 2100/2280/2100 2109/2289/2109
f 2109/2289/2109 2110/2290/2110 2101/2281/2101
f 2102/2282/2102 2101/2281/2101 2110/2290/2110
f 2110/2290/2110 2111/2291/2111 2102/2282/2102
f 2103/2283/2103 2102/2282/2102 2111/2291/2111
f 2111/2291/2111 2112/2292/2112 2103/2283/2103
f 2104/2284/2104 2103/2283/2103 2112/2292/2112
f 2112/2292/2112 2113/2293/2113 2104/2284/2104
f 2105/2285/2105 2104/2284/2104 2113/2293/2113
f 2113/2293/2113 2114/2294/2114 2105/2285/2105
f 2106/2286/2106 2105/2285/2105 2114/2294/2114
f 2114/2294/2114 2115/2295/2115 2106/2286/2106
f 2107/2287/2107 2106/2286/2106 2115/2295/2115
f 2115/2295/2115 2116/2296/2116 2107/2287/2107
f 2108/2288/2108 2107/2287/2107 2116/2296/2116
f 2116/2296/2116 2117/2297/2117 2108/2288/2108
f 2110/2290/2110 2109/2289/2109 2118/2298/2118
f 2118/2298/2118 2119/2299/2119 2110/2290/2110
f 2111/2291/2111 2110/2290/2110 2119/2299/2119
f 2119/2299/2119 2120/2300/2120 2111/2291/2111
f 2112/2292/2112 2111/2291/2111 2120/2300/2120
f 2120/2300/2120 2121/2301/2121 2112/2292/2112
f 2113/2293/2113 2112/2292/2112 2121/2301/2121
f 2121/2301/2121 2122/2302/2122 2113/2293/2113
f 2114/2294/2114 2113/2293/2113 2122/2302/2122
f 2122/2302/2122 2123/2303/2123 2114/2294/2114
f 2115/2295/2115 2114/2294/2114 2123/2303/2123
f 2123/2303/2123 2124/2304/2124 2115/2295/2115
f 2116/2296/2116 2115/2295/2115 2124/2304/2124
f 2124/2304/2124 2125/2305/2125 2116/2296/2116
f 2117/2297/2117 2116/2296/2116 2125/2305/2125
f 2125/2305/2125 2126/2306/2126 2117/2297/2117
f 2119/2299/2119 2118/2298/2118 2127/2307/2127
f 2127/2307/2127 2128/2308/2128 2119/2299/2119
f 2120/2300/2120 2119/2299/2119 2128/2308/2128
f 2128/2308/2128 2129/2309/2129 2120/2300/2120
f 2121/2301/2121 2120/2300/2120 2129/2309/2129
f 2129/2309/2129 2130/2310/2130 2121/2301/2121
f 2122/2302/2122 2121/2301/2121 2130/2310/2130
f 2130/2310/2130 2131/2311/2131 2122/2302/2122
f 2123/2303/2123 2122/2302/2122 2131/2311/2131
f 2131/2311/2131 2132/2312/2132 2123/2303/2123
f 2124/2304/2124 2123/2303/2123 2132/2312/2132
f 2132/2312/2132 2133/2313/2133 2124/2304/2124
f 2125/2305/2125 2124/2304/2124 2133/2313/2133
f 2133/2313/2133 2134/2314/2134 2125/2305/2125
f 2126/2306/2126 2125/2305/2125 2134/2314/2134
f 2134/2314/2134 2135/2315/2135 2126/2306/2126
f 2128/2308/2128 2127/2307/2127 2136/2316/2136
f 2136/2316/2136 2137/2317/2137 2128/2308/2128
f 2129/2309/2129 2128/2308/2128 2137/2317/2137
f 2137/2317/2137 2138/2318/2138 2129/2309/2129
f 2130/2310/2130 2129/2309/2129 2138/2318/2138
f 2138/2318/2138 2139/2319/2139 2130/2310/2130
f 2131/2311/2131 2130/2310/2130 2139/2319/2139
f 2139/2319/2139 2140/2320/2140 2131/2311/2131
f 2132/2312/2132 2131/2311/2131 2140/2320/2140
f 2140/2320/2140 2141/2321/2141 2132/2312/2132
f 2133/2313/2133 2132/2312/2132 2141/2321/2141
f 2141/2321/2141 2142/2322/2142 2133/2313/2133
f 2134/2314/2134 2133/2313/2133 2142/2322/2142
f 2142/2322/2142 2143/2323/2143 2134/2314/2134
f 2135/2315/2135 2134/2314/2134 2143/2323/2143
f 2143/2323/2143 2144/2324/2144 2135/2315/2135
f 2137/2317/2137 2136/2316/2136 2145/2325/2145
f 2138/2318/2138 2137/2317/2137 2145/2325/2145
f 2139/2319/2139 2138/2318/2138 2145/2325/2145
f 2140/2320/2140 2139/2319/2139 2145/2325/2145
f 2141/2321/2141 2140/2320/2140 2145/2325/2145
f 2142/2322/2142 2141/2321/2141 2145/2325/2145
f 2143/2323/2143 2142/2322/2142 2145/2325/2145
f 2144/2324/2144 2143/2323/2143 2145/2325/2145
f 1954/2326/1954 1898/2261/1898 2090/2270/2090
f 2090/2270/2090 2146/2334/2146 1954/2326/1954
f 1955/2327/1955 1954/2326/1954 2146/2334/2146
f 2146/2334/2146 2147/2335/2147 1955/2327/1955
f 1956/2328/1956 1955/2327/1955 2147/2335/2147
f 2147/2335/2147 2148/2336/2148 1956/2328/1956
f 1957/2329/1957 1956/2328/1956 2148/2336/2148
f 2148/2336/2148 2149/2337/2149 1957/2329/1957
f 1958/2330/1958 1957/2329/1957 2149/2337/2149
f 2149/2337/2149 2150/2338/2150 1958/2330/1958
f 1959/2331/1959 1958/2330/1958 2150/2338/2150
f 2150/2338/2150 2151/2339/2151 1959/2331/1959
f 1960/2332/1960 1959/2331/1959 2151/2339/2151
f 2151/2339/2151 2152/2340/2152 1960/2332/1960
f 1961/2333/1961 1960/2332/1960 2152/2340/2152
f 2152/2340/2152 2153/2341/2153 1961/2333/1961
f 2146/2334/2146 2090/2270/2090 2099/2279/2099
f 2099/2279/2099 2154/2342/2154 2146/2334/2146
f 2147/2335/2147 2146/2334/2146 2154/2342/2154
f 2154/2342/2154 2155/2343/2155 2147/2335/2147
f 2148/2336/2148 2147/2335/2147 2155/2343/2155
f 2155/2343/2155 2156/2344/2156 2148/2336/2148
f 2149/2337/2149 2148/2336/2148 2156/2344/2156
f 2156/2344/2156 2157/2345/2157 2149/2337/2149
f 2150/2338/2150 2149/2337/2149 2157/2345/2157
f 2157/2345/2157 2158/2346/2158 2150/2338/2150
f 2151/2339/2151 2150/2338/2150 2158/2346/2158
f 2158/2346/2158 2159/2347/2159 2151/2339/2151
f 2152/2340/2152 2151/2339/2151 2159/2347/2159
f 2159/2347/2159 2160/2348/2160 2152/2340/2152
f 2153/2341/2153 2152/2340/2152 2160/2348/2160
f 2160/2348/2160 2161/2349/2161 2153/2341/2153
f 2154/2342/2154 2099/2279/2099 2108/2288/2108
f 2108/2288/2108 2162/2350/2162 2154/2342/2154
f 2155/2343/2155 2154/2342/2154 2162/2350/2162
f 2162/2350/2162 2163/2351/2163 2155/2343/2155
f 2156/2344/2156 2155/2343/2155 2163/2351/2163
f 2163/2351/2163 2164/2352/2164 2156/2344/2156
f 2157/2345/2157 2156/2344/2156 2164/2352/2164
f 2164/2352/2164 2165/2353/2165 2157/2345/2157
f 2158/2346/2158 2157/2345/2157 2165/2353/2165
f 2165/2353/2165 2166/2354/2166 2158/2346/2158
f 2159/2347/2159 2158/2346/2158 2166/2354/2166
f 2166/2354/2166 2167/2355/2167 2159/2347/2159
f 2160/2348/2160 2159/2347/2159 2167/2355/2167
f 2167/2355/2167 2168/2356/2168 2160/2348/2160
f 2161/2349/2161 2160/2348/2160 2168/2356/2168
f 2168/2356/2168 2169/2357/2169 2161/2349/2161
f 2162/2350/2162 2108/2288/2108 2117/2297/2117
f 2117/2297/2117 2170/2358/2170 2162/2350/2162
f 2163/2351/2163 2162/2350/2162 2170/2358/2170
f 2170/2358/2170 2171/2359/2171 2163/2351/2163
f 2164/2352/2164 2163/2351/2163 2171/2359/2171
f 2171/2359/2171 2172/2360/2172 2164/2352/2164
f 2165/2353/2165 2164/2352/2164 2172/2360/2172
f 2172/2360/2172 2173/2361/2173 2165/2353/2165
f 2166/2354/2166 2165/2353/2165 2173/2361/2173
f 2173/2361/2173 2174/2362/2174 2166/2354/2166
f 2167/2355/2167 2166/2354/2166 2174/2362/2174
f 2174/2362/2174 2175/2363/2175 2167/2355/2167
f 2168/2356/2168 2167/2355/2167 2175/2363/2175
f 2175/2363/2175 2176/2364/2176 2168/2356/2168
f 2169/2357/2169 2168/2356/2168 2176/2364/2176
f 2176/2364/2176 2177/2365/2177 2169/2357/2169
f 2170/2358/2170 2117/2297/2117 2126/2306/2126
f 2126/2306/2126 2178/2366/2178 2170/2358/2170
f 2171/2359/2171 2170/2358/2170 2178/2366/2178
f 2178/2366/2178 2179/2367/2179 2171/2359/2171
f 2172/2360/2172 2171/2359/2171 2179/2367/2179
f 2179/2367/2179 2180/2368/2180 2172/2360/2172
f 2173/2361/2173 2172/2360/2172 2180/2368/2180
f 2180/2368/2180 2181/2369/2181 2173/2361/2173
f 2174/2362/2174 2173/2361/2173 2181/2369/2181
f 2181/2369/2181 2182/2370/2182 2174/2362/2174
f 2175/2363/2175 2174/2362/2174 2182/2370/2182
f 2182/2370/2182 2183/2371/2183 2175/2363/2175
f 2176/2364/2176 2175/2363/2175 2183/2371/2183
f 2183/2371/2183 2184/2372/2184 2176/2364/2176
f 2177/2365/2177 2176/2364/2176 2184/2372/2184
f 2184/2372/2184 2185/2373/2185 2177/2365/2177
f 2178/2366/2178 2126/2306/2126 2135/2315/2135
f 2135/2315/2135 2186/2374/2186 2178/2366/2178
f 2179/2367/2179 2178/2366/2178 2186/2374/2186
f 2186/2374/2186 2187/2375/2187 2179/2367/2179
f 2180/2368/2180 2179/2367/2179 2187/2375/2187
f 2187/2375/2187 2188/2376/2188 2180/2368/2180
f 2181/2369/2181 2180/2368/2180 2188/2376/2188
f 2188/2376/2188 2189/2377/2189 2181/2369/2181
f 2182/2370/2182 2181/2369/2181 2189/2377/2189
f 2189/2377/2189 2190/2378/2190 2182/2370/2182
f 2183/2371/2183 2182/2370/2182 2190/2378/2190
f 2190/2378/2190 2191/2379/2191 2183/2371/2183
f 2184/2372/2184 2183/2371/2183 2191/2379/2191
f 2191/2379/2191 2192/2380/2192 2184/2372/2184
f 2185/2373/2185 2184/2372/2184 2192/2380/2192
f 2192/2380/2192 2193/2381/2193 2185/2373/2185
f 2186/2374/2186 2135/2315/2135 2144/2324/2144
f 2144/2324/2144 2194/2382/2194 2186/2374/2186
f 2187/2375/2187 2186/2374/2186 2194/2382/2194
f 2194/2382/2194 2195/2383/2195 2187/2375/2187
f 2188/2376/2188 2187/2375/2187 2195/2383/2195
f 2195/2383/2195 2196/2384/2196 2188/2376/2188
f 2189/2377/2189 2188/2376/2188 2196/2384/2196
f 2196/2384/2196 2197/2385/2197 2189/2377/2189
f 2190/2378/2190 2189/2377/2189 2197/2385/2197
f 2197/2385/2197 2198/2386/2198 2190/2378/2190
f 2191/2379/2191 2190/2378/2190 2198/2386/2198
f 2198/2386/2198 2199/2387/2199 2191/2379/2191
f 2192/2380/2192 2191/2379/2191 2199/2387/2199
f 2199/2387/2199 2200/2388/2200 2192/2380/2192
f 2193/2381/2193 2192/2380/2192 2200/2388/2200
f 2200/2388/2200 2201/2389/2201 2193/2381/2193
f 2194/2382/2194 2144/2324/2144 2145/2325/2145
f 2195/2383/2195 2194/2382/2194 2145/2325/2145
f 2196/2384/2196 2195/2383/2195 2145/2325/2145
f 2197/2385/2197 2196/2384/2196 2145/2325/2145
f 2198/2386/2198 2197/2385/2197 2145/2325/2145
f 2199/2387/2199 2198/2386/2198 2145/2325/2145
f 2200/2388/2200 2199/2387/2199 2145/2325/2145
f 2201/2389/2201 2200/2388/2200 2145/2325/2145
f 2202/2398/2202 2018/2390/2018 2019/2391/2019
f 2019/2391/2019 2203/2399/2203 2202/2398/2202
f 2203/2399/2203 2019/2391/2019 2020/2392/2020
f 2020/2392/2020 2204/2400/2204 2203/2399/2203
f 2204/2400/2204 2020/2392/2020 2021/2393/2021
f 2021/2393/2021 2205/2401/2205 2204/2400/2204
f 2205/2401/2205 2021/2393/2021 2022/2394/2022
f 2022/2394/2022 2206/2402/2206 2205/2401/2205
f 2206/2402/2206 2022/2394/2022 2023/2395/2023
f 2023/2395/2023 2207/2403/2207 2206/2402/2206
f 2207/2403/2207 2023/2395/2023 2024/2396/2024
f 2024/2396/2024 2208/2404/2208 2207/2403/2207
f 2208/2404/2208 2024/2396/2024 2025/2397/2025
f 2025/2397/2025 2209/2405/2209 2208/2404/2208
f 2209/2405/2209 2025/2397/2025 1961/2333/1961
f 1961/2333/1961 2153/2341/2153 2209/2405/2209
f 2210/2406/2210 2202/2398/2202 2203/2399/2203
f 2203/2399/2203 2211/2407/2211 2210/2406/2210
f 2211/2407/2211 2203/2399/2203 2204/2400/2204
f 2204/2400/2204 2212/2408/2212 2211/2407/2211
f 2212/2408/2212 2204/2400/2204 2205/2401/2205
f 2205/2401/2205 2213/2409/2213 2212/2408/2212
f 2213/2409/2213 2205/2401/2205 2206/2402/2206
f 2206/2402/2206 2214/2410/2214 2213/2409/2213
f 2214/2410/2214 2206/2402/2206 2207/2403/2207
f 2207/2403/2207 2215/2411/2215 2214/2410/2214
f 2215/2411/2215 2207/2403/2207 2208/2404/2208
f 2208/2404/2208 2216/2412/2216 2215/2411/2215
f 2216/2412/2216 2208/2404/2208 2209/2405/2209
f 2209/2405/2209 2217/2413/2217 2216/2412/2216
f 2217/2413/2217 2209/2405/2209 2153/2341/2153
f 2153/2341/2153 2161/2349/2161 2217/2413/2217
f 2218/2414/2218 2210/2406/2210 2211/2407/2211
f 2211/2407/2211 2219/2415/2219 2218/2414/2218
f 2219/2415/2219 2211/2407/2211 2212/2408/2212
f 2212/2408/2212 2220/2416/2220 2219/2415/2219
f 2220/2416/2220 2212/2408/2212 2213/2409/2213
f 2213/2409/2213 2221/2417/2221 2220/2416/2220
f 2221/2417/2221 2213/2409/2213 2214/2410/2214
f 2214/2410/2214 2222/2418/2222 2221/2417/2221
f 2222/2418/2222 2214/2410/2214 2215/2411/2215
f 2215/2411/2215 2223/2419/2223 2222/2418/2222
f 2223/2419/2223 2215/2411/2215 2216/2412/2216
f 2216/2412/2216 2224/2420/2224 2223/2419/2223
f 2224/2420/2224 2216/2412/2216 2217/2413/2217
f 2217/2413/2217 2225/2421/2225 2224/2420/2224
f 2225/2421/2225 2217/2413/2217 2161/2349/2161
f 2161/2349/2161 2169/2357/2169 2225/2421/2225
f 2226/2422/2226 2218/2414/2218 2219/2415/2219
f 2219/2415/2219 2227/2423/2227 2226/2422/2226
f 2227/2423/2227 2219/2415/2219 2220/2416/2220
f 2220/2416/2220 2228/2424/2228 2227/2423/2227
f 2228/2424/2228 2220/2416/2220 2221/2417/2221
f 2221/2417/2221 2229/2425/2229 2228/2424/2228
f 2229/2425/2229 2221/2417/2221 2222/2418/2222
f 2222/2418/2222 2230/2426/2230 2229/2425/2229
f 2230/2426/2230 2222/2418/2222 2223/2419/2223
f 2223/2419/2223 2231/2427/2231 2230/2426/2230
f 2231/2427/2231 2223/2419/2223 2224/2420/2224
f 2224/2420/2224 2232/2428/2232 2231/2427/2231
f 2232/2428/2232 2224/2420/2224 2225/2421/2225
f 2225/2421/2225 2233/2429/2233 2232/2428/2232
f 2233/2429/2233 2225/2421/2225 2169/2357/2169
f 2169/2357/2169 2177/2365/2177 2233/2429/2233
f 2234/2430/2234 2226/2422/2226 2227/2423/2227
f 2227/2423/2227 2235/2431/2235 2234/2430/2234
f 2235/2431/2235 2227/2423/2227 2228/2424/2228
f 2228/2424/2228 2236/2432/2236 2235/2431/2235
f 2236/2432/2236 2228/2424/2228 2229/2425/2229
f 2229/2425/2229 2237/2433/2237 2236/2432/2236
f 2237/2433/2237 2229/2425/2229 2230/2426/2230
f 2230/2426/2230 2238/2434/2238 2237/2433/2237
f 2238/2434/2238 2230/2426/2230 2231/2427/2231
f 2231/2427/2231 2239/2435/2239 2238/2434/2238
f 2239/2435/2239 2231/2427/2231 2232/2428/2232
f 2232/2428/2232 2240/2436/2240 2239/2435/2239
f 2240/2436/2240 2232/2428/2232 2233/2429/2233
f 2233/2429/2233 2241/2437/2241 2240/2436/2240
f 2241/2437/2241 2233/2429/2233 2177/2365/2177
f 2177/2365/2177 2185/2373/2185 2241/2437/2241
f 2242/2438/2242 2234/2430/2234 2235/2431/2235
f 2235/2431/2235 2243/2439/2243 2242/2438/2242
f 2243/2439/2243 2235/2431/2235 2236/2432/2236
f 2236/2432/2236 2244/2440/2244 2243/2439/2243
f 2244/2440/2244 2236/2432/2236 2237/2433/2237
f 2237/2433/2237 2245/2441/2245 2244/2440/2244
f 2245/2441/2245 2237/2433/2237 2238/2434/2238
f 2238/2434/2238 2246/2442/2246 2245/2441/2245
f 2246/2442/2246 2238/2434/2238 2239/2435/2239
f 2239/2435/2239 2247/2443/2247 2246/2442/2246
f 2247/2443/2247 2239/2435/2239 2240/2436/2240
f 2240/2436/2240 2248/2444/2248 2247/2443/2247
f 2248/2444/2248 2240/2436/2240 2241/2437/2241
f 2241/2437/2241 2249/2445/2249 2248/2444/2248
f 2249/2445/2249 2241/2437/2241 2185/2373/2185
f 2185/2373/2185 2193/2381/2193 2249/2445/2249
f 2250/2446/2250 2242/2438/2242 2243/2439/2243
f 2243/2439/2243 2251/2447/2251 2250/2446/2250
f 2251/2447/2251 2243/2439/2243 2244/2440/2244
f 2244/2440/2244 2252/2448/2252 2251/2447/2251
f 2252/2448/2252 2244/2440/2244 2245/2441/2245
f 2245/2441/2245 2253/2449/2253 2252/2448/2252
f 2253/2449/2253 2245/2441/2245 2246/2442/2246
f 2246/2442/2246 2254/2450/2254 2253/2449/2253
f 2254/2450/2254 2246/2442/2246 2247/2443/2247
f 2247/2443/2247 2255/2451/2255 2254/2450/2254
f 2255/2451/2255 2247/2443/2247 2248/2444/2248
f 2248/2444/2248 2256/2452/2256 2255/2451/2255
f 2256/2452/2256 2248/2444/2248 2249/2445/2249
f 2249/2445/2249 2257/2453/2257 2256/2452/2256
f 2257/2453/2257 2249/2445/2249 2193/2381/2193
f 2193/2381/2193 2201/2389/2201 2257/2453/2257
f 2250/2446/2250 2251/2447/2251 2145/2325/2145
f 2251/2447/2251 2252/2448/2252 2145/2325/2145
f 2252/2448/2252 2253/2449/2253 2145/2325/2145
f 2253/2449/2253 2254/2450/2254 2145/2325/2145
f 2254/2450/2254 2255/2451/2255 2145/2325/2145
f 2255/2451/2255 2256/2452/2256 2145/2325/2145
f 2256/2452/2256 2257/2453/2257 2145/2325/2145
f 2257/2453/2257 2201/2389/2201 2145/2325/2145
f 2082/2262/2082 1890/2253/1890 2075/2454/2075
f 2075/2454/2075 2258/2461/2258 2082/2262/2082
f 2258/2461/2258 2075/2454/2075 2076/2455/2076
f 2076/2455/2076 2259/2462/2259 2258/2461/2258
f 2259/2462/2259 2076/2455/2076 2077/2456/2077
f 2077/2456/2077 2260/2463/2260 2259/2462/2259
f 2260/2463/2260 2077/2456/2077 2078/2457/2078
f 2078/2457/2078 2261/2464/2261 2260/2463/2260
f 2261/2464/2261 2078/2457/2078 2079/2458/2079
f 2079/2458/2079 2262/2465/2262 2261/2464/2261
f 2262/2465/2262 2079/2458/2079 2080/2459/2080
f 2080/2459/2080 2263/2466/2263 2262/2465/2262
f 2263/2466/2263 2080/2459/2080 2081/2460/2081
f 2081/2460/2081 2264/2467/2264 2263/2466/2263
f 2264/2467/2264 2081/2460/2081 2018/2390/2018
f 2018/2390/2018 2202/2398/2202 2264/2467/2264
f 2091/2271/2091 2082/2262/2082 2258/2461/2258
f 2258/2461/2258 2265/2468/2265 2091/2271/2091
f 2265/2468/2265 2258/2461/2258 2259/2462/2259
f 2259/2462/2259 2266/2469/2266 2265/2468/2265
f 2266/2469/2266 2259/2462/2259 2260/2463/2260
f 2260/2463/2260 2267/2470/2267 2266/2469/2266
f 2267/2470/2267 2260/2463/2260 2261/2464/2261
f 2261/2464/2261 2268/2471/2268 2267/2470/2267
f 2268/2471/2268 2261/2464/2261 2262/2465/2262
f 2262/2465/2262 2269/2472/2269 2268/2471/2268
f 2269/2472/2269 2262/2465/2262 2263/2466/2263
f 2263/2466/2263 2270/2473/2270 2269/2472/2269
f 2270/2473/2270 2263/2466/2263 2264/2467/2264
f 2264/2467/2264 2271/2474/2271 2270/2473/2270
f 2271/2474/2271 2264/2467/2264 2202/2398/2202
f 2202/2398/2202 2210/2406/2210 2271/2474/2271
f 2100/2280/2100 2091/2271/2091 2265/2468/2265
f 2265/2468/2265 2272/2475/2272 2100/2280/2100
f 2272/2475/2272 2265/2468/2265 2266/2469/2266
f 2266/2469/2266 2273/2476/2273 2272/2475/2272
f 2273/2476/2273 2266/2469/2266 2267/2470/2267
f 2267/2470/2267 2274/2477/2274 2273/2476/2273
f 2274/2477/2274 2267/2470/2267 2268/2471/2268
f 2268/2471/2268 2275/2478/2275 2274/2477/2274
f 2275/2478/2275 2268/2471/2268 2269/2472/2269
f 2269/2472/2269 2276/2479/2276 2275/2478/2275
f 2276/2479/2276 2269/2472/2269 2270/2473/2270
f 2270/2473/2270 2277/2480/2277 2276/2479/2276
f 2277/2480/2277 2270/2473/2270 2271/2474/2271
f 2271/2474/2271 2278/2481/2278 2277/2480/2277
f 2278/2481/2278 2271/2474/2271 2210/2406/2210
f 2210/2406/2210 2218/2414/2218 2278/2481/2278
f 2109/2289/2109 2100/2280/2100 2272/2475/2272
f 2272/2475/2272 2279/2482/2279 2109/2289/2109
f 2279/2482/2279 2272/2475/2272 2273/2476/2273
f 2273/2476/2273 2280/2483/2280 2279/2482/2279
f 2280/2483/2280 2273/2476/2273 2274/2477/2274
f 2274/2477/2274 2281/2484/2281 2280/2483/2280
f 2281/2484/2281 2274/2477/2274 2275/2478/2275
f 2275/2478/2275 2282/2485/2282 2281/2484/2281
f 2282/2485/2282 2275/2478/2275 2276/2479/2276
f 2276/2479/2276 2283/2486/2283 2282/2485/2282
f 2283/2486/2283 2276/2479/2276 2277/2480/2277
f 2277/2480/2277 2284/2487/2284 2283/2486/2283
f 2284/2487/2284 2277/2480/2277 2278/2481/2278
f 2278/2481/2278 2285/2488/2285 2284/2487/2284
f 2285/2488/2285 2278/2481/2278 2218/2414/2218
f 2218/2414/2218 2226/2422/2226 2285/2488/2285
f 2118/2298/2118 2109/2289/2109 2279/2482/2279
f 2279/2482/2279 2286/2489/2286 2118/2298/2118
f 2286/2489/2286 2279/2482/2279 2280/2483/2280
f 2280/2483/2280 2287/2490/2287 2286/2489/2286
f 2287/2490/2287 2280/2483/2280 2281/2484/2281
f 2281/2484/2281 2288/2491/2288 2287/2490/2287
f 2288/2491/2288 2281/2484/2281 2282/2485/2282
f 2282/2485/2282 2289/2492/2289 2288/2491/2288
f 2289/2492/2289 2282/2485/2282 2283/2486/2283
f 2283/2486/2283 2290/2493/2290 2289/2492/2289
f 2290/2493/2290 2283/2486/2283 2284/2487/2284
f 2284/2487/2284 2291/2494/2291 2290/2493/2290
f 2291/2494/2291 2284/2487/2284 2285/2488/2285
f 2285/2488/2285 2292/2495/2292 2291/2494/2291
f 2292/2495/2292 2285/2488/2285 2226/2422/2226
f 2226/2422/2226 2234/2430/2234 2292/2495/2292
f 2127/2307/2127 2118/2298/2118 2286/2489/2286
f 2286/2489/2286 2293/2496/2293 2127/2307/2127
f 2293/2496/2293 2286/2489/2286 2287/2490/2287
f 2287/2490/2287 2294/2497/2294 2293/2496/2293
f 2294/2497/2294 2287/2490/2287 2288/2491/2288
f 2288/2491/2288 2295/2498/2295 2294/2497/2294
f 2295/2498/2295 2288/2491/2288 2289/2492/2289
f 2289/2492/2289 2296/2499/2296 2295/2498/2295
f 2296/2499/2296 2289/2492/2289 2290/2493/2290
f 2290/2493/2290 2297/2500/2297 2296/2499/2296
f 2297/2500/2297 2290/2493/2290 2291/2494/2291
f 2291/2494/2291 2298/2501/2298 2297/2500/2297
f 2298/2501/2298 2291/2494/2291 2292/2495/2292
f 2292/2495/2292 2299/2502/2299 2298/2501/2298
f 2299/2502/2299 2292/2495/2292 2234/2430/2234
f 2234/2430/2234 2242/2438/2242 2299/2502/2299
f 2136/2316/2136 2127/2307/2127 2293/2496/2293
f 2293/2496/2293 2300/2503/2300 2136/2316/2136
f 2300/2503/2300 2293/2496/2293 2294/2497/2294
f 2294/2497/2294 2301/2504/2301 2300/2503/2300
f 2301/2504/2301 2294/2497/2294 2295/2498/2295
f 2295/2498/2295 2302/2505/2302 2301/2504/2301
f 2302/2505/2302 2295/2498/2295 2296/2499/2296
f 2296/2499/2296 2303/2506/2303 2302/2505/2302
f 2303/2506/2303 2296/2499/2296 2297/2500/2297
f 2297/2500/2297 2304/2507/2304 2303/2506/2303
f 2304/2507/2304 2297/2500/2297 2298/2501/2298
f 2298/2501/2298 2305/2508/2305 2304/2507/2304
f 2305/2508/2305 2298/2501/2298 2299/2502/2299
f 2299/2502/2299 2306/2509/2306 2305/2508/2305
f 2306/2509/2306 2299/2502/2299 2242/2438/2242
f 2242/2438/2242 2250/2446/2250 2306/2509/2306
f 2136/2316/2136 2300/2503/2300 2145/2325/2145
f 2300/2503/2300 2301/2504/2301 2145/2325/2145
f 2301/2504/2301 2302/2505/2302 2145/2325/2145
f 2302/2505/2302 2303/2506/2303 2145/2325/2145
f 2303/2506/2303 2304/2507/2304 2145/2325/2145
f 2304/2507/2304 2305/2508/2305 2145/2325/2145
f 2305/2508/2305 2306/2509/2306 2145/2325/2145
f 2306/2509/2306 2250/2446/2250 2145/2325/2145
f 2308/2511/2308 2307/2510/2307 2316/2519/2316
f 2316/2519/2316 2317/2520/2317 2308/2511/2308
f 2309/2512/2309 2308/2511/2308 2317/2520/2317
f 2317/2520/2317 2318/2521/2318 2309/2512/2309
f 2310/2513/2310 2309/2512/2309 2318/2521/2318
f 2318/2521/2318 2319/2522/2319 2310/2513/2310
f 2311/2514/2311 2310/2513/2310 2319/2522/2319
f 2319/2522/2319 2320/2523/2320 2311/2514/2311
f 2312/2515/2312 2311/2514/2311 2320/2523/2320
f 2320/2523/2320 2321/2524/2321 2312/2515/2312
f 2313/2516/2313 2312/2515/2312 2321/2524/2321
f 2321/2524/2321 2322/2525/2322 2313/2516/2313
f 2314/2517/2314 2313/2516/2313 2322/2525/2322
f 2322/2525/2322 2323/2526/2323 2314/2517/2314
f 2315/2518/2315 2314/2517/2314 2323/2526/2323
f 2323/2526/2323 2324/2527/2324 2315/2518/2315
f 2317/2520/2317 2316/2519/2316 2325/2528/2325
f 2325/2528/2325 2326/2529/2326 2317/2520/2317
f 2318/2521/2318 2317/2520/2317 2326/2529/2326
f 2326/2529/2326 2327/2530/2327 2318/2521/2318
f 2319/2522/2319 2318/2521/2318 2327/2530/2327
f 2327/2530/2327 2328/2531/2328 2319/2522/2319
f 2320/2523/2320 2319/2522/2319 2328/2531/2328
f 2328/2531/2328 2329/2532/2329 2320/2523/2320
f 2321/2524/2321 2320/2523/2320 2329/2532/2329
f 2329/2532/2329 2330/2533/2330 2321/2524/2321
f 2322/2525/2322 2321/2524/2321 2330/2533/2330
f 2330/2533/2330 2331/2534/2331 2322/2525/2322
f 2323/2526/2323 2322/2525/2322 2331/2534/2331
f 2331/2534/2331 2332/2535/2332 2323/2526/2323
f 2324/2527/2324 2323/2526/2323 2332/2535/2332
f 2332/2535/2332 2333/2536/2333 2324/2527/2324
f 2326/2529/2326 2325/2528/2325 2334/2537/2334
f 2334/2537/2334 2335/2538/2335 2326/2529/2326
f 2327/2530/2327 2326/2529/2326 2335/2538/2335
f 2335/2538/2335 2336/2539/2336 2327/2530/2327
f 2328/2531/2328 2327/2530/2327 2336/2539/2336
f 2336/2539/2336 2337/2540/2337 2328/2531/2328
f 2329/2532/2329 2328/2531/2328 2337/2540/2337
f 2337/2540/2337 2338/2541/2338 2329/2532/2329
f 2330/2533/2330 2329/2532/2329 2338/2541/2338
f 2338/2541/2338 2339/2542/2339 2330/2533/2330
f 2331/2534/2331 2330/2533/2330 2339/2542/2339
f 2339/2542/2339 2340/2543/2340 2331/2534/2331
f 2332/2535/2332 2331/2534/2331 2340/2543/2340
f 2340/2543/2340 2341/2544/2341 2332/2535/2332
f 2333/2536/2333 2332/2535/2332 2341/2544/2341
f 2341/2544/2341 2342/2545/2342 2333/2536/2333
f 2335/2538/2335 2334/2537/2334 2343/2546/2343
f 2343/2546/2343 2344/2547/2344 2335/2538/2335
f 2336/2539/2336 2335/2538/2335 2344/2547/2344
f 2344/2547/2344 2345/2548/2345 2336/2539/2336
f 2337/2540/2337 2336/2539/2336 2345/2548/2345
f 2345/2548/2345 2346/2549/2346 2337/2540/2337
f 2338/2541/2338 2337/2540/2337 2346/2549/2346
f 2346/2549/2346 2347/2550/2347 2338/2541/2338
f 2339/2542/2339 2338/2541/2338 2347/2550/2347
f 2347/2550/2347 2348/2551/2348 2339/2542/2339
f 2340/2543/2340 2339/2542/2339 2348/2551/2348
f 2348/2551/2348 2349/2552/2349 2340/2543/2340
f 2341/2544/2341 2340/2543/2340 2349/2552/2349
f 2349/2552/2349 2350/2553/2350 2341/2544/2341
f 2342/2545/2342 2341/2544/2341 2350/2553/2350
f 2350/2553/2350 2351/2554/2351 2342/2545/2342
f 2344/2547/2344 2343/2546/2343 2352/2555/2352
f 2352/2555/2352 2353/2556/2353 2344/2547/2344
f 2345/2548/2345 2344/2547/2344 2353/2556/2353
f 2353/2556/2353 2354/2557/2354 2345/2548/2345
f 2346/2549/2346 2345/2548/2345 2354/2557/2354
f 2354/2557/2354 2355/2558/2355 2346/2549/2346
f 2347/2550/2347 2346/2549/2346 2355/2558/2355
f 2355/2558/2355 2356/2559/2356 2347/2550/2347
f 2348/2551/2348 2347/2550/2347 2356/2559/2356
f 2356/2559/2356 2357/2560/2357 2348/2551/2348
f 2349/2552/2349 2348/2551/2348 2357/2560/2357
f 2357/2560/2357 2358/2561/2358 2349/2552/2349
f 2350/2553/2350 2349/2552/2349 2358/2561/2358
f 2358/2561/2358 2359/2562/2359 2350/2553/2350
f 2351/2554/2351 2350/2553/2350 2359/2562/2359
f 2359/2562/2359 2360/2563/2360 2351/2554/2351
f 2353/2556/2353 2352/2555/2352 2361/2564/2361
f 2361/2564/2361 2362/2565/2362 2353/2556/2353
f 2354/2557/2354 2353/2556/2353 2362/2565/2362
f 2362/2565/2362 2363/2566/2363 2354/2557/2354
f 2355/2558/2355 2354/2557/2354 2363/2566/2363
f 2363/2566/2363 2364/2567/2364 2355/2558/2355
f 2356/2559/2356 2355/2558/2355 2364/2567/2364
f 2364/2567/2364 2365/2568/2365 2356/2559/2356
f 2357/2560/2357 2356/2559/2356 2365/2568/2365
f 2365/2568/2365 2366/2569/2366 2357/2560/2357
f 2358/2561/2358 2357/2560/2357 2366/2569/2366
f 2366/2569/2366 2367/2570/2367 2358/2561/2358
f 2359/2562/2359 2358/2561/2358 2367/2570/2367
f 2367/2570/2367 2368/2571/2368 2359/2562/2359
f 2360/2563/2360 2359/2562/2359 2368/2571/2368
f 2368/2571/2368 2369/2572/2369 2360/2563/2360
f 2362/2565/2362 2361/2564/2361 409/432/409
f 409/432/409 410/433/410 2362/2565/2362
f 2363/2566/2363 2362/2565/2362 410/433/410
f 410/433/410 411/434/411 2363/2566/2363
f 2364/2567/2364 2363/2566/2363 411/434/411
f 411/434/411 412/435/412 2364/2567/2364
f 2365/2568/2365 2364/2567/2364 412/435/412
f 412/435/412 413/436/413 2365/2568/2365
f 2366/2569/2366 2365/2568/2365 413/436/413
f 413/436/413 414/437/414 2366/2569/2366
f 2367/2570/2367 2366/2569/2366 414/437/414
f 414/437/414 415/438/415 2367/2570/2367
f 2368/2571/2368 2367/2570/2367 415/438/415
f 415/438/415 416/439/416 2368/2571/2368
f 2369/2572/2369 2368/2571/2368 416/439/416
f 416/439/416 417/440/417 2369/2572/2369
f 2372/2574/2372 2308/2511/2308 2373/2575/2373
f 2372/2574/2372 2307/2510/2307 2308/2511/2308
f 2374/2576/2374 2373/2575/2373 2308/2511/2308
f 2374/2576/2374 2308/2511/2308 2309/2512/2309
f 2375/2577/2375 2374/2576/2374 2309/2512/2309
f 2376/2578/2376 2375/2577/2375 2309/2512/2309
f 2376/2578/2376 2309/2512/2309 2310/2513/2310
f 2377/2579/2377 2376/2578/2376 2310/2513/2310
f 2378/2580/2378 2377/2579/2377 2310/2513/2310
f 2378/2580/2378 2310/2513/2310 2311/2514/2311
f 2379/2581/2379 2378/2580/2378 2311/2514/2311
f 2379/2581/2379 2311/2514/2311 2312/2515/2312
f 2380/2582/2380 2379/2581/2379 2312/2515/2312
f 2381/2583/2381 2380/2582/2380 2312/2515/2312
f 2381/2583/2381 2312/2515/2312 2313/2516/2313
f 2382/2584/2382 2381/2583/2381 2313/2516/2313
f 2382/2584/2382 2314/2517/2314 2383/2585/2383
f 2382/2584/2382 2313/2516/2313 2314/2517/2314
f 2383/2585/2383 2314/2517/2314 2384/2586/2384
f 2384/2586/2384 2315/2518/2315 2385/2587/2385
f 2384/2586/2384 2314/2517/2314 2315/2518/2315
f 2372/2574/2372 2373/2575/2373 2389/2591/2389
f 2389/2591/2389 2386/2588/2386 2372/2574/2372
f 2386/2588/2386 2389/2591/2389 2390/2592/2390
f 2390/2592/2390 2387/2589/2387 2386/2588/2386
f 2387/2589/2387 2390/2592/2390 2391/2593/2391
f 2391/2593/2391 2388/2590/2388 2387/2589/2387
f 2373/2575/2373 2374/2576/2374 2392/2594/2392
f 2392/2594/2392 2389/2591/2389 2373/2575/2373
f 2389/2591/2389 2392/2594/2392 2393/2595/2393
f 2393/2595/2393 2390/2592/2390 2389/2591/2389
f 2390/2592/2390 2393/2595/2393 2394/2596/2394
f 2394/2596/2394 2391/2593/2391 2390/2592/2390
f 2374/2576/2374 2375/2577/2375 2395/2597/2395
f 2395/2597/2395 2392/2594/2392 2374/2576/2374
f 2392/2594/2392 2395/2597/2395 2396/2598/2396
f 2396/2598/2396 2393/2595/2393 2392/2594/2392
f 2393/2595/2393 2396/2598/2396 2397/2599/2397
f 2397/2599/2397 2394/2596/2394 2393/2595/2393
f 2375/2577/2375 2376/2578/2376 2398/2600/2398
f 2398/2600/2398 2395/2597/2395 2375/2577/2375
f 2395/2597/2395 2398/2600/2398 2399/2601/2399
f 2399/2601/2399 2396/2598/2396 2395/2597/2395
f 2396/2598/2396 2399/2601/2399 2400/2602/2400
f 2400/2602/2400 2397/2599/2397 2396/2598/2396
f 2376/2578/2376 2377/2579/2377 2401/2603/2401
f 2401/2603/2401 2398/2600/2398 2376/2578/2376
f 2398/2600/2398 2401/2603/2401 2402/2604/2402
f 2402/2604/2402 2399/2601/2399 2398/2600/2398
f 2399/2601/2399 2402/2604/2402 2403/2605/2403
f 2403/2605/2403 2400/2602/2400 2399/2601/2399
f 2377/2579/2377 2378/2580/2378 2404/2606/2404
f 2404/2606/2404 2401/2603/2401 2377/2579/2377
f 2401/2603/2401 2404/2606/2404 2405/2607/2405
f 2405/2607/2405 2402/2604/2402 2401/2603/2401
f 2402/2604/2402 2405/2607/2405 2406/2608/2406
f 2406/2608/2406 2403/2605/2403 2402/2604/2402
f 2378/2580/2378 2379/2581/2379 2407/2609/2407
f 2407/2609/2407 2404/2606/2404 2378/2580/2378
f 2404/2606/2404 2407/2609/2407 2408/2610/2408
f 2408/2610/2408 2405/2607/2405 2404/2606/2404
f 2405/2607/2405 2408/2610/2408 2409/2611/2409
f 2409/2611/2409 2406/2608/2406 2405/2607/2405
f 2379/2581/2379 2380/2582/2380 2410/2612/2410
f 2410/2612/2410 2407/2609/2407 2379/2581/2379
f 2407/2609/2407 2410/2612/2410 2411/2613/2411
f 2411/2613/2411 2408/2610/2408 2407/2609/2407
f 2408/2610/2408 2411/2613/2411 2412/2614/2412
f 2412/2614/2412 2409/2611/2409 2408/2610/2408
f 2380/2582/2380 2381/2583/2381 2413/2615/2413
f 2413/2615/2413 2410/2612/2410 2380/2582/2380
f 2410/2612/2410 2413/2615/2413 2414/2616/2414
f 2414/2616/2414 2411/2613/2411 2410/2612/2410
f 2411/2613/2411 2414/2616/2414 2415/2617/2415
f 2415/2617/2415 2412/2614/2412 2411/2613/2411
f 2381/2583/2381 2382/2584/2382 2416/2618/2416
f 2416/2618/2416 2413/2615/2413 2381/2583/2381
f 2413/2615/2413 2416/2618/2416 2417/2619/2417
f 2417/2619/2417 2414/2616/2414 2413/2615/2413
f 2414/2616/2414 2417/2619/2417 2418/2620/2418
f 2418/2620/2418 2415/2617/2415 2414/2616/2414
f 2382/2584/2382 2383/2585/2383 2419/2621/2419
f 2419/2621/2419 2416/2618/2416 2382/2584/2382
f 2416/2618/2416 2419/2621/2419 2420/2622/2420
f 2420/2622/2420 2417/2619/2417 2416/2618/2416
f 2417/2619/2417 2420/2622/2420 2421/2623/2421
f 2421/2623/2421 2418/2620/2418 2417/2619/2417
f 2383/2585/2383 2384/2586/2384 2422/2624/2422
f 2422/2624/2422 2419/2621/2419 2383/2585/2383
f 2419/2621/2419 2422/2624/2422 2423/2625/2423
f 2423/2625/2423 2420/2622/2420 2419/2621/2419
f 2420/2622/2420 2423/2625/2423 2424/2626/2424
f 2424/2626/2424 2421/2623/2421 2420/2622/2420
f 2384/2586/2384 2385/2587/2385 2425/2627/2425
f 2425/2627/2425 2422/2624/2422 2384/2586/2384
f 2422/2624/2422 2425/2627/2425 2426/2628/2426
f 2426/2628/2426 2423/2625/2423 2422/2624/2422
f 2423/2625/2423 2426/2628/2426 2427/2629/2427
f 2427/2629/2427 2424/2626/2424 2423/2625/2423
f 2316/2638/2316 2307/2630/2307 2428/2631/2428
f 2428/2631/2428 2435/2639/2435 2316/2638/2316
f 2435/2639/2435 2428/2631/2428 2429/2632/2429
f 2429/2632/2429 2436/2640/2436 2435/2639/2435
f 2436/2640/2436 2429/2632/2429 2430/2633/2430
f 2430/2633/2430 2437/2641/2437 2436/2640/2436
f 2437/2641/2437 2430/2633/2430 2431/2634/2431
f 2431/2634/2431 2438/2642/2438 2437/2641/2437
f 2438/2642/2438 2431/2634/2431 2432/2635/2432
f 2432/2635/2432 2439/2643/2439 2438/2642/2438
f 2439/2643/2439 2432/2635/2432 2433/2636/2433
f 2433/2636/2433 2440/2644/2440 2439/2643/2439
f 2440/2644/2440 2433/2636/2433 2434/2637/2434
f 2434/2637/2434 2441/2645/2441 2440/2644/2440
f 2441/2645/2441 2434/2637/2434 2315/2518/2315
f 2315/2518/2315 2324/2527/2324 2441/2645/2441
f 2325/2646/2325 2316/2638/2316 2435/2639/2435
f 2435/2639/2435 2442/2647/2442 2325/2646/2325
f 2442/2647/2442 2435/2639/2435 2436/2640/2436
f 2436/2640/2436 2443/2648/2443 2442/2647/2442
f 2443/2648/2443 2436/2640/2436 2437/2641/2437
f 2437/2641/2437 2444/2649/2444 2443/2648/2443
f 2444/2649/2444 2437/2641/2437 2438/2642/2438
f 2438/2642/2438 2445/2650/2445 2444/2649/2444
f 2445/2650/2445 2438/2642/2438 2439/2643/2439
f 2439/2643/2439 2446/2651/2446 2445/2650/2445
f 2446/2651/2446 2439/2643/2439 2440/2644/2440
f 2440/2644/2440 2447/2652/2447 2446/2651/2446
f 2447/2652/2447 2440/2644/2440 2441/2645/2441
f 2441/2645/2441 2448/2653/2448 2447/2652/2447
f 2448/2653/2448 2441/2645/2441 2324/2527/2324
f 2324/2527/2324 2333/2536/2333 2448/2653/2448
f 2334/2654/2334 2325/2646/2325 2442/2647/2442
f 2442/2647/2442 2449/2655/2449 2334/2654/2334
f 2449/2655/2449 2442/2647/2442 2443/2648/2443
f 2443/2648/2443 2450/2656/2450 2449/2655/2449
f 2450/2656/2450 2443/2648/2443 2444/2649/2444
f 2444/2649/2444 2451/2657/2451 2450/2656/2450
f 2451/2657/2451 2444/2649/2444 2445/2650/2445
f 2445/2650/2445 2452/2658/2452 2451/2657/2451
f 2452/2658/2452 2445/2650/2445 2446/2651/2446
f 2446/2651/2446 2453/2659/2453 2452/2658/2452
f 2453/2659/2453 2446/2651/2446 2447/2652/2447
f 2447/2652/2447 2454/2660/2454 2453/2659/2453
f 2454/2660/2454 2447/2652/2447 2448/2653/2448
f 2448/2653/2448 2455/2661/2455 2454/2660/2454
f 2455/2661/2455 2448/2653/2448 2333/2536/2333
f 2333/2536/2333 2342/2545/2342 2455/2661/2455
f 2343/2662/2343 2334/2654/2334 2449/2655/2449
f 2449/2655/2449 2456/2663/2456 2343/2662/2343
f 2456/2663/2456 2449/2655/2449 2450/2656/2450
f 2450/2656/2450 2457/2664/2457 2456/2663/2456
f 2457/2664/2457 2450/2656/2450 2451/2657/2451
f 2451/2657/2451 2458/2665/2458 2457/2664/2457
f 2458/2665/2458 2451/2657/2451 2452/2658/2452
f 2452/2658/2452 2459/2666/2459 2458/2665/2458
f 2459/2666/2459 2452/2658/2452 2453/2659/2453
f 2453/2659/2453 2460/2667/2460 2459/2666/2459
f 2460/2667/2460 2453/2659/2453 2454/2660/2454
f 2454/2660/2454 2461/2668/2461 2460/2667/2460
f 2461/2668/2461 2454/2660/2454 2455/2661/2455
f 2455/2661/2455 2462/2669/2462 2461/2668/2461
f 2462/2669/2462 2455/2661/2455 2342/2545/2342
f 2342/2545/2342 2351/2554/2351 2462/2669/2462
f 2352/2670/2352 2343/2662/2343 2456/2663/2456
f 2456/2663/2456 2463/2671/2463 2352/2670/2352
f 2463/2671/2463 2456/2663/2456 2457/2664/2457
f 2457/2664/2457 2464/2672/2464 2463/2671/2463
f 2464/2672/2464 2457/2664/2457 2458/2665/2458
f 2458/2665/2458 2465/2673/2465 2464/2672/2464
f 2465/2673/2465 2458/2665/2458 2459/2666/2459
f 2459/2666/2459 2466/2674/2466 2465/2673/2465
f 2466/2674/2466 2459/2666/2459 2460/2667/2460
f 2460/2667/2460 2467/2675/2467 2466/2674/2466
f 2467/2675/2467 2460/2667/2460 2461/2668/2461
f 2461/2668/2461 2468/2676/2468 2467/2675/2467
f 2468/2676/2468 2461/2668/2461 2462/2669/2462
f 2462/2669/2462 2469/2677/2469 2468/2676/2468
f 2469/2677/2469 2462/2669/2462 2351/2554/2351
f 2351/2554/2351 2360/2563/2360 2469/2677/2469
f 2361/2678/2361 2352/2670/2352 2463/2671/2463
f 2463/2671/2463 2470/2679/2470 2361/2678/2361
f 2470/2679/2470 2463/2671/2463 2464/2672/2464
f 2464/2672/2464 2471/2680/2471 2470/2679/2470
f 2471/2680/2471 2464/2672/2464 2465/2673/2465
f 2465/2673/2465 2472/2681/2472 2471/2680/2471
f 2472/2681/2472 2465/2673/2465 2466/2674/2466
f 2466/2674/2466 2473/2682/2473 2472/2681/2472
f 2473/2682/2473 2466/2674/2466 2467/2675/2467
f 2467/2675/2467 2474/2683/2474 2473/2682/2473
f 2474/2683/2474 2467/2675/2467 2468/2676/2468
f 2468/2676/2468 2475/2684/2475 2474/2683/2474
f 2475/2684/2475 2468/2676/2468 2469/2677/2469
f 2469/2677/2469 2476/2685/2476 2475/2684/2475
f 2476/2685/2476 2469/2677/2469 2360/2563/2360
f 2360/2563/2360 2369/2572/2369 2476/2685/2476
f 2370/2686/2370 2361/2678/2361 2470/2679/2470
f 2470/2679/2470 2477/2687/2477 2370/2686/2370
f 2477/2687/2477 2470/2679/2470 2471/2680/2471
f 2471/2680/2471 2478/2688/2478 2477/2687/2477
f 2478/2688/2478 2471/2680/2471 2472/2681/2472
f 2472/2681/2472 2479/2689/2479 2478/2688/2478
f 2479/2689/2479 2472/2681/2472 2473/2682/2473
f 2473/2682/2473 2480/2690/2480 2479/2689/2479
f 2480/2690/2480 2473/2682/2473 2474/2683/2474
f 2474/2683/2474 2481/2691/2481 2480/2690/2480
f 2481/2691/2481 2474/2683/2474 2475/2684/2475
f 2475/2684/2475 2482/2692/2482 2481/2691/2481
f 2482/2692/2482 2475/2684/2475 2476/2685/2476
f 2476/2685/2476 2483/2693/2483 2482/2692/2482
f 2483/2693/2483 2476/2685/2476 2369/2572/2369
f 2369/2572/2369 2371/2573/2371 2483/2693/2483
f 2428/2631/2428 2372/2694/2372 2484/2695/2484
f 2307/2630/2307 2372/2694/2372 2428/2631/2428
f 2484/2695/2484 2485/2696/2485 2428/2631/2428
f 2428/2631/2428 2485/2696/2485 2429/2632/2429
f 2485/2696/2485 2486/2697/2486 2429/2632/2429
f 2486/2697/2486 2487/2698/2487 2429/2632/2429
f 2429/2632/2429 2487/2698/2487 2430/2633/2430
f 2487/2698/2487 2488/2699/2488 2430/2633/2430
f 2488/2699/2488 2489/2700/2489 2430/2633/2430
f 2430/2633/2430 2489/2700/2489 2431/2634/2431
f 2489/2700/2489 2490/2701/2490 2431/2634/2431
f 2431/2634/2431 2490/2701/2490 2432/2635/2432
f 2490/2701/2490 2491/2702/2491 2432/2635/2432
f 2491/2702/2491 2492/2703/2492 2432/2635/2432
f 2432/2635/2432 2492/2703/2492 2433/2636/2433
f 2492/2703/2492 2493/2704/2493 2433/2636/2433
f 2434/2637/2434 2493/2704/2493 2494/2705/2494
f 2433/2636/2433 2493/2704/2493 2434/2637/2434
f 2434/2637/2434 2494/2705/2494 2495/2706/2495
f 2315/2518/2315 2495/2706/2495 2385/2587/2385
f 2434/2637/2434 2495/2706/2495 2315/2518/2315
f 2496/2710/2496 2484/2695/2484 2372/2694/2372
f 2372/2694/2372 2386/2707/2386 2496/2710/2496
f 2497/2711/2497 2496/2710/2496 2386/2707/2386
f 2386/2707/2386 2387/2708/2387 2497/2711/2497
f 2498/2712/2498 2497/2711/2497 2387/2708/2387
f 2387/2708/2387 2388/2709/2388 2498/2712/2498
f 2499/2713/2499 2485/2696/2485 2484/2695/2484
f 2484/2695/2484 2496/2710/2496 2499/2713/2499
f 2500/2714/2500 2499/2713/2499 2496/2710/2496
f 2496/2710/2496 2497/2711/2497 2500/2714/2500
f 2501/2715/2501 2500/2714/2500 2497/2711/2497
f 2497/2711/2497 2498/2712/2498 2501/2715/2501
f 2502/2716/2502 2486/2697/2486 2485/2696/2485
f 2485/2696/2485 2499/2713/2499 2502/2716/2502
f 2503/2717/2503 2502/2716/2502 2499/2713/2499
f 2499/2713/2499 2500/2714/2500 2503/2717/2503
f 2504/2718/2504 2503/2717/2503 2500/2714/2500
f 2500/2714/2500 2501/2715/2501 2504/2718/2504
f 2505/2719/2505 2487/2698/2487 2486/2697/2486
f 2486/2697/2486 2502/2716/2502 2505/2719/2505
f 2506/2720/2506 2505/2719/2505 2502/2716/2502
f 2502/2716/2502 2503/2717/2503 2506/2720/2506
f 2507/2721/2507 2506/2720/2506 2503/2717/2503
f 2503/2717/2503 2504/2718/2504 2507/2721/2507
f 2508/2722/2508 2488/2699/2488 2487/2698/2487
f 2487/2698/2487 2505/2719/2505 2508/2722/2508
f 2509/2723/2509 2508/2722/2508 2505/2719/2505
f 2505/2719/2505 2506/2720/2506 2509/2723/2509
f 2510/2724/2510 2509/2723/2509 2506/2720/2506
f 2506/2720/2506 2507/2721/2507 2510/2724/2510
f 2511/2725/2511 2489/2700/2489 2488/2699/2488
f 2488/2699/2488 2508/2722/2508 2511/2725/2511
f 2512/2726/2512 2511/2725/2511 2508/2722/2508
f 2508/2722/2508 2509/2723/2509 2512/2726/2512
f 2513/2727/2513 2512/2726/2512 2509/2723/2509
f 2509/2723/2509 2510/2724/2510 2513/2727/2513
f 2514/2728/2514 2490/2701/2490 2489/2700/2489
f 2489/2700/2489 2511/2725/2511 2514/2728/2514
f 2515/2729/2515 2514/2728/2514 2511/2725/2511
f 2511/2725/2511 2512/2726/2512 2515/2729/2515
f 2516/2730/2516 2515/2729/2515 2512/2726/2512
f 2512/2726/2512 2513/2727/2513 2516/2730/2516
f 2517/2731/2517 2491/2702/2491 2490/2701/2490
f 2490/2701/2490 2514/2728/2514 2517/2731/2517
f 2518/2732/2518 2517/2731/2517 2514/2728/2514
f 2514/2728/2514 2515/2729/2515 2518/2732/2518
f 2519/2733/2519 2518/2732/2518 2515/2729/2515
f 2515/2729/2515 2516/2730/2516 2519/2733/2519
f 2520/2734/2520 2492/2703/2492 2491/2702/2491
f 2491/2702/2491 2517/2731/2517 2520/2734/2520
f 2521/2735/2521 2520/2734/2520 2517/2731/2517
f 2517/2731/2517 2518/2732/2518 2521/2735/2521
f 2522/2736/2522 2521/2735/2521 2518/2732/2518
f 2518/2732/2518 2519/2733/2519 2522/2736/2522
f 2523/2737/2523 2493/2704/2493 2492/2703/2492
f 2492/2703/2492 2520/2734/2520 2523/2737/2523
f 2524/2738/2524 2523/2737/2523 2520/2734/2520
f 2520/2734/2520 2521/2735/2521 2524/2738/2524
f 2525/2739/2525 2524/2738/2524 2521/2735/2521
f 2521/2735/2521 2522/2736/2522 2525/2739/2525
f 2526/2740/2526 2494/2705/2494 2493/2704/2493
f 2493/2704/2493 2523/2737/2523 2526/2740/2526
f 2527/2741/2527 2526/2740/2526 2523/2737/2523
f 2523/2737/2523 2524/2738/2524 2527/2741/2527
f 2528/2742/2528 2527/2741/2527 2524/2738/2524
f 2524/2738/2524 2525/2739/2525 2528/2742/2528
f 2529/2743/2529 2495/2706/2495 2494/2705/2494
f 2494/2705/2494 2526/2740/2526 2529/2743/2529
f 2530/2744/2530 2529/2743/2529 2526/2740/2526
f 2526/2740/2526 2527/2741/2527 2530/2744/2530
f 2531/2745/2531 2530/2744/2530 2527/2741/2527
f 2527/2741/2527 2528/2742/2528 2531/2745/2531
f 2425/2627/2425 2385/2587/2385 2495/2706/2495
f 2495/2706/2495 2529/2743/2529 2425/2627/2425
f 2426/2628/2426 2425/2627/2425 2529/2743/2529
f 2529/2743/2529 2530/2744/2530 2426/2628/2426
f 2427/2629/2427 2426/2628/2426 2530/2744/2530
f 2530/2744/2530 2531/2745/2531 2427/2629/2427
f 2532/2746/2532 2533/2747/2533 2534/2748/2534
f 2532/2746/2532 2534/2748/2534 2535/2749/2535
f 2532/2746/2532 2535/2749/2535 2536/2750/2536
f 2532/2746/2532 2536/2750/2536 2537/2751/2537
f 2532/2746/2532 2537/2751/2537 2538/2752/2538
f 2532/2746/2532 2538/2752/2538 2539/2753/2539
f 2532/2746/2532 2539/2753/2539 2540/2754/2540
f 2532/2746/2532 2540/2754/2540 2541/2755/2541
f 2534/2748/2534 2533/2747/2533 2542/2756/2542
f 2542/2756/2542 2543/2757/2543 2534/2748/2534
f 2535/2749/2535 2534/2748/2534 2543/2757/2543
f 2543/2757/2543 2544/2758/2544 2535/2749/2535
f 2536/2750/2536 2535/2749/2535 2544/2758/2544
f 2544/2758/2544 2545/2759/2545 2536/2750/2536
f 2537/2751/2537 2536/2750/2536 2545/2759/2545
f 2545/2759/2545 2546/2760/2546 2537/2751/2537
f 2538/2752/2538 2537/2751/2537 2546/2760/2546
f 2546/2760/2546 2547/2761/2547 2538/2752/2538
f 2539/2753/2539 2538/2752/2538 2547/2761/2547
f 2547/2761/2547 2548/2762/2548 2539/2753/2539
f 2540/2754/2540 2539/2753/2539 2548/2762/2548
f 2548/2762/2548 2549/2763/2549 2540/2754/2540
f 2541/2755/2541 2540/2754/2540 2549/2763/2549
f 2549/2763/2549 2550/2764/2550 2541/2755/2541
f 2543/2757/2543 2542/2756/2542 2551/2765/2551
f 2551/2765/2551 2552/2766/2552 2543/2757/2543
f 2544/2758/2544 2543/2757/2543 2552/2766/2552
f 2552/2766/2552 2553/2767/2553 2544/2758/2544
f 2545/2759/2545 2544/2758/2544 2553/2767/2553
f 2553/2767/2553 2554/2768/2554 2545/2759/2545
f 2546/2760/2546 2545/2759/2545 2554/2768/2554
f 2554/2768/2554 2555/2769/2555 2546/2760/2546
f 2547/2761/2547 2546/2760/2546 2555/2769/2555
f 2555/2769/2555 2556/2770/2556 2547/2761/2547
f 2548/2762/2548 2547/2761/2547 2556/2770/2556
f 2556/2770/2556 2557/2771/2557 2548/2762/2548
f 2549/2763/2549 2548/2762/2548 2557/2771/2557
f 2557/2771/2557 2558/2772/2558 2549/2763/2549
f 2550/2764/2550 2549/2763/2549 2558/2772/2558
f 2558/2772/2558 2559/2773/2559 2550/2764/2550
f 2552/2766/2552 2551/2765/2551 2560/2774/2560
f 2560/2774/2560 2561/2775/2561 2552/2766/2552
f 2553/2767/2553 2552/2766/2552 2561/2775/2561
f 2561/2775/2561 2562/2776/2562 2553/2767/2553
f 2554/2768/2554 2553/2767/2553 2562/2776/2562
f 2562/2776/2562 2563/2777/2563 2554/2768/2554
f 2555/2769/2555 2554/2768/2554 2563/2777/2563
f 2563/2777/2563 2564/2778/2564 2555/2769/2555
f 2556/2770/2556 2555/2769/2555 2564/2778/2564
f 2564/2778/2564 2565/2779/2565 2556/2770/2556
f 2557/2771/2557 2556/2770/2556 2565/2779/2565
f 2565/2779/2565 2566/2780/2566 2557/2771/2557
f 2558/2772/2558 2557/2771/2557 2566/2780/2566
f 2566/2780/2566 2567/2781/2567 2558/2772/2558
f 2559/2773/2559 2558/2772/2558 2567/2781/2567
f 2567/2781/2567 2568/2782/2568 2559/2773/2559
f 2561/2775/2561 2560/2774/2560 2569/2783/2569
f 2569/2783/2569 2570/2784/2570 2561/2775/2561
f 2562/2776/2562 2561/2775/2561 2570/2784/2570
f 2570/2784/2570 2571/2785/2571 2562/2776/2562
f 2563/2777/2563 2562/2776/2562 2571/2785/2571
f 2571/2785/2571 2572/2786/2572 2563/2777/2563
f 2564/2778/2564 2563/2777/2563 2572/2786/2572
f 2572/2786/2572 2573/2787/2573 2564/2778/2564
f 2565/2779/2565 2564/2778/2564 2573/2787/2573
f 2573/2787/2573 2574/2788/2574 2565/2779/2565
f 2566/2780/2566 2565/2779/2565 2574/2788/2574
f 2574/2788/2574 2575/2789/2575 2566/2780/2566
f 2567/2781/2567 2566/2780/2566 2575/2789/2575
f 2575/2789/2575 2576/2790/2576 2567/2781/2567
f 2568/2782/2568 2567/2781/2567 2576/2790/2576
f 2576/2790/2576 2577/2791/2577 2568/2782/2568
f 2570/2784/2570 2569/2783/2569 2578/2792/2578
f 2578/2792/2578 2579/2793/2579 2570/2784/2570
f 2571/2785/2571 2570/2784/2570 2579/2793/2579
f 2579/2793/2579 2580/2794/2580 2571/2785/2571
f 2572/2786/2572 2571/2785/2571 2580/2794/2580
f 2580/2794/2580 2581/2795/2581 2572/2786/2572
f 2573/2787/2573 2572/2786/2572 2581/2795/2581
f 2581/2795/2581 2582/2796/2582 2573/2787/2573
f 2574/2788/2574 2573/2787/2573 2582/2796/2582
f 2582/2796/2582 2583/2797/2583 2574/2788/2574
f 2575/2789/2575 2574/2788/2574 2583/2797/2583
f 2583/2797/2583 2584/2798/2584 2575/2789/2575
f 2576/2790/2576 2575/2789/2575 2584/2798/2584
f 2584/2798/2584 2585/2799/2585 2576/2790/2576
f 2577/2791/2577 2576/2790/2576 2585/2799/2585
f 2585/2799/2585 2586/2800/2586 2577/2791/2577
f 2579/2793/2579 2578/2792/2578 2587/2801/2587
f 2587/2801/2587 2588/2802/2588 2579/2793/2579
f 2580/2794/2580 2579/2793/2579 2588/2802/2588
f 2588/2802/2588 2589/2803/2589 2580/2794/2580
f 2581/2795/2581 2580/2794/2580 2589/2803/2589
f 2589/2803/2589 2590/2804/2590 2581/2795/2581
f 2582/2796/2582 2581/2795/2581 2590/2804/2590
f 2590/2804/2590 2591/2805/2591 2582/2796/2582
f 2583/2797/2583 2582/2796/2582 2591/2805/2591
f 2591/2805/2591 2592/2806/2592 2583/2797/2583
f 2584/2798/2584 2583/2797/2583 2592/2806/2592
f 2592/2806/2592 2593/2807/2593 2584/2798/2584
f 2585/2799/2585 2584/2798/2584 2593/2807/2593
f 2593/2807/2593 2594/2808/2594 2585/2799/2585
f 2586/2800/2586 2585/2799/2585 2594/2808/2594
f 2594/2808/2594 2595/2809/2595 2586/2800/2586
f 2588/2802/2588 2587/2801/2587 2596/2810/2596
f 2596/2810/2596 2597/2811/2597 2588/2802/2588
f 2589/2803/2589 2588/2802/2588 2597/2811/2597
f 2597/2811/2597 2598/2812/2598 2589/2803/2589
f 2590/2804/2590 2589/2803/2589 2598/2812/2598
f 2598/2812/2598 2599/2813/2599 2590/2804/2590
f 2591/2805/2591 2590/2804/2590 2599/2813/2599
f 2599/2813/2599 2600/2814/2600 2591/2805/2591
f 2592/2806/2592 2591/2805/2591 2600/2814/2600
f 2600/2814/2600 2601/2815/2601 2592/2806/2592
f 2593/2807/2593 2592/2806/2592 2601/2815/2601
f 2601/2815/2601 2602/2816/2602 2593/2807/2593
f 2594/2808/2594 2593/2807/2593 2602/2816/2602
f 2602/2816/2602 2603/2817/2603 2594/2808/2594
f 2595/2809/2595 2594/2808/2594 2603/2817/2603
f 2603/2817/2603 2604/2818/2604 2595/2809/2595
f 2532/2746/2532 2541/2755/2541 2605/2819/2605
f 2532/2746/2532 2605/2819/2605 2606/2820/2606
f 2532/2746/2532 2606/2820/2606 2607/2821/2607
f 2532/2746/2532 2607/2821/2607 2608/2822/2608
f 2532/2746/2532 2608/2822/2608 2609/2823/2609
f 2532/2746/2532 2609/2823/2609 2610/2824/2610
f 2532/2746/2532 2610/2824/2610 2611/2825/2611
f 2532/2746/2532 2611/2825/2611 2612/2826/2612
f 2605/2819/2605 2541/2755/2541 2550/2764/2550
f 2550/2764/2550 2613/2827/2613 2605/2819/2605
f 2606/2820/2606 2605/2819/2605 2613/2827/2613
f 2613/2827/2613 2614/2828/2614 2606/2820/2606
f 2607/2821/2607 2606/2820/2606 2614/2828/2614
f 2614/2828/2614 2615/2829/2615 2607/2821/2607
f 2608/2822/2608 2607/2821/2607 2615/2829/2615
f 2615/2829/2615 2616/2830/2616 2608/2822/2608
f 2609/2823/2609 2608/2822/2608 2616/2830/2616
f 2616/2830/2616 2617/2831/2617 2609/2823/2609
f 2610/2824/2610 2609/2823/2609 2617/2831/2617
f 2617/2831/2617 2618/2832/2618 2610/2824/2610
f 2611/2825/2611 2610/2824/2610 2618/2832/2618
f 2618/2832/2618 2619/2833/2619 2611/2825/2611
f 2612/2826/2612 2611/2825/2611 2619/2833/2619
f 2619/2833/2619 2620/2834/2620 2612/2826/2612
f 2613/2827/2613 2550/2764/2550 2559/2773/2559
f 2559/2773/2559 2621/2835/2621 2613/2827/2613
f 2614/2828/2614 2613/2827/2613 2621/2835/2621
f 2621/2835/2621 2622/2836/2622 2614/2828/2614
f 2615/2829/2615 2614/2828/2614 2622/2836/2622
f 2622/2836/2622 2623/2837/2623 2615/2829/2615
f 2616/2830/2616 2615/2829/2615 2623/2837/2623
f 2623/2837/2623 2624/2838/2624 2616/2830/2616
f 2617/2831/2617 2616/2830/2616 2624/2838/2624
f 2624/2838/2624 2625/2839/2625 2617/2831/2617
f 2618/2832/2618 2617/2831/2617 2625/2839/2625
f 2625/2839/2625 2626/2840/2626 2618/2832/2618
f 2619/2833/2619 2618/2832/2618 2626/2840/2626
f 2626/2840/2626 2627/2841/2627 2619/2833/2619
f 2620/2834/2620 2619/2833/2619 2627/2841/2627
f 2627/2841/2627 2628/2842/2628 2620/2834/2620
f 2621/2835/2621 2559/2773/2559 2568/2782/2568
f 2568/2782/2568 2629/2843/2629 2621/2835/2621
f 2622/2836/2622 2621/2835/2621 2629/2843/2629
f 2629/2843/2629 2630/2844/2630 2622/2836/2622
f 2623/2837/2623 2622/2836/2622 2630/2844/2630
f 2630/2844/2630 2631/2845/2631 2623/2837/2623
f 2624/2838/2624 2623/2837/2623 2631/2845/2631
f 2631/2845/2631 2632/2846/2632 2624/2838/2624
f 2625/2839/2625 2624/2838/2624 2632/2846/2632
f 2632/2846/2632 2633/2847/2633 2625/2839/2625
f 2626/2840/2626 2625/2839/2625 2633/2847/2633
f 2633/2847/2633 2634/2848/2634 2626/2840/2626
f 2627/2841/2627 2626/2840/2626 2634/2848/2634
f 2634/2848/2634 2635/2849/2635 2627/2841/2627
f 2628/2842/2628 2627/2841/2627 2635/2849/2635
f 2635/2849/2635 2636/2850/2636 2628/2842/2628
f 2629/2843/2629 2568/2782/2568 2577/2791/2577
f 2577/2791/2577 2637/2851/2637 2629/2843/2629
f 2630/2844/2630 2629/2843/2629 2637/2851/2637
f 2637/2851/2637 2638/2852/2638 2630/2844/2630
f 2631/2845/2631 2630/2844/2630 2638/2852/2638
f 2638/2852/2638 2639/2853/2639 2631/2845/2631
f 2632/2846/2632 2631/2845/2631 2639/2853/2639
f 2639/2853/2639 2640/2854/2640 2632/2846/2632
f 2633/2847/2633 2632/2846/2632 2640/2854/2640
f 2640/2854/2640 2641/2855/2641 2633/2847/2633
f 2634/2848/2634 2633/2847/2633 2641/2855/2641
f 2641/2855/2641 2642/2856/2642 2634/2848/2634
f 2635/2849/2635 2634/2848/2634 2642/2856/2642
f 2642/2856/2642 2643/2857/2643 2635/2849/2635
f 2636/2850/2636 2635/2849/2635 2643/2857/2643
f 2643/2857/2643 2644/2858/2644 2636/2850/2636
f 2637/2851/2637 2577/2791/2577 2586/2800/2586
f 2586/2800/2586 2645/2859/2645 2637/2851/2637
f 2638/2852/2638 2637/2851/2637 2645/2859/2645
f 2645/2859/2645 2646/2860/2646 2638/2852/2638
f 2639/2853/2639 2638/2852/2638 2646/2860/2646
f 2646/2860/2646 2647/2861/2647 2639/2853/2639
f 2640/2854/2640 2639/2853/2639 2647/2861/2647
f 2647/2861/2647 2648/2862/2648 2640/2854/2640
f 2641/2855/2641 2640/2854/2640 2648/2862/2648
f 2648/2862/2648 2649/2863/2649 2641/2855/2641
f 2642/2856/2642 2641/2855/2641 2649/2863/2649
f 2649/2863/2649 2650/2864/2650 2642/2856/2642
f 2643/2857/2643 2642/2856/2642 2650/2864/2650
f 2650/2864/2650 2651/2865/2651 2643/2857/2643
f 2644/2858/2644 2643/2857/2643 2651/2865/2651
f 2651/2865/2651 2652/2866/2652 2644/2858/2644
f 2645/2859/2645 2586/2800/2586 2595/2809/2595
f 2595/2809/2595 2653/2867/2653 2645/2859/2645
f 2646/2860/2646 2645/2859/2645 2653/2867/2653
f 2653/2867/2653 2654/2868/2654 2646/2860/2646
f 2647/2861/2647 2646/2860/2646 2654/2868/2654
f 2654/2868/2654 2655/2869/2655 2647/2861/2647
f 2648/2862/2648 2647/2861/2647 2655/2869/2655
f 2655/2869/2655 2656/2870/2656 2648/2862/2648
f 2649/2863/2649 2648/2862/2648 2656/2870/2656
f 2656/2870/2656 2657/2871/2657 2649/2863/2649
f 2650/2864/2650 2649/2863/2649 2657/2871/2657
f 2657/2871/2657 2658/2872/2658 2650/2864/2650
f 2651/2865/2651 2650/2864/2650 2658/2872/2658
f 2658/2872/2658 2659/2873/2659 2651/2865/2651
f 2652/2866/2652 2651/2865/2651 2659/2873/2659
f 2659/2873/2659 2660/2874/2660 2652/2866/2652
f 2653/2867/2653 2595/2809/2595 2604/2818/2604
f 2604/2818/2604 2661/2875/2661 2653/2867/2653
f 2654/2868/2654 2653/2867/2653 2661/2875/2661
f 2661/2875/2661 2662/2876/2662 2654/2868/2654
f 2655/2869/2655 2654/2868/2654 2662/2876/2662
f 2662/2876/2662 2663/2877/2663 2655/2869/2655
f 2656/2870/2656 2655/2869/2655 2663/2877/2663
f 2663/2877/2663 2664/2878/2664 2656/2870/2656
f 2657/2871/2657 2656/2870/2656 2664/2878/2664
f 2664/2878/2664 2665/2879/2665 2657/2871/2657
f 2658/2872/2658 2657/2871/2657 2665/2879/2665
f 2665/2879/2665 2666/2880/2666 2658/2872/2658
f 2659/2873/2659 2658/2872/2658 2666/2880/2666
f 2666/2880/2666 2667/2881/2667 2659/2873/2659
f 2660/2874/2660 2659/2873/2659 2667/2881/2667
f 2667/2881/2667 2668/2882/2668 2660/2874/2660
f 2669/2883/2669 2532/2746/2532 2670/2884/2670
f 2670/2884/2670 2532/2746/2532 2671/2885/2671
f 2671/2885/2671 2532/2746/2532 2672/2886/2672
f 2672/2886/2672 2532/2746/2532 2673/2887/2673
f 2673/2887/2673 2532/2746/2532 2674/2888/2674
f 2674/2888/2674 2532/2746/2532 2675/2889/2675
f 2675/2889/2675 2532/2746/2532 2676/2890/2676
f 2676/2890/2676 2532/2746/2532 2612/2826/2612
f 2677/2891/2677 2669/2883/2669 2670/2884/2670
f 2670/2884/2670 2678/2892/2678 2677/2891/2677
f 2678/2892/2678 2670/2884/2670 2671/2885/2671
f 2671/2885/2671 2679/2893/2679 2678/2892/2678
f 2679/2893/2679 2671/2885/2671 2672/2886/2672
f 2672/2886/2672 2680/2894/2680 2679/2893/2679
f 2680/2894/2680 2672/2886/2672 2673/2887/2673
f 2673/2887/2673 2681/2895/2681 2680/2894/2680
f 2681/2895/2681 2673/2887/2673 2674/2888/2674
f 2674/2888/2674 2682/2896/2682 2681/2895/2681
f 2682/2896/2682 2674/2888/2674 2675/2889/2675
f 2675/2889/2675 2683/2897/2683 2682/2896/2682
f 2683/2897/2683 2675/2889/2675 2676/2890/2676
f 2676/2890/2676 2684/2898/2684 2683/2897/2683
f 2684/2898/2684 2676/2890/2676 2612/2826/2612
f 2612/2826/2612 2620/2834/2620 2684/2898/2684
f 2685/2899/2685 2677/2891/2677 2678/2892/2678
f 2678/2892/2678 2686/2900/2686 2685/2899/2685
f 2686/2900/2686 2678/2892/2678 2679/2893/2679
f 2679/2893/2679 2687/2901/2687 2686/2900/2686
f 2687/2901/2687 2679/2893/2679 2680/2894/2680
f 2680/2894/2680 2688/2902/2688 2687/2901/2687
f 2688/2902/2688 2680/2894/2680 2681/2895/2681
f 2681/2895/2681 2689/2903/2689 2688/2902/2688
f 2689/2903/2689 2681/2895/2681 2682/2896/2682
f 2682/2896/2682 2690/2904/2690 2689/2903/2689
f 2690/2904/2690 2682/2896/2682 2683/2897/2683
f 2683/2897/2683 2691/2905/2691 2690/2904/2690
f 2691/2905/2691 2683/2897/2683 2684/2898/2684
f 2684/2898/2684 2692/2906/2692 2691/2905/2691
f 2692/2906/2692 2684/2898/2684 2620/2834/2620
f 2620/2834/2620 2628/2842/2628 2692/2906/2692
f 2693/2907/2693 2685/2899/2685 2686/2900/2686
f 2686/2900/2686 2694/2908/2694 2693/2907/2693
f 2694/2908/2694 2686/2900/2686 2687/2901/2687
f 2687/2901/2687 2695/2909/2695 2694/2908/2694
f 2695/2909/2695 2687/2901/2687 2688/2902/2688
f 2688/2902/2688 2696/2910/2696 2695/2909/2695
f 2696/2910/2696 2688/2902/2688 2689/2903/2689
f 2689/2903/2689 2697/2911/2697 2696/2910/2696
f 2697/2911/2697 2689/2903/2689 2690/2904/2690
f 2690/2904/2690 2698/2912/2698 2697/2911/2697
f 2698/2912/2698 2690/2904/2690 2691/2905/2691
f 2691/2905/2691 2699/2913/2699 2698/2912/2698
f 2699/2913/2699 2691/2905/2691 2692/2906/2692
f 2692/2906/2692 2700/2914/2700 2699/2913/2699
f 2700/2914/2700 2692/2906/2692 2628/2842/2628
f 2628/2842/2628 2636/2850/2636 2700/2914/2700
f 2701/2915/2701 2693/2907/2693 2694/2908/2694
f 2694/2908/2694 2702/2916/2702 2701/2915/2701
f 2702/2916/2702 2694/2908/2694 2695/2909/2695
f 2695/2909/2695 2703/2917/2703 2702/2916/2702
f 2703/2917/2703 2695/2909/2695 2696/2910/2696
f 2696/2910/2696 2704/2918/2704 2703/2917/2703
f 2704/2918/2704 2696/2910/2696 2697/2911/2697
f 2697/2911/2697 2705/2919/2705 2704/2918/2704
f 2705/2919/2705 2697/2911/2697 2698/2912/2698
f 2698/2912/2698 2706/2920/2706 2705/2919/2705
f 2706/2920/2706 2698/2912/2698 2699/2913/2699
f 2699/2913/2699 2707/2921/2707 2706/2920/2706
f 2707/2921/2707 2699/2913/2699 2700/2914/2700
f 2700/2914/2700 2708/2922/2708 2707/2921/2707
f 2708/2922/2708 2700/2914/2700 2636/2850/2636
f 2636/2850/2636 2644/2858/2644 2708/2922/2708
f 2709/2923/2709 2701/2915/2701 2702/2916/2702
f 2702/2916/2702 2710/2924/2710 2709/2923/2709
f 2710/2924/2710 2702/2916/2702 2703/2917/2703
f 2703/2917/2703 2711/2925/2711 2710/2924/2710
f 2711/2925/2711 2703/2917/2703 2704/2918/2704
f 2704/2918/2704 2712/2926/2712 2711/2925/2711
f 2712/2926/2712 2704/2918/2704 2705/2919/2705
f 2705/2919/2705 2713/2927/2713 2712/2926/2712
f 2713/2927/2713 2705/2919/2705 2706/2920/2706
f 2706/2920/2706 2714/2928/2714 2713/2927/2713
f 2714/2928/2714 2706/2920/2706 2707/2921/2707
f 2707/2921/2707 2715/2929/2715 2714/2928/2714
f 2715/2929/2715 2707/2921/2707 2708/2922/2708
f 2708/2922/2708 2716/2930/2716 2715/2929/2715
f 2716/2930/2716 2708/2922/2708 2644/2858/2644
f 2644/2858/2644 2652/2866/2652 2716/2930/2716
f 2717/2931/2717 2709/2923/2709 2710/2924/2710
f 2710/2924/2710 2718/2932/2718 2717/2931/2717
f 2718/2932/2718 2710/2924/2710 2711/2925/2711
f 2711/2925/2711 2719/2933/2719 2718/2932/2718
f 2719/2933/2719 2711/2925/2711 2712/2926/2712
f 2712/2926/2712 2720/2934/2720 2719/2933/2719
f 2720/2934/2720 2712/2926/2712 2713/2927/2713
f 2713/2927/2713 2721/2935/2721 2720/2934/2720
f 2721/2935/2721 2713/2927/2713 2714/2928/2714
f 2714/2928/2714 2722/2936/2722 2721/2935/2721
f 2722/2936/2722 2714/2928/2714 2715/2929/2715
f 2715/2929/2715 2723/2937/2723 2722/2936/2722
f 2723/2937/2723 2715/2929/2715 2716/2930/2716
f 2716/2930/2716 2724/2938/2724 2723/2937/2723
f 2724/2938/2724 2716/2930/2716 2652/2866/2652
f 2652/2866/2652 2660/2874/2660 2724/2938/2724
f 2725/2939/2725 2717/2931/2717 2718/2932/2718
f 2718/2932/2718 2726/2940/2726 2725/2939/2725
f 2726/2940/2726 2718/2932/2718 2719/2933/2719
f 2719/2933/2719 2727/2941/2727 2726/2940/2726
f 2727/2941/2727 2719/2933/2719 2720/2934/2720
f 2720/2934/2720 2728/2942/2728 2727/2941/2727
f 2728/2942/2728 2720/2934/2720 2721/2935/2721
f 2721/2935/2721 2729/2943/2729 2728/2942/2728
f 2729/2943/2729 2721/2935/2721 2722/2936/2722
f 2722/2936/2722 2730/2944/2730 2729/2943/2729
f 2730/2944/2730 2722/2936/2722 2723/2937/2723
f 2723/2937/2723 2731/2945/2731 2730/2944/2730
f 2731/2945/2731 2723/2937/2723 2724/2938/2724
f 2724/2938/2724 2732/2946/2732 2731/2945/2731
f 2732/2946/2732 2724/2938/2724 2660/2874/2660
f 2660/2874/2660 2668/2882/2668 2732/2946/2732
f 2533/2747/2533 2532/2746/2532 2733/2947/2733
f 2733/2947/2733 2532/2746/2532 2734/2948/2734
f 2734/2948/2734 2532/2746/2532 2735/2949/2735
f 2735/2949/2735 2532/2746/2532 2736/2950/2736
f 2736/2950/2736 2532/2746/2532 2737/2951/2737
f 2737/2951/2737 2532/2746/2532 2738/2952/2738
f 2738/2952/2738 2532/2746/2532 2739/2953/2739
f 2739/2953/2739 2532/2746/2532 2669/2883/2669
f 2542/2756/2542 2533/2747/2533 2733/2947/2733
f 2733/2947/2733 2740/2954/2740 2542/2756/2542
f 2740/2954/2740 2733/2947/2733 2734/2948/2734
f 2734/2948/2734 2741/2955/2741 2740/2954/2740
f 2741/2955/2741 2734/2948/2734 2735/2949/2735
f 2735/2949/2735 2742/2956/2742 2741/2955/2741
f 2742/2956/2742 2735/2949/2735 2736/2950/2736
f 2736/2950/2736 2743/2957/2743 2742/2956/2742
f 2743/2957/2743 2736/2950/2736 2737/2951/2737
f 2737/2951/2737 2744/2958/2744 2743/2957/2743
f 2744/2958/2744 2737/2951/2737 2738/2952/2738
f 2738/2952/2738 2745/2959/2745 2744/2958/2744
f 2745/2959/2745 2738/2952/2738 2739/2953/2739
f 2739/2953/2739 2746/2960/2746 2745/2959/2745
f 2746/2960/2746 2739/2953/2739 2669/2883/2669
f 2669/2883/2669 2677/2891/2677 2746/2960/2746
f 2551/2765/2551 2542/2756/2542 2740/2954/2740
f 2740/2954/2740 2747/2961/2747 2551/2765/2551
f 2747/2961/2747 2740/2954/2740 2741/2955/2741
f 2741/2955/2741 2748/2962/2748 2747/2961/2747
f 2748/2962/2748 2741/2955/2741 2742/2956/2742
f 2742/2956/2742 2749/2963/2749 2748/2962/2748
f 2749/2963/2749 2742/2956/2742 2743/2957/2743
f 2743/2957/2743 2750/2964/2750 2749/2963/2749
f 2750/2964/2750 2743/2957/2743 2744/2958/2744
f 2744/2958/2744 2751/2965/2751 2750/2964/2750
f 2751/2965/2751 2744/2958/2744 2745/2959/2745
f 2745/2959/2745 2752/2966/2752 2751/2965/2751
f 2752/2966/2752 2745/2959/2745 2746/2960/2746
f 2746/2960/2746 2753/2967/2753 2752/2966/2752
f 2753/2967/2753 2746/2960/2746 2677/2891/2677
f 2677/2891/2677 2685/2899/2685 2753/2967/2753
f 2560/2774/2560 2551/2765/2551 2747/2961/2747
f 2747/2961/2747 2754/2968/2754 2560/2774/2560
f 2754/2968/2754 2747/2961/2747 2748/2962/2748
f 2748/2962/2748 2755/2969/2755 2754/2968/2754
f 2755/2969/2755 2748/2962/2748 2749/2963/2749
f 2749/2963/2749 2756/2970/2756 2755/2969/2755
f 2756/2970/2756 2749/2963/2749 2750/2964/2750
f 2750/2964/2750 2757/2971/2757 2756/2970/2756
f 2757/2971/2757 2750/2964/2750 2751/2965/2751
f 2751/2965/2751 2758/2972/2758 2757/2971/2757
f 2758/2972/2758 2751/2965/2751 2752/2966/2752
f 2752/2966/2752 2759/2973/2759 2758/2972/2758
f 2759/2973/2759 2752/2966/2752 2753/2967/2753
f 2753/2967/2753 2760/2974/2760 2759/2973/2759
f 2760/2974/2760 2753/2967/2753 2685/2899/2685
f 2685/2899/2685 2693/2907/2693 2760/2974/2760
f 2569/2783/2569 2560/2774/2560 2754/2968/2754
f 2754/2968/2754 2761/2975/2761 2569/2783/2569
f 2761/2975/2761 2754/2968/2754 2755/2969/2755
f 2755/2969/2755 2762/2976/2762 2761/2975/2761
f 2762/2976/2762 2755/2969/2755 2756/2970/2756
f 2756/2970/2756 2763/2977/2763 2762/2976/2762
f 2763/2977/2763 2756/2970/2756 2757/2971/2757
f 2757/2971/2757 2764/2978/2764 2763/2977/2763
f 2764/2978/2764 2757/2971/2757 2758/2972/2758
f 2758/2972/2758 2765/2979/2765 2764/2978/2764
f 2765/2979/2765 2758/2972/2758 2759/2973/2759
f 2759/2973/2759 2766/2980/2766 2765/2979/2765
f 2766/2980/2766 2759/2973/2759 2760/2974/2760
f 2760/2974/2760 2767/2981/2767 2766/2980/2766
f 2767/2981/2767 2760/2974/2760 2693/2907/2693
f 2693/2907/2693 2701/2915/2701 2767/2981/2767
f 2578/2792/2578 2569/2783/2569 2761/2975/2761
f 2761/2975/2761 2768/2982/2768 2578/2792/2578
f 2768/2982/2768 2761/2975/2761 2762/2976/2762
f 2762/2976/2762 2769/2983/2769 2768/2982/2768
f 2769/2983/2769 2762/2976/2762 2763/2977/2763
f 2763/2977/2763 2770/2984/2770 2769/2983/2769
f 2770/2984/2770 2763/2977/2763 2764/2978/2764
f 2764/2978/2764 2771/2985/2771 2770/2984/2770
f 2771/2985/2771 2764/2978/2764 2765/2979/2765
f 2765/2979/2765 2772/2986/2772 2771/2985/2771
f 2772/2986/2772 2765/2979/2765 2766/2980/2766
f 2766/2980/2766 2773/2987/2773 2772/2986/2772
f 2773/2987/2773 2766/2980/2766 2767/2981/2767
f 2767/2981/2767 2774/2988/2774 2773/2987/2773
f 2774/2988/2774 2767/2981/2767 2701/2915/2701
f 2701/2915/2701 2709/2923/2709 2774/2988/2774
f 2587/2801/2587 2578/2792/2578 2768/2982/2768
f 2768/2982/2768 2775/2989/2775 2587/2801/2587
f 2775/2989/2775 2768/2982/2768 2769/2983/2769
f 2769/2983/2769 2776/2990/2776 2775/2989/2775
f 2776/2990/2776 2769/2983/2769 2770/2984/2770
f 2770/2984/2770 2777/2991/2777 2776/2990/2776
f 2777/2991/2777 2770/2984/2770 2771/2985/2771
f 2771/2985/2771 2778/2992/2778 2777/2991/2777
f 2778/2992/2778 2771/2985/2771 2772/2986/2772
f 2772/2986/2772 2779/2993/2779 2778/2992/2778
f 2779/2993/2779 2772/2986/2772 2773/2987/2773
f 2773/2987/2773 2780/2994/2780 2779/2993/2779
f 2780/2994/2780 2773/2987/2773 2774/2988/2774
f 2774/2988/2774 2781/2995/2781 2780/2994/2780
f 2781/2995/2781 2774/2988/2774 2709/2923/2709
f 2709/2923/2709 2717/2931/2717 2781/2995/2781
f 2596/2810/2596 2587/2801/2587 2775/2989/2775
f 2775/2989/2775 2782/2996/2782 2596/2810/2596
f 2782/2996/2782 2775/2989/2775 2776/2990/2776
f 2776/2990/2776 2783/2997/2783 2782/2996/2782
f 2783/2997/2783 2776/2990/2776 2777/2991/2777
f 2777/2991/2777 2784/2998/2784 2783/2997/2783
f 2784/2998/2784 2777/2991/2777 2778/2992/2778
f 2778/2992/2778 2785/2999/2785 2784/2998/2784
f 2785/2999/2785 2778/2992/2778 2779/2993/2779
f 2779/2993/2779 2786/3000/2786 2785/2999/2785
f 2786/3000/2786 2779/2993/2779 2780/2994/2780
f 2780/2994/2780 2787/3001/2787 2786/3000/2786
f 2787/3001/2787 2780/2994/2780 2781/2995/2781
f 2781/2995/2781 2788/3002/2788 2787/3001/2787
f 2788/3002/2788 2781/2995/2781 2717/2931/2717
f 2717/2931/2717 2725/2939/2725 2788/3002/2788
f 2597/3004/2597 2596/3003/2596 2789/3012/2789
f 2789/3012/2789 2790/3013/2790 2597/3004/2597
f 2598/3005/2598 2597/3004/2597 2790/3013/2790
f 2790/3013/2790 2791/3014/2791 2598/3005/2598
f 2599/3006/2599 2598/3005/2598 2791/3014/2791
f 2791/3014/2791 2792/3015/2792 2599/3006/2599
f 2600/3007/2600 2599/3006/2599 2792/3015/2792
f 2792/3015/2792 2793/3016/2793 2600/3007/2600
f 2601/3008/2601 2600/3007/2600 2793/3016/2793
f 2793/3016/2793 2794/3017/2794 2601/3008/2601
f 2602/3009/2602 2601/3008/2601 2794/3017/2794
f 2794/3017/2794 2795/3018/2795 2602/3009/2602
f 2603/3010/2603 2602/3009/2602 2795/3018/2795
f 2795/3018/2795 2796/3019/2796 2603/3010/2603
f 2604/3011/2604 2603/3010/2603 2796/3019/2796
f 2796/3019/2796 2797/3020/2797 2604/3011/2604
f 2790/3013/2790 2789/3012/2789 2798/3021/2798
f 2798/3021/2798 2799/3022/2799 2790/3013/2790
f 2791/3014/2791 2790/3013/2790 2799/3022/2799
f 2799/3022/2799 2800/3023/2800 2791/3014/2791
f 2792/3015/2792 2791/3014/2791 2800/3023/2800
f 2800/3023/2800 2801/3024/2801 2792/3015/2792
f 2793/3016/2793 2792/3015/2792 2801/3024/2801
f 2801/3024/2801 2802/3025/2802 2793/3016/2793
f 2794/3017/2794 2793/3016/2793 2802/3025/2802
f 2802/3025/2802 2803/3026/2803 2794/3017/2794
f 2795/3018/2795 2794/3017/2794 2803/3026/2803
f 2803/3026/2803 2804/3027/2804 2795/3018/2795
f 2796/3019/2796 2795/3018/2795 2804/3027/2804
f 2804/3027/2804 2805/3028/2805 2796/3019/2796
f 2797/3020/2797 2796/3019/2796 2805/3028/2805
f 2805/3028/2805 2806/3029/2806 2797/3020/2797
f 2799/3022/2799 2798/3021/2798 2807/3030/2807
f 2807/3030/2807 2808/3031/2808 2799/3022/2799
f 2800/3023/2800 2799/3022/2799 2808/3031/2808
f 2808/3031/2808 2809/3032/2809 2800/3023/2800
f 2801/3024/2801 2800/3023/2800 2809/3032/2809
f 2809/3032/2809 2810/3033/2810 2801/3024/2801
f 2802/3025/2802 2801/3024/2801 2810/3033/2810
f 2810/3033/2810 2811/3034/2811 2802/3025/2802
f 2803/3026/2803 2802/3025/2802 2811/3034/2811
f 2811/3034/2811 2812/3035/2812 2803/3026/2803
f 2804/3027/2804 2803/3026/2803 2812/3035/2812
f 2812/3035/2812 2813/3036/2813 2804/3027/2804
f 2805/3028/2805 2804/3027/2804 2813/3036/2813
f 2813/3036/2813 2814/3037/2814 2805/3028/2805
f 2806/3029/2806 2805/3028/2805 2814/3037/2814
f 2814/3037/2814 2815/3038/2815 2806/3029/2806
f 2808/3031/2808 2807/3030/2807 2816/3039/2816
f 2816/3039/2816 2817/3040/2817 2808/3031/2808
f 2809/3032/2809 2808/3031/2808 2817/3040/2817
f 2817/3040/2817 2818/3041/2818 2809/3032/2809
f 2810/3033/2810 2809/3032/2809 2818/3041/2818
f 2818/3041/2818 2819/3042/2819 2810/3033/2810
f 2811/3034/2811 2810/3033/2810 2819/3042/2819
f 2819/3042/2819 2820/3043/2820 2811/3034/2811
f 2812/3035/2812 2811/3034/2811 2820/3043/2820
f 2820/3043/2820 2821/3044/2821 2812/3035/2812
f 2813/3036/2813 2812/3035/2812 2821/3044/2821
f 2821/3044/2821 2822/3045/2822 2813/3036/2813
f 2814/3037/2814 2813/3036/2813 2822/3045/2822
f 2822/3045/2822 2823/3046/2823 2814/3037/2814
f 2815/3038/2815 2814/3037/2814 2823/3046/2823
f 2823/3046/2823 2824/3047/2824 2815/3038/2815
f 2817/3040/2817 2816/3039/2816 2825/3048/2825
f 2825/3048/2825 2826/3049/2826 2817/3040/2817
f 2818/3041/2818 2817/3040/2817 2826/3049/2826
f 2826/3049/2826 2827/3050/2827 2818/3041/2818
f 2819/3042/2819 2818/3041/2818 2827/3050/2827
f 2827/3050/2827 2828/3051/2828 2819/3042/2819
f 2820/3043/2820 2819/3042/2819 2828/3051/2828
f 2828/3051/2828 2829/3052/2829 2820/3043/2820
f 2821/3044/2821 2820/3043/2820 2829/3052/2829
f 2829/3052/2829 2830/3053/2830 2821/3044/2821
f 2822/3045/2822 2821/3044/2821 2830/3053/2830
f 2830/3053/2830 2831/3054/2831 2822/3045/2822
f 2823/3046/2823 2822/3045/2822 2831/3054/2831
f 2831/3054/2831 2832/3055/2832 2823/3046/2823
f 2824/3047/2824 2823/3046/2823 2832/3055/2832
f 2832/3055/2832 2833/3056/2833 2824/3047/2824
f 2826/3049/2826 2825/3048/2825 2834/3057/2834
f 2834/3057/2834 2835/3058/2835 2826/3049/2826
f 2827/3050/2827 2826/3049/2826 2835/3058/2835
f 2835/3058/2835 2836/3059/2836 2827/3050/2827
f 2828/3051/2828 2827/3050/2827 2836/3059/2836
f 2836/3059/2836 2837/3060/2837 2828/3051/2828
f 2829/3052/2829 2828/3051/2828 2837/3060/2837
f 2837/3060/2837 2838/3061/2838 2829/3052/2829
f 2830/3053/2830 2829/3052/2829 2838/3061/2838
f 2838/3061/2838 2839/3062/2839 2830/3053/2830
f 2831/3054/2831 2830/3053/2830 2839/3062/2839
f 2839/3062/2839 2840/3063/2840 2831/3054/2831
f 2832/3055/2832 2831/3054/2831 2840/3063/2840
f 2840/3063/2840 2841/3064/2841 2832/3055/2832
f 2833/3056/2833 2832/3055/2832 2841/3064/2841
f 2841/3064/2841 2842/3065/2842 2833/3056/2833
f 2835/3058/2835 2834/3057/2834 2843/3066/2843
f 2843/3066/2843 2844/3067/2844 2835/3058/2835
f 2836/3059/2836 2835/3058/2835 2844/3067/2844
f 2844/3067/2844 2845/3068/2845 2836/3059/2836
f 2837/3060/2837 2836/3059/2836 2845/3068/2845
f 2845/3068/2845 2846/3069/2846 2837/3060/2837
f 2838/3061/2838 2837/3060/2837 2846/3069/2846
f 2846/3069/2846 2847/3070/2847 2838/3061/2838
f 2839/3062/2839 2838/3061/2838 2847/3070/2847
f 2847/3070/2847 2848/3071/2848 2839/3062/2839
f 2840/3063/2840 2839/3062/2839 2848/3071/2848
f 2848/3071/2848 2849/3072/2849 2840/3063/2840
f 2841/3064/2841 2840/3063/2840 2849/3072/2849
f 2849/3072/2849 2850/3073/2850 2841/3064/2841
f 2842/3065/2842 2841/3064/2841 2850/3073/2850
f 2850/3073/2850 2851/3074/2851 2842/3065/2842
f 2844/3067/2844 2843/3066/2843 2852/3075/2852
f 2852/3075/2852 2853/3076/2853 2844/3067/2844
f 2845/3068/2845 2844/3067/2844 2853/3076/2853
f 2853/3076/2853 2854/3077/2854 2845/3068/2845
f 2846/3069/2846 2845/3068/2845 2854/3077/2854
f 2854/3077/2854 2855/3078/2855 2846/3069/2846
f 2847/3070/2847 2846/3069/2846 2855/3078/2855
f 2855/3078/2855 2856/3079/2856 2847/3070/2847
f 2848/3071/2848 2847/3070/2847 2856/3079/2856
f 2856/3079/2856 2857/3080/2857 2848/3071/2848
f 2849/3072/2849 2848/3071/2848 2857/3080/2857
f 2857/3080/2857 2858/3081/2858 2849/3072/2849
f 2850/3073/2850 2849/3072/2849 2858/3081/2858
f 2858/3081/2858 2859/3082/2859 2850/3073/2850
f 2851/3074/2851 2850/3073/2850 2859/3082/2859
f 2859/3082/2859 2860/3083/2860 2851/3074/2851
f 2661/3084/2661 2604/3011/2604 2797/3020/2797
f 2797/3020/2797 2861/3092/2861 2661/3084/2661
f 2662/3085/2662 2661/3084/2661 2861/3092/2861
f 2861/3092/2861 2862/3093/2862 2662/3085/2662
f 2663/3086/2663 2662/3085/2662 2862/3093/2862
f 2862/3093/2862 2863/3094/2863 2663/3086/2663
f 2664/3087/2664 2663/3086/2663 2863/3094/2863
f 2863/3094/2863 2864/3095/2864 2664/3087/2664
f 2665/3088/2665 2664/3087/2664 2864/3095/2864
f 2864/3095/2864 2865/3096/2865 2665/3088/2665
f 2666/3089/2666 2665/3088/2665 2865/3096/2865
f 2865/3096/2865 2866/3097/2866 2666/3089/2666
f 2667/3090/2667 2666/3089/2666 2866/3097/2866
f 2866/3097/2866 2867/3098/2867 2667/3090/2667
f 2668/3091/2668 2667/3090/2667 2867/3098/2867
f 2867/3098/2867 2868/3099/2868 2668/3091/2668
f 2861/3092/2861 2797/3020/2797 2806/3029/2806
f 2806/3029/2806 2869/3100/2869 2861/3092/2861
f 2862/3093/2862 2861/3092/2861 2869/3100/2869
f 2869/3100/2869 2870/3101/2870 2862/3093/2862
f 2863/3094/2863 2862/3093/2862 2870/3101/2870
f 2870/3101/2870 2871/3102/2871 2863/3094/2863
f 2864/3095/2864 2863/3094/2863 2871/3102/2871
f 2871/3102/2871 2872/3103/2872 2864/3095/2864
f 2865/3096/2865 2864/3095/2864 2872/3103/2872
f 2872/3103/2872 2873/3104/2873 2865/3096/2865
f 2866/3097/2866 2865/3096/2865 2873/3104/2873
f 2873/3104/2873 2874/3105/2874 2866/3097/2866
f 2867/3098/2867 2866/3097/2866 2874/3105/2874
f 2874/3105/2874 2875/3106/2875 2867/3098/2867
f 2868/3099/2868 2867/3098/2867 2875/3106/2875
f 2875/3106/2875 2876/3107/2876 2868/3099/2868
f 2869/3100/2869 2806/3029/2806 2815/3038/2815
f 2815/3038/2815 2877/3108/2877 2869/3100/2869
f 2870/3101/2870 2869/3100/2869 2877/3108/2877
f 2877/3108/2877 2878/3109/2878 2870/3101/2870
f 2871/3102/2871 2870/3101/2870 2878/3109/2878
f 2878/3109/2878 2879/3110/2879 2871/3102/2871
f 2872/3103/2872 2871/3102/2871 2879/3110/2879
f 2879/3110/2879 2880/3111/2880 2872/3103/2872
f 2873/3104/2873 2872/3103/2872 2880/3111/2880
f 2880/3111/2880 2881/3112/2881 2873/3104/2873
f 2874/3105/2874 2873/3104/2873 2881/3112/2881
f 2881/3112/2881 2882/3113/2882 2874/3105/2874
f 2875/3106/2875 2874/3105/2874 2882/3113/2882
f 2882/3113/2882 2883/3114/2883 2875/3106/2875
f 2876/3107/2876 2875/3106/2875 2883/3114/2883
f 2883/3114/2883 2884/3115/2884 2876/3107/2876
f 2877/3108/2877 2815/3038/2815 2824/3047/2824
f 2824/3047/2824 2885/3116/2885 2877/3108/2877
f 2878/3109/2878 2877/3108/2877 2885/3116/2885
f 2885/3116/2885 2886/3117/2886 2878/3109/2878
f 2879/3110/2879 2878/3109/2878 2886/3117/2886
f 2886/3117/2886 2887/3118/2887 2879/3110/2879
f 2880/3111/2880 2879/3110/2879 2887/3118/2887
f 2887/3118/2887 2888/3119/2888 2880/3111/2880
f 2881/3112/2881 2880/3111/2880 2888/3119/2888
f 2888/3119/2888 2889/3120/2889 2881/3112/2881
f 2882/3113/2882 2881/3112/2881 2889/3120/2889
f 2889/3120/2889 2890/3121/2890 2882/3113/2882
f 2883/3114/2883 2882/3113/2882 2890/3121/2890
f 2890/3121/2890 2891/3122/2891 2883/3114/2883
f 2884/3115/2884 2883/3114/2883 2891/3122/2891
f 2891/3122/2891 2892/3123/2892 2884/3115/2884
f 2885/3116/2885 2824/3047/2824 2833/3056/2833
f 2833/3056/2833 2893/3124/2893 2885/3116/2885
f 2886/3117/2886 2885/3116/2885 2893/3124/2893
f 2893/3124/2893 2894/3125/2894 2886/3117/2886
f 2887/3118/2887 2886/3117/2886 2894/3125/2894
f 2894/3125/2894 2895/3126/2895 2887/3118/2887
f 2888/3119/2888 2887/3118/2887 2895/3126/2895
f 2895/3126/2895 2896/3127/2896 2888/3119/2888
f 2889/3120/2889 2888/3119/2888 2896/3127/2896
f 2896/3127/2896 2897/3128/2897 2889/3120/2889
f 2890/3121/2890 2889/3120/2889 2897/3128/2897
f 2897/3128/2897 2898/3129/2898 2890/3121/2890
f 2891/3122/2891 2890/3121/2890 2898/3129/2898
f 2898/3129/2898 2899/3130/2899 2891/3122/2891
f 2892/3123/2892 2891/3122/2891 2899/3130/2899
f 2899/3130/2899 2900/3131/2900 2892/3123/2892
f 2893/3124/2893 2833/3056/2833 2842/3065/2842
f 2842/3065/2842 2901/3132/2901 2893/3124/2893
f 2894/3125/2894 2893/3124/2893 2901/3132/2901
f 2901/3132/2901 2902/3133/2902 2894/3125/2894
f 2895/3126/2895 2894/3125/2894 2902/3133/2902
f 2902/3133/2902 2903/3134/2903 2895/3126/2895
f 2896/3127/2896 2895/3126/2895 2903/3134/2903
f 2903/3134/2903 2904/3135/2904 2896/3127/2896
f 2897/3128/2897 2896/3127/2896 2904/3135/2904
f 2904/3135/2904 2905/3136/2905 2897/3128/2897
f 2898/3129/2898 2897/3128/2897 2905/3136/2905
f 2905/3136/2905 2906/3137/2906 2898/3129/2898
f 2899/3130/2899 2898/3129/2898 2906/3137/2906
f 2906/3137/2906 2907/3138/2907 2899/3130/2899
f 2900/3131/2900 2899/3130/2899 2907/3138/2907
f 2907/3138/2907 2908/3139/2908 2900/3131/2900
f 2901/3132/2901 2842/3065/2842 2851/3074/2851
f 2851/3074/2851 2909/3140/2909 2901/3132/2901
f 2902/3133/2902 2901/3132/2901 2909/3140/2909
f 2909/3140/2909 2910/3141/2910 2902/3133/2902
f 2903/3134/2903 2902/3133/2902 2910/3141/2910
f 2910/3141/2910 2911/3142/2911 2903/3134/2903
f 2904/3135/2904 2903/3134/2903 2911/3142/2911
f 2911/3142/2911 2912/3143/2912 2904/3135/2904
f 2905/3136/2905 2904/3135/2904 2912/3143/2912
f 2912/3143/2912 2913/3144/2913 2905/3136/2905
f 2906/3137/2906 2905/3136/2905 2913/3144/2913
f 2913/3144/2913 2914/3145/2914 2906/3137/2906
f 2907/3138/2907 2906/3137/2906 2914/3145/2914
f 2914/3145/2914 2915/3146/2915 2907/3138/2907
f 2909/3140/2909 2851/3074/2851 2860/3083/2860
f 2860/3083/2860 2916/3147/2916 2909/3140/2909
f 2910/3141/2910 2909/3140/2909 2916/3147/2916
f 2916/3147/2916 2917/3148/2917 2910/3141/2910
f 2911/3142/2911 2910/3141/2910 2917/3148/2917
f 2917/3148/2917 2918/3149/2918 2911/3142/2911
f 2912/3143/2912 2911/3142/2911 2918/3149/2918
f 2918/3149/2918 2919/3150/2919 2912/3143/2912
f 2913/3144/2913 2912/3143/2912 2919/3150/2919
f 2919/3150/2919 2920/3151/2920 2913/3144/2913
f 2914/3145/2914 2913/3144/2913 2920/3151/2920
f 2920/3151/2920 2921/3152/2921 2914/3145/2914
f 2915/3146/2915 2914/3145/2914 2921/3152/2921
f 2921/3152/2921 2922/3153/2922 2915/3146/2915
f 2415/3154/2415 2418/3155/2418 2915/3146/2915
f 2415/3154/2415 2915/3146/2915 2922/3153/2922
f 2418/3155/2418 2421/3156/2421 2915/3146/2915
f 2421/3156/2421 2424/3157/2424 2907/3138/2907
f 2421/3156/2421 2907/3138/2907 2915/3146/2915
f 2424/3157/2424 2427/3158/2427 2908/3139/2908
f 2424/3157/2424 2908/3139/2908 2907/3138/2907
f 2923/3167/2923 2725/3159/2725 2726/3160/2726
f 2726/3160/2726 2924/3168/2924 2923/3167/2923
f 2924/3168/2924 2726/3160/2726 2727/3161/2727
f 2727/3161/2727 2925/3169/2925 2924/3168/2924
f 2925/3169/2925 2727/3161/2727 2728/3162/2728
f 2728/3162/2728 2926/3170/2926 2925/3169/2925
f 2926/3170/2926 2728/3162/2728 2729/3163/2729
f 2729/3163/2729 2927/3171/2927 2926/3170/2926
f 2927/3171/2927 2729/3163/2729 2730/3164/2730
f 2730/3164/2730 2928/3172/2928 2927/3171/2927
f 2928/3172/2928 2730/3164/2730 2731/3165/2731
f 2731/3165/2731 2929/3173/2929 2928/3172/2928
f 2929/3173/2929 2731/3165/2731 2732/3166/2732
f 2732/3166/2732 2930/3174/2930 2929/3173/2929
f 2930/3174/2930 2732/3166/2732 2668/3091/2668
f 2668/3091/2668 2868/3099/2868 2930/3174/2930
f 2931/3175/2931 2923/3167/2923 2924/3168/2924
f 2924/3168/2924 2932/3176/2932 2931/3175/2931
f 2932/3176/2932 2924/3168/2924 2925/3169/2925
f 2925/3169/2925 2933/3177/2933 2932/3176/2932
f 2933/3177/2933 2925/3169/2925 2926/3170/2926
f 2926/3170/2926 2934/3178/2934 2933/3177/2933
f 2934/3178/2934 2926/3170/2926 2927/3171/2927
f 2927/3171/2927 2935/3179/2935 2934/3178/2934
f 2935/3179/2935 2927/3171/2927 2928/3172/2928
f 2928/3172/2928 2936/3180/2936 2935/3179/2935
f 2936/3180/2936 2928/3172/2928 2929/3173/2929
f 2929/3173/2929 2937/3181/2937 2936/3180/2936
f 2937/3181/2937 2929/3173/2929 2930/3174/2930
f 2930/3174/2930 2938/3182/2938 2937/3181/2937
f 2938/3182/2938 2930/3174/2930 2868/3099/2868
f 2868/3099/2868 2876/3107/2876 2938/3182/2938
f 2939/3183/2939 2931/3175/2931 2932/3176/2932
f 2932/3176/2932 2940/3184/2940 2939/3183/2939
f 2940/3184/2940 2932/3176/2932 2933/3177/2933
f 2933/3177/2933 2941/3185/2941 2940/3184/2940
f 2941/3185/2941 2933/3177/2933 2934/3178/2934
f 2934/3178/2934 2942/3186/2942 2941/3185/2941
f 2942/3186/2942 2934/3178/2934 2935/3179/2935
f 2935/3179/2935 2943/3187/2943 2942/3186/2942
f 2943/3187/2943 2935/3179/2935 2936/3180/2936
f 2936/3180/2936 2944/3188/2944 2943/3187/2943
f 2944/3188/2944 2936/3180/2936 2937/3181/2937
f 2937/3181/2937 2945/3189/2945 2944/3188/2944
f 2945/3189/2945 2937/3181/2937 2938/3182/2938
f 2938/3182/2938 2946/3190/2946 2945/3189/2945
f 2946/3190/2946 2938/3182/2938 2876/3107/2876
f 2876/3107/2876 2884/3115/2884 2946/3190/2946
f 2947/3191/2947 2939/3183/2939 2940/3184/2940
f 2940/3184/2940 2948/3192/2948 2947/3191/2947
f 2948/3192/2948 2940/3184/2940 2941/3185/2941
f 2941/3185/2941 2949/3193/2949 2948/3192/2948
f 2949/3193/2949 2941/3185/2941 2942/3186/2942
f 2942/3186/2942 2950/3194/2950 2949/3193/2949
f 2950/3194/2950 2942/3186/2942 2943/3187/2943
f 2943/3187/2943 2951/3195/2951 2950/3194/2950
f 2951/3195/2951 2943/3187/2943 2944/3188/2944
f 2944/3188/2944 2952/3196/2952 2951/3195/2951
f 2952/3196/2952 2944/3188/2944 2945/3189/2945
f 2945/3189/2945 2953/3197/2953 2952/3196/2952
f 2953/3197/2953 2945/3189/2945 2946/3190/2946
f 2946/3190/2946 2954/3198/2954 2953/3197/2953
f 2954/3198/2954 2946/3190/2946 2884/3115/2884
f 2884/3115/2884 2892/3123/2892 2954/3198/2954
f 2955/3199/2955 2947/3191/2947 2948/3192/2948
f 2948/3192/2948 2956/3200/2956 2955/3199/2955
f 2956/3200/2956 2948/3192/2948 2949/3193/2949
f 2949/3193/2949 2957/3201/2957 2956/3200/2956
f 2957/3201/2957 2949/3193/2949 2950/3194/2950
f 2950/3194/2950 2958/3202/2958 2957/3201/2957
f 2958/3202/2958 2950/3194/2950 2951/3195/2951
f 2951/3195/2951 2959/3203/2959 2958/3202/2958
f 2959/3203/2959 2951/3195/2951 2952/3196/2952
f 2952/3196/2952 2960/3204/2960 2959/3203/2959
f 2960/3204/2960 2952/3196/2952 2953/3197/2953
f 2953/3197/2953 2961/3205/2961 2960/3204/2960
f 2961/3205/2961 2953/3197/2953 2954/3198/2954
f 2954/3198/2954 2962/3206/2962 2961/3205/2961
f 2962/3206/2962 2954/3198/2954 2892/3123/2892
f 2892/3123/2892 2900/3131/2900 2962/3206/2962
f 2963/3207/2963 2955/3199/2955 2956/3200/2956
f 2956/3200/2956 2964/3208/2964 2963/3207/2963
f 2964/3208/2964 2956/3200/2956 2957/3201/2957
f 2957/3201/2957 2965/3209/2965 2964/3208/2964
f 2965/3209/2965 2957/3201/2957 2958/3202/2958
f 2958/3202/2958 2966/3210/2966 2965/3209/2965
f 2966/3210/2966 2958/3202/2958 2959/3203/2959
f 2959/3203/2959 2967/3211/2967 2966/3210/2966
f 2967/3211/2967 2959/3203/2959 2960/3204/2960
f 2960/3204/2960 2968/3212/2968 2967/3211/2967
f 2968/3212/2968 2960/3204/2960 2961/3205/2961
f 2961/3205/2961 2969/3213/2969 2968/3212/2968
f 2969/3213/2969 2961/3205/2961 2962/3206/2962
f 2962/3206/2962 2970/3214/2970 2969/3213/2969
f 2970/3214/2970 2962/3206/2962 2900/3131/2900
f 2900/3131/2900 2908/3139/2908 2970/3214/2970
f 2971/3215/2971 2963/3207/2963 2964/3208/2964
f 2964/3208/2964 2972/3216/2972 2971/3215/2971
f 2972/3216/2972 2964/3208/2964 2965/3209/2965
f 2965/3209/2965 2973/3217/2973 2972/3216/2972
f 2973/3217/2973 2965/3209/2965 2966/3210/2966
f 2966/3210/2966 2974/3218/2974 2973/3217/2973
f 2974/3218/2974 2966/3210/2966 2967/3211/2967
f 2967/3211/2967 2975/3219/2975 2974/3218/2974
f 2975/3219/2975 2967/3211/2967 2968/3212/2968
f 2968/3212/2968 2976/3220/2976 2975/3219/2975
f 2976/3220/2976 2968/3212/2968 2969/3213/2969
f 2969/3213/2969 2977/3221/2977 2976/3220/2976
f 2977/3221/2977 2969/3213/2969 2970/3214/2970
f 2970/3214/2970 2978/3222/2978 2977/3221/2977
f 2979/3223/2979 2971/3215/2971 2972/3216/2972
f 2972/3216/2972 2980/3224/2980 2979/3223/2979
f 2980/3224/2980 2972/3216/2972 2973/3217/2973
f 2973/3217/2973 2981/3225/2981 2980/3224/2980
f 2981/3225/2981 2973/3217/2973 2974/3218/2974
f 2974/3218/2974 2982/3226/2982 2981/3225/2981
f 2982/3226/2982 2974/3218/2974 2975/3219/2975
f 2975/3219/2975 2983/3227/2983 2982/3226/2982
f 2983/3227/2983 2975/3219/2975 2976/3220/2976
f 2976/3220/2976 2984/3228/2984 2983/3227/2983
f 2984/3228/2984 2976/3220/2976 2977/3221/2977
f 2977/3221/2977 2985/3229/2985 2984/3228/2984
f 2985/3229/2985 2977/3221/2977 2978/3222/2978
f 2978/3222/2978 2986/3230/2986 2985/3229/2985
f 2525/3232/2525 2522/3231/2522 2978/3222/2978
f 2978/3222/2978 2522/3231/2522 2986/3230/2986
f 2528/3233/2528 2525/3232/2525 2978/3222/2978
f 2531/3234/2531 2528/3233/2528 2970/3214/2970
f 2970/3214/2970 2528/3233/2528 2978/3222/2978
f 2427/3158/2427 2531/3234/2531 2908/3139/2908
f 2908/3139/2908 2531/3234/2531 2970/3214/2970
f 2789/3243/2789 2596/3235/2596 2782/3236/2782
f 2782/3236/2782 2987/3244/2987 2789/3243/2789
f 2987/3244/2987 2782/3236/2782 2783/3237/2783
f 2783/3237/2783 2988/3245/2988 2987/3244/2987
f 2988/3245/2988 2783/3237/2783 2784/3238/2784
f 2784/3238/2784 2989/3246/2989 2988/3245/2988
f 2989/3246/2989 2784/3238/2784 2785/3239/2785
f 2785/3239/2785 2990/3247/2990 2989/3246/2989
f 2990/3247/2990 2785/3239/2785 2786/3240/2786
f 2786/3240/2786 2991/3248/2991 2990/3247/2990
f 2991/3248/2991 2786/3240/2786 2787/3241/2787
f 2787/3241/2787 2992/3249/2992 2991/3248/2991
f 2992/3249/2992 2787/3241/2787 2788/3242/2788
f 2788/3242/2788 2993/3250/2993 2992/3249/2992
f 2993/3250/2993 2788/3242/2788 2725/3159/2725
f 2725/3159/2725 2923/3167/2923 2993/3250/2993
f 2798/3251/2798 2789/3243/2789 2987/3244/2987
f 2987/3244/2987 2994/3252/2994 2798/3251/2798
f 2994/3252/2994 2987/3244/2987 2988/3245/2988
f 2988/3245/2988 2995/3253/2995 2994/3252/2994
f 2995/3253/2995 2988/3245/2988 2989/3246/2989
f 2989/3246/2989 2996/3254/2996 2995/3253/2995
f 2996/3254/2996 2989/3246/2989 2990/3247/2990
f 2990/3247/2990 2997/3255/2997 2996/3254/2996
f 2997/3255/2997 2990/3247/2990 2991/3248/2991
f 2991/3248/2991 2998/3256/2998 2997/3255/2997
f 2998/3256/2998 2991/3248/2991 2992/3249/2992
f 2992/3249/2992 2999/3257/2999 2998/3256/2998
f 2999/3257/2999 2992/3249/2992 2993/3250/2993
f 2993/3250/2993 3000/3258/3000 2999/3257/2999
f 3000/3258/3000 2993/3250/2993 2923/3167/2923
f 2923/3167/2923 2931/3175/2931 3000/3258/3000
f 2807/3259/2807 2798/3251/2798 2994/3252/2994
f 2994/3252/2994 3001/3260/3001 2807/3259/2807
f 3001/3260/3001 2994/3252/2994 2995/3253/2995
f 2995/3253/2995 3002/3261/3002 3001/3260/3001
f 3002/3261/3002 2995/3253/2995 2996/3254/2996
f 2996/3254/2996 3003/3262/3003 3002/3261/3002
f 3003/3262/3003 2996/3254/2996 2997/3255/2997
f 2997/3255/2997 3004/3263/3004 3003/3262/3003
f 3004/3263/3004 2997/3255/2997 2998/3256/2998
f 2998/3256/2998 3005/3264/3005 3004/3263/3004
f 3005/3264/3005 2998/3256/2998 2999/3257/2999
f 2999/3257/2999 3006/3265/3006 3005/3264/3005
f 3006/3265/3006 2999/3257/2999 3000/3258/3000
f 3000/3258/3000 3007/3266/3007 3006/3265/3006
f 3007/3266/3007 3000/3258/3000 2931/3175/2931
f 2931/3175/2931 2939/3183/2939 3007/3266/3007
f 2816/3267/2816 2807/3259/2807 3001/3260/3001
f 3001/3260/3001 3008/3268/3008 2816/3267/2816
f 3008/3268/3008 3001/3260/3001 3002/3261/3002
f 3002/3261/3002 3009/3269/3009 3008/3268/3008
f 3009/3269/3009 3002/3261/3002 3003/3262/3003
f 3003/3262/3003 3010/3270/3010 3009/3269/3009
f 3010/3270/3010 3003/3262/3003 3004/3263/3004
f 3004/3263/3004 3011/3271/3011 3010/3270/3010
f 3011/3271/3011 3004/3263/3004 3005/3264/3005
f 3005/3264/3005 3012/3272/3012 3011/3271/3011
f 3012/3272/3012 3005/3264/3005 3006/3265/3006
f 3006/3265/3006 3013/3273/3013 3012/3272/3012
f 3013/3273/3013 3006/3265/3006 3007/3266/3007
f 3007/3266/3007 3014/3274/3014 3013/3273/3013
f 3014/3274/3014 3007/3266/3007 2939/3183/2939
f 2939/3183/2939 2947/3191/2947 3014/3274/3014
f 2825/3275/2825 2816/3267/2816 3008/3268/3008
f 3008/3268/3008 3015/3276/3015 2825/3275/2825
f 3015/3276/3015 3008/3268/3008 3009/3269/3009
f 3009/3269/3009 3016/3277/3016 3015/3276/3015
f 3016/3277/3016 3009/3269/3009 3010/3270/3010
f 3010/3270/3010 3017/3278/3017 3016/3277/3016
f 3017/3278/3017 3010/3270/3010 3011/3271/3011
f 3011/3271/3011 3018/3279/3018 3017/3278/3017
f 3018/3279/3018 3011/3271/3011 3012/3272/3012
f 3012/3272/3012 3019/3280/3019 3018/3279/3018
f 3019/3280/3019 3012/3272/3012 3013/3273/3013
f 3013/3273/3013 3020/3281/3020 3019/3280/3019
f 3020/3281/3020 3013/3273/3013 3014/3274/3014
f 3014/3274/3014 3021/3282/3021 3020/3281/3020
f 3021/3282/3021 3014/3274/3014 2947/3191/2947
f 2947/3191/2947 2955/3199/2955 3021/3282/3021
f 2834/3283/2834 2825/3275/2825 3015/3276/3015
f 3015/3276/3015 3022/3284/3022 2834/3283/2834
f 3022/3284/3022 3015/3276/3015 3016/3277/3016
f 3016/3277/3016 3023/3285/3023 3022/3284/3022
f 3023/3285/3023 3016/3277/3016 3017/3278/3017
f 3017/3278/3017 3024/3286/3024 3023/3285/3023
f 3024/3286/3024 3017/3278/3017 3018/3279/3018
f 3018/3279/3018 3025/3287/3025 3024/3286/3024
f 3025/3287/3025 3018/3279/3018 3019/3280/3019
f 3019/3280/3019 3026/3288/3026 3025/3287/3025
f 3026/3288/3026 3019/3280/3019 3020/3281/3020
f 3020/3281/3020 3027/3289/3027 3026/3288/3026
f 3027/3289/3027 3020/3281/3020 3021/3282/3021
f 3021/3282/3021 3028/3290/3028 3027/3289/3027
f 3028/3290/3028 3021/3282/3021 2955/3199/2955
f 2955/3199/2955 2963/3207/2963 3028/3290/3028
f 2843/3291/2843 2834/3283/2834 3022/3284/3022
f 3022/3284/3022 3029/3292/3029 2843/3291/2843
f 3029/3292/3029 3022/3284/3022 3023/3285/3023
f 3023/3285/3023 3030/3293/3030 3029/3292/3029
f 3030/3293/3030 3023/3285/3023 3024/3286/3024
f 3024/3286/3024 3031/3294/3031 3030/3293/3030
f 3031/3294/3031 3024/3286/3024 3025/3287/3025
f 3025/3287/3025 3032/3295/3032 3031/3294/3031
f 3032/3295/3032 3025/3287/3025 3026/3288/3026
f 3026/3288/3026 3033/3296/3033 3032/3295/3032
f 3033/3296/3033 3026/3288/3026 3027/3289/3027
f 3027/3289/3027 3034/3297/3034 3033/3296/3033
f 3034/3297/3034 3027/3289/3027 3028/3290/3028
f 3028/3290/3028 3035/3298/3035 3034/3297/3034
f 3035/3298/3035 3028/3290/3028 2963/3207/2963
f 2963/3207/2963 2971/3215/2971 3035/3298/3035
f 2852/3299/2852 2843/3291/2843 3029/3292/3029
f 3029/3292/3029 3036/3300/3036 2852/3299/2852
f 3036/3300/3036 3029/3292/3029 3030/3293/3030
f 3030/3293/3030 3037/3301/3037 3036/3300/3036
f 3037/3301/3037 3030/3293/3030 3031/3294/3031
f 3031/3294/3031 3038/3302/3038 3037/3301/3037
f 3038/3302/3038 3031/3294/3031 3032/3295/3032
f 3032/3295/3032 3039/3303/3039 3038/3302/3038
f 3039/3303/3039 3032/3295/3032 3033/3296/3033
f 3033/3296/3033 3040/3304/3040 3039/3303/3039
f 3040/3304/3040 3033/3296/3033 3034/3297/3034
f 3034/3297/3034 3041/3305/3041 3040/3304/3040
f 3041/3305/3041 3034/3297/3034 3035/3298/3035
f 3035/3298/3035 3042/3306/3042 3041/3305/3041
f 3042/3306/3042 3035/3298/3035 2971/3215/2971
f 2971/3215/2971 2979/3223/2979 3042/3306/3042
f 2853/3076/2853 2852/3075/2852 3043/3307/3043
f 3043/3307/3043 3044/3308/3044 2853/3076/2853
f 2854/3077/2854 2853/3076/2853 3044/3308/3044
f 3044/3308/3044 3045/3309/3045 2854/3077/2854
f 2855/3078/2855 2854/3077/2854 3045/3309/3045
f 3045/3309/3045 3046/3310/3046 2855/3078/2855
f 2856/3079/2856 2855/3078/2855 3046/3310/3046
f 3046/3310/3046 3047/3311/3047 2856/3079/2856
f 2857/3080/2857 2856/3079/2856 3047/3311/3047
f 3047/3311/3047 3048/3312/3048 2857/3080/2857
f 2858/3081/2858 2857/3080/2857 3048/3312/3048
f 3048/3312/3048 3049/3313/3049 2858/3081/2858
f 2859/3082/2859 2858/3081/2858 3049/3313/3049
f 3049/3313/3049 3050/3314/3050 2859/3082/2859
f 2860/3083/2860 2859/3082/2859 3050/3314/3050
f 3050/3314/3050 3051/3315/3051 2860/3083/2860
f 3044/3308/3044 3043/3307/3043 3052/3316/3052
f 3052/3316/3052 3053/3317/3053 3044/3308/3044
f 3045/3309/3045 3044/3308/3044 3053/3317/3053
f 3053/3317/3053 3054/3318/3054 3045/3309/3045
f 3046/3310/3046 3045/3309/3045 3054/3318/3054
f 3054/3318/3054 3055/3319/3055 3046/3310/3046
f 3047/3311/3047 3046/3310/3046 3055/3319/3055
f 3055/3319/3055 3056/3320/3056 3047/3311/3047
f 3048/3312/3048 3047/3311/3047 3056/3320/3056
f 3056/3320/3056 3057/3321/3057 3048/3312/3048
f 3049/3313/3049 3048/3312/3048 3057/3321/3057
f 3057/3321/3057 3058/3322/3058 3049/3313/3049
f 3050/3314/3050 3049/3313/3049 3058/3322/3058
f 3058/3322/3058 3059/3323/3059 3050/3314/3050
f 3051/3315/3051 3050/3314/3050 3059/3323/3059
f 3059/3323/3059 3060/3324/3060 3051/3315/3051
f 3053/3317/3053 3052/3316/3052 3061/3325/3061
f 3061/3325/3061 3062/3326/3062 3053/3317/3053
f 3054/3318/3054 3053/3317/3053 3062/3326/3062
f 3062/3326/3062 3063/3327/3063 3054/3318/3054
f 3055/3319/3055 3054/3318/3054 3063/3327/3063
f 3063/3327/3063 3064/3328/3064 3055/3319/3055
f 3056/3320/3056 3055/3319/3055 3064/3328/3064
f 3064/3328/3064 3065/3329/3065 3056/3320/3056
f 3057/3321/3057 3056/3320/3056 3065/3329/3065
f 3065/3329/3065 3066/3330/3066 3057/3321/3057
f 3058/3322/3058 3057/3321/3057 3066/3330/3066
f 3066/3330/3066 3067/3331/3067 3058/3322/3058
f 3059/3323/3059 3058/3322/3058 3067/3331/3067
f 3067/3331/3067 3068/3332/3068 3059/3323/3059
f 3060/3324/3060 3059/3323/3059 3068/3332/3068
f 3068/3332/3068 3069/3333/3069 3060/3324/3060
f 3062/3326/3062 3061/3325/3061 3070/3334/3070
f 3070/3334/3070 3071/3335/3071 3062/3326/3062
f 3063/3327/3063 3062/3326/3062 3071/3335/3071
f 3071/3335/3071 3072/3336/3072 3063/3327/3063
f 3064/3328/3064 3063/3327/3063 3072/3336/3072
f 3072/3336/3072 3073/3337/3073 3064/3328/3064
f 3065/3329/3065 3064/3328/3064 3073/3337/3073
f 3073/3337/3073 3074/3338/3074 3065/3329/3065
f 3066/3330/3066 3065/3329/3065 3074/3338/3074
f 3074/3338/3074 3075/3339/3075 3066/3330/3066
f 3067/3331/3067 3066/3330/3066 3075/3339/3075
f 3075/3339/3075 3076/3340/3076 3067/3331/3067
f 3068/3332/3068 3067/3331/3067 3076/3340/3076
f 3076/3340/3076 3077/3341/3077 3068/3332/3068
f 3069/3333/3069 3068/3332/3068 3077/3341/3077
f 3077/3341/3077 3078/3342/3078 3069/3333/3069
f 3071/3335/3071 3070/3334/3070 3079/3343/3079
f 3079/3343/3079 3080/3344/3080 3071/3335/3071
f 3072/3336/3072 3071/3335/3071 3080/3344/3080
f 3080/3344/3080 3081/3345/3081 3072/3336/3072
f 3073/3337/3073 3072/3336/3072 3081/3345/3081
f 3081/3345/3081 3082/3346/3082 3073/3337/3073
f 3074/3338/3074 3073/3337/3073 3082/3346/3082
f 3082/3346/3082 3083/3347/3083 3074/3338/3074
f 3075/3339/3075 3074/3338/3074 3083/3347/3083
f 3083/3347/3083 3084/3348/3084 3075/3339/3075
f 3076/3340/3076 3075/3339/3075 3084/3348/3084
f 3084/3348/3084 3085/3349/3085 3076/3340/3076
f 3077/3341/3077 3076/3340/3076 3085/3349/3085
f 3085/3349/3085 3086/3350/3086 3077/3341/3077
f 3078/3342/3078 3077/3341/3077 3086/3350/3086
f 3086/3350/3086 3087/3351/3087 3078/3342/3078
f 3080/3344/3080 3079/3343/3079 3088/3352/3088
f 3088/3352/3088 3089/3353/3089 3080/3344/3080
f 3081/3345/3081 3080/3344/3080 3089/3353/3089
f 3089/3353/3089 3090/3354/3090 3081/3345/3081
f 3082/3346/3082 3081/3345/3081 3090/3354/3090
f 3090/3354/3090 3091/3355/3091 3082/3346/3082
f 3083/3347/3083 3082/3346/3082 3091/3355/3091
f 3091/3355/3091 3092/3356/3092 3083/3347/3083
f 3084/3348/3084 3083/3347/3083 3092/3356/3092
f 3092/3356/3092 3093/3357/3093 3084/3348/3084
f 3085/3349/3085 3084/3348/3084 3093/3357/3093
f 3093/3357/3093 3094/3358/3094 3085/3349/3085
f 3086/3350/3086 3085/3349/3085 3094/3358/3094
f 3094/3358/3094 3095/3359/3095 3086/3350/3086
f 3087/3351/3087 3086/3350/3086 3095/3359/3095
f 3095/3359/3095 3096/3360/3096 3087/3351/3087
f 3089/3353/3089 3088/3352/3088 3097/3361/3097
f 3097/3361/3097 3098/3362/3098 3089/3353/3089
f 3090/3354/3090 3089/3353/3089 3098/3362/3098
f 3098/3362/3098 3099/3363/3099 3090/3354/3090
f 3091/3355/3091 3090/3354/3090 3099/3363/3099
f 3099/3363/3099 3100/3364/3100 3091/3355/3091
f 3092/3356/3092 3091/3355/3091 3100/3364/3100
f 3100/3364/3100 3101/3365/3101 3092/3356/3092
f 3093/3357/3093 3092/3356/3092 3101/3365/3101
f 3101/3365/3101 3102/3366/3102 3093/3357/3093
f 3094/3358/3094 3093/3357/3093 3102/3366/3102
f 3102/3366/3102 3103/3367/3103 3094/3358/3094
f 3095/3359/3095 3094/3358/3094 3103/3367/3103
f 3103/3367/3103 3104/3368/3104 3095/3359/3095
f 3096/3360/3096 3095/3359/3095 3104/3368/3104
f 3104/3368/3104 3105/3369/3105 3096/3360/3096
f 3098/3362/3098 3097/3361/3097 3106/3370/3106
f 3106/3370/3106 3107/3371/3107 3098/3362/3098
f 3099/3363/3099 3098/3362/3098 3107/3371/3107
f 3107/3371/3107 3108/3372/3108 3099/3363/3099
f 3100/3364/3100 3099/3363/3099 3108/3372/3108
f 3108/3372/3108 3109/3373/3109 3100/3364/3100
f 3101/3365/3101 3100/3364/3100 3109/3373/3109
f 3109/3373/3109 3110/3374/3110 3101/3365/3101
f 3102/3366/3102 3101/3365/3101 3110/3374/3110
f 3110/3374/3110 3111/3375/3111 3102/3366/3102
f 3103/3367/3103 3102/3366/3102 3111/3375/3111
f 3111/3375/3111 3112/3376/3112 3103/3367/3103
f 3104/3368/3104 3103/3367/3103 3112/3376/3112
f 3112/3376/3112 3113/3377/3113 3104/3368/3104
f 3105/3369/3105 3104/3368/3104 3113/3377/3113
f 3113/3377/3113 3114/3378/3114 3105/3369/3105
f 2916/3147/2916 2860/3083/2860 3051/3315/3051
f 3051/3315/3051 3115/3379/3115 2916/3147/2916
f 2917/3148/2917 2916/3147/2916 3115/3379/3115
f 3115/3379/3115 3116/3380/3116 2917/3148/2917
f 2918/3149/2918 2917/3148/2917 3116/3380/3116
f 3116/3380/3116 3117/3381/3117 2918/3149/2918
f 2919/3150/2919 2918/3149/2918 3117/3381/3117
f 3117/3381/3117 3118/3382/3118 2919/3150/2919
f 2920/3151/2920 2919/3150/2919 3118/3382/3118
f 3118/3382/3118 3119/3383/3119 2920/3151/2920
f 2921/3152/2921 2920/3151/2920 3119/3383/3119
f 3119/3383/3119 3120/3384/3120 2921/3152/2921
f 2922/3153/2922 2921/3152/2921 3120/3384/3120
f 3120/3384/3120 3121/3385/3121 2922/3153/2922
f 3115/3379/3115 3051/3315/3051 3060/3324/3060
f 3060/3324/3060 3122/3386/3122 3115/3379/3115
f 3116/3380/3116 3115/3379/3115 3122/3386/3122
f 3122/3386/3122 3123/3387/3123 3116/3380/3116
f 3117/3381/3117 3116/3380/3116 3123/3387/3123
f 3123/3387/3123 3124/3388/3124 3117/3381/3117
f 3118/3382/3118 3117/3381/3117 3124/3388/3124
f 3124/3388/3124 3125/3389/3125 3118/3382/3118
f 3119/3383/3119 3118/3382/3118 3125/3389/3125
f 3125/3389/3125 3126/3390/3126 3119/3383/3119
f 3120/3384/3120 3119/3383/3119 3126/3390/3126
f 3126/3390/3126 3127/3391/3127 3120/3384/3120
f 3121/3385/3121 3120/3384/3120 3127/3391/3127
f 3127/3391/3127 3128/3392/3128 3121/3385/3121
f 3122/3386/3122 3060/3324/3060 3069/3333/3069
f 3069/3333/3069 3129/3393/3129 3122/3386/3122
f 3123/3387/3123 3122/3386/3122 3129/3393/3129
f 3129/3393/3129 3130/3394/3130 3123/3387/3123
f 3124/3388/3124 3123/3387/3123 3130/3394/3130
f 3130/3394/3130 3131/3395/3131 3124/3388/3124
f 3125/3389/3125 3124/3388/3124 3131/3395/3131
f 3131/3395/3131 3132/3396/3132 3125/3389/3125
f 3126/3390/3126 3125/3389/3125 3132/3396/3132
f 3132/3396/3132 3133/3397/3133 3126/3390/3126
f 3127/3391/3127 3126/3390/3126 3133/3397/3133
f 3133/3397/3133 3134/3398/3134 3127/3391/3127
f 3128/3392/3128 3127/3391/3127 3134/3398/3134
f 3134/3398/3134 3135/3399/3135 3128/3392/3128
f 3129/3393/3129 3069/3333/3069 3078/3342/3078
f 3078/3342/3078 3136/3400/3136 3129/3393/3129
f 3130/3394/3130 3129/3393/3129 3136/3400/3136
f 3136/3400/3136 3137/3401/3137 3130/3394/3130
f 3131/3395/3131 3130/3394/3130 3137/3401/3137
f 3137/3401/3137 3138/3402/3138 3131/3395/3131
f 3132/3396/3132 3131/3395/3131 3138/3402/3138
f 3138/3402/3138 3139/3403/3139 3132/3396/3132
f 3133/3397/3133 3132/3396/3132 3139/3403/3139
f 3139/3403/3139 3140/3404/3140 3133/3397/3133
f 3134/3398/3134 3133/3397/3133 3140/3404/3140
f 3140/3404/3140 3141/3405/3141 3134/3398/3134
f 3135/3399/3135 3134/3398/3134 3141/3405/3141
f 3141/3405/3141 3142/3406/3142 3135/3399/3135
f 3136/3400/3136 3078/3342/3078 3087/3351/3087
f 3087/3351/3087 3144/3408/3144 3136/3400/3136
f 3137/3401/3137 3136/3400/3136 3144/3408/3144
f 3144/3408/3144 3145/3409/3145 3137/3401/3137
f 3138/3402/3138 3137/3401/3137 3145/3409/3145
f 3145/3409/3145 3146/3410/3146 3138/3402/3138
f 3139/3403/3139 3138/3402/3138 3146/3410/3146
f 3146/3410/3146 3147/3411/3147 3139/3403/3139
f 3140/3404/3140 3139/3403/3139 3147/3411/3147
f 3147/3411/3147 3148/3412/3148 3140/3404/3140
f 3141/3405/3141 3140/3404/3140 3148/3412/3148
f 3148/3412/3148 3149/3413/3149 3141/3405/3141
f 3142/3406/3142 3141/3405/3141 3149/3413/3149
f 3149/3413/3149 3150/3414/3150 3142/3406/3142
f 3143/3407/3143 3142/3406/3142 3150/3414/3150
f 3150/3414/3150 3151/3415/3151 3143/3407/3143
f 3144/3408/3144 3087/3351/3087 3096/3360/3096
f 3096/3360/3096 3152/3416/3152 3144/3408/3144
f 3145/3409/3145 3144/3408/3144 3152/3416/3152
f 3152/3416/3152 3153/3417/3153 3145/3409/3145
f 3146/3410/3146 3145/3409/3145 3153/3417/3153
f 3153/3417/3153 3154/3418/3154 3146/3410/3146
f 3147/3411/3147 3146/3410/3146 3154/3418/3154
f 3154/3418/3154 3155/3419/3155 3147/3411/3147
f 3148/3412/3148 3147/3411/3147 3155/3419/3155
f 3155/3419/3155 3156/3420/3156 3148/3412/3148
f 3149/3413/3149 3148/3412/3148 3156/3420/3156
f 3156/3420/3156 3157/3421/3157 3149/3413/3149
f 3150/3414/3150 3149/3413/3149 3157/3421/3157
f 3157/3421/3157 3158/3422/3158 3150/3414/3150
f 3151/3415/3151 3150/3414/3150 3158/3422/3158
f 3158/3422/3158 3159/3423/3159 3151/3415/3151
f 3152/3416/3152 3096/3360/3096 3105/3369/3105
f 3105/3369/3105 3160/3424/3160 3152/3416/3152
f 3153/3417/3153 3152/3416/3152 3160/3424/3160
f 3160/3424/3160 3161/3425/3161 3153/3417/3153
f 3154/3418/3154 3153/3417/3153 3161/3425/3161
f 3161/3425/3161 3162/3426/3162 3154/3418/3154
f 3155/3419/3155 3154/3418/3154 3162/3426/3162
f 3162/3426/3162 3163/3427/3163 3155/3419/3155
f 3156/3420/3156 3155/3419/3155 3163/3427/3163
f 3163/3427/3163 3164/3428/3164 3156/3420/3156
f 3157/3421/3157 3156/3420/3156 3164/3428/3164
f 3164/3428/3164 3165/3429/3165 3157/3421/3157
f 3158/3422/3158 3157/3421/3157 3165/3429/3165
f 3165/3429/3165 3166/3430/3166 3158/3422/3158
f 3159/3423/3159 3158/3422/3158 3166/3430/3166
f 3166/3430/3166 3167/3431/3167 3159/3423/3159
f 3160/3424/3160 3105/3369/3105 3114/3378/3114
f 3114/3378/3114 3168/3432/3168 3160/3424/3160
f 3161/3425/3161 3160/3424/3160 3168/3432/3168
f 3168/3432/3168 3169/3433/3169 3161/3425/3161
f 3162/3426/3162 3161/3425/3161 3169/3433/3169
f 3169/3433/3169 3170/3434/3170 3162/3426/3162
f 3163/3427/3163 3162/3426/3162 3170/3434/3170
f 3170/3434/3170 3171/3435/3171 3163/3427/3163
f 3164/3428/3164 3163/3427/3163 3171/3435/3171
f 3171/3435/3171 3172/3436/3172 3164/3428/3164
f 3165/3429/3165 3164/3428/3164 3172/3436/3172
f 3172/3436/3172 3173/3437/3173 3165/3429/3165
f 3166/3430/3166 3165/3429/3165 3173/3437/3173
f 3173/3437/3173 3174/3438/3174 3166/3430/3166
f 3167/3431/3167 3166/3430/3166 3174/3438/3174
f 3174/3438/3174 3175/3439/3175 3167/3431/3167
f 2391/3441/2391 3143/3407/3143 2388/3440/2388
f 2391/3441/2391 3142/3406/3142 3143/3407/3143
f 2391/3441/2391 3135/3399/3135 3142/3406/3142
f 2394/3442/2394 3135/3399/3135 2391/3441/2391
f 2397/3443/2397 3135/3399/3135 2394/3442/2394
f 2400/3444/2400 3135/3399/3135 2397/3443/2397
f 2400/3444/2400 3128/3392/3128 3135/3399/3135
f 2403/3445/2403 3128/3392/3128 2400/3444/2400
f 2406/3446/2406 3128/3392/3128 2403/3445/2403
f 2406/3446/2406 3121/3385/3121 3128/3392/3128
f 2409/3447/2409 3121/3385/3121 2406/3446/2406
f 2409/3447/2409 2412/3448/2412 2922/3153/2922
f 2409/3447/2409 2922/3153/2922 3121/3385/3121
f 2412/3448/2412 2415/3154/2415 2922/3153/2922
f 3176/3449/3176 2979/3223/2979 2980/3224/2980
f 2980/3224/2980 3177/3450/3177 3176/3449/3176
f 3177/3450/3177 2980/3224/2980 2981/3225/2981
f 2981/3225/2981 3178/3451/3178 3177/3450/3177
f 3178/3451/3178 2981/3225/2981 2982/3226/2982
f 2982/3226/2982 3179/3452/3179 3178/3451/3178
f 3179/3452/3179 2982/3226/2982 2983/3227/2983
f 2983/3227/2983 3180/3453/3180 3179/3452/3179
f 3180/3453/3180 2983/3227/2983 2984/3228/2984
f 2984/3228/2984 3181/3454/3181 3180/3453/3180
f 3181/3454/3181 2984/3228/2984 2985/3229/2985
f 2985/3229/2985 3182/3455/3182 3181/3454/3181
f 3182/3455/3182 2985/3229/2985 2986/3230/2986
f 2986/3230/2986 3183/3456/3183 3182/3455/3182
f 3184/3457/3184 3176/3449/3176 3177/3450/3177
f 3177/3450/3177 3185/3458/3185 3184/3457/3184
f 3185/3458/3185 3177/3450/3177 3178/3451/3178
f 3178/3451/3178 3186/3459/3186 3185/3458/3185
f 3186/3459/3186 3178/3451/3178 3179/3452/3179
f 3179/3452/3179 3187/3460/3187 3186/3459/3186
f 3187/3460/3187 3179/3452/3179 3180/3453/3180
f 3180/3453/3180 3188/3461/3188 3187/3460/3187
f 3188/3461/3188 3180/3453/3180 3181/3454/3181
f 3181/3454/3181 3189/3462/3189 3188/3461/3188
f 3189/3462/3189 3181/3454/3181 3182/3455/3182
f 3182/3455/3182 3190/3463/3190 3189/3462/3189
f 3190/3463/3190 3182/3455/3182 3183/3456/3183
f 3183/3456/3183 3191/3464/3191 3190/3463/3190
f 3192/3465/3192 3184/3457/3184 3185/3458/3185
f 3185/3458/3185 3193/3466/3193 3192/3465/3192
f 3193/3466/3193 3185/3458/3185 3186/3459/3186
f 3186/3459/3186 3194/3467/3194 3193/3466/3193
f 3194/3467/3194 3186/3459/3186 3187/3460/3187
f 3187/3460/3187 3195/3468/3195 3194/3467/3194
f 3195/3468/3195 3187/3460/3187 3188/3461/3188
f 3188/3461/3188 3196/3469/3196 3195/3468/3195
f 3196/3469/3196 3188/3461/3188 3189/3462/3189
f 3189/3462/3189 3197/3470/3197 3196/3469/3196
f 3197/3470/3197 3189/3462/3189 3190/3463/3190
f 3190/3463/3190 3198/3471/3198 3197/3470/3197
f 3198/3471/3198 3190/3463/3190 3191/3464/3191
f 3191/3464/3191 3199/3472/3199 3198/3471/3198
f 3200/3473/3200 3192/3465/3192 3193/3466/3193
f 3193/3466/3193 3201/3474/3201 3200/3473/3200
f 3201/3474/3201 3193/3466/3193 3194/3467/3194
f 3194/3467/3194 3202/3475/3202 3201/3474/3201
f 3202/3475/3202 3194/3467/3194 3195/3468/3195
f 3195/3468/3195 3203/3476/3203 3202/3475/3202
f 3203/3476/3203 3195/3468/3195 3196/3469/3196
f 3196/3469/3196 3204/3477/3204 3203/3476/3203
f 3204/3477/3204 3196/3469/3196 3197/3470/3197
f 3197/3470/3197 3205/3478/3205 3204/3477/3204
f 3205/3478/3205 3197/3470/3197 3198/3471/3198
f 3198/3471/3198 3206/3479/3206 3205/3478/3205
f 3206/3479/3206 3198/3471/3198 3199/3472/3199
f 3199/3472/3199 3207/3480/3207 3206/3479/3206
f 3208/3481/3208 3200/3473/3200 3201/3474/3201
f 3201/3474/3201 3209/3482/3209 3208/3481/3208
f 3209/3482/3209 3201/3474/3201 3202/3475/3202
f 3202/3475/3202 3210/3483/3210 3209/3482/3209
f 3210/3483/3210 3202/3475/3202 3203/3476/3203
f 3203/3476/3203 3211/3484/3211 3210/3483/3210
f 3211/3484/3211 3203/3476/3203 3204/3477/3204
f 3204/3477/3204 3212/3485/3212 3211/3484/3211
f 3212/3485/3212 3204/3477/3204 3205/3478/3205
f 3205/3478/3205 3213/3486/3213 3212/3485/3212
f 3213/3486/3213 3205/3478/3205 3206/3479/3206
f 3206/3479/3206 3214/3487/3214 3213/3486/3213
f 3214/3487/3214 3206/3479/3206 3207/3480/3207
f 3207/3480/3207 3215/3488/3215 3214/3487/3214
f 3215/3488/3215 3207/3480/3207 3143/3407/3143
f 3143/3407/3143 3151/3415/3151 3215/3488/3215
f 3216/3489/3216 3208/3481/3208 3209/3482/3209
f 3209/3482/3209 3217/3490/3217 3216/3489/3216
f 3217/3490/3217 3209/3482/3209 3210/3483/3210
f 3210/3483/3210 3218/3491/3218 3217/3490/3217
f 3218/3491/3218 3210/3483/3210 3211/3484/3211
f 3211/3484/3211 3219/3492/3219 3218/3491/3218
f 3219/3492/3219 3211/3484/3211 3212/3485/3212
f 3212/3485/3212 3220/3493/3220 3219/3492/3219
f 3220/3493/3220 3212/3485/3212 3213/3486/3213
f 3213/3486/3213 3221/3494/3221 3220/3493/3220
f 3221/3494/3221 3213/3486/3213 3214/3487/3214
f 3214/3487/3214 3222/3495/3222 3221/3494/3221
f 3222/3495/3222 3214/3487/3214 3215/3488/3215
f 3215/3488/3215 3223/3496/3223 3222/3495/3222
f 3223/3496/3223 3215/3488/3215 3151/3415/3151
f 3151/3415/3151 3159/3423/3159 3223/3496/3223
f 3224/3497/3224 3216/3489/3216 3217/3490/3217
f 3217/3490/3217 3225/3498/3225 3224/3497/3224
f 3225/3498/3225 3217/3490/3217 3218/3491/3218
f 3218/3491/3218 3226/3499/3226 3225/3498/3225
f 3226/3499/3226 3218/3491/3218 3219/3492/3219
f 3219/3492/3219 3227/3500/3227 3226/3499/3226
f 3227/3500/3227 3219/3492/3219 3220/3493/3220
f 3220/3493/3220 3228/3501/3228 3227/3500/3227
f 3228/3501/3228 3220/3493/3220 3221/3494/3221
f 3221/3494/3221 3229/3502/3229 3228/3501/3228
f 3229/3502/3229 3221/3494/3221 3222/3495/3222
f 3222/3495/3222 3230/3503/3230 3229/3502/3229
f 3230/3503/3230 3222/3495/3222 3223/3496/3223
f 3223/3496/3223 3231/3504/3231 3230/3503/3230
f 3231/3504/3231 3223/3496/3223 3159/3423/3159
f 3159/3423/3159 3167/3431/3167 3231/3504/3231
f 3232/3505/3232 3224/3497/3224 3225/3498/3225
f 3225/3498/3225 3233/3506/3233 3232/3505/3232
f 3233/3506/3233 3225/3498/3225 3226/3499/3226
f 3226/3499/3226 3234/3507/3234 3233/3506/3233
f 3234/3507/3234 3226/3499/3226 3227/3500/3227
f 3227/3500/3227 3235/3508/3235 3234/3507/3234
f 3235/3508/3235 3227/3500/3227 3228/3501/3228
f 3228/3501/3228 3236/3509/3236 3235/3508/3235
f 3236/3509/3236 3228/3501/3228 3229/3502/3229
f 3229/3502/3229 3237/3510/3237 3236/3509/3236
f 3237/3510/3237 3229/3502/3229 3230/3503/3230
f 3230/3503/3230 3238/3511/3238 3237/3510/3237
f 3238/3511/3238 3230/3503/3230 3231/3504/3231
f 3231/3504/3231 3239/3512/3239 3238/3511/3238
f 3239/3512/3239 3231/3504/3231 3167/3431/3167
f 3167/3431/3167 3175/3439/3175 3239/3512/3239
f 3143/3407/3143 2498/3513/2498 2388/3440/2388
f 3207/3480/3207 2498/3513/2498 3143/3407/3143
f 3199/3472/3199 2498/3513/2498 3207/3480/3207
f 3199/3472/3199 2501/3514/2501 2498/3513/2498
f 3199/3472/3199 2504/3515/2504 2501/3514/2501
f 3199/3472/3199 2507/3516/2507 2504/3515/2504
f 3191/3464/3191 2507/3516/2507 3199/3472/3199
f 3191/3464/3191 2510/3517/2510 2507/3516/2507
f 3191/3464/3191 2513/3518/2513 2510/3517/2510
f 3183/3456/3183 2513/3518/2513 3191/3464/3191
f 3183/3456/3183 2516/3519/2516 2513/3518/2513
f 2519/3520/2519 2516/3519/2516 2986/3230/2986
f 2986/3230/2986 2516/3519/2516 3183/3456/3183
f 2522/3231/2522 2519/3520/2519 2986/3230/2986
f 3043/3521/3043 2852/3299/2852 3036/3300/3036
f 3036/3300/3036 3240/3522/3240 3043/3521/3043
f 3240/3522/3240 3036/3300/3036 3037/3301/3037
f 3037/3301/3037 3241/3523/3241 3240/3522/3240
f 3241/3523/3241 3037/3301/3037 3038/3302/3038
f 3038/3302/3038 3242/3524/3242 3241/3523/3241
f 3242/3524/3242 3038/3302/3038 3039/3303/3039
f 3039/3303/3039 3243/3525/3243 3242/3524/3242
f 3243/3525/3243 3039/3303/3039 3040/3304/3040
f 3040/3304/3040 3244/3526/3244 3243/3525/3243
f 3244/3526/3244 3040/3304/3040 3041/3305/3041
f 3041/3305/3041 3245/3527/3245 3244/3526/3244
f 3245/3527/3245 3041/3305/3041 3042/3306/3042
f 3042/3306/3042 3246/3528/3246 3245/3527/3245
f 3246/3528/3246 3042/3306/3042 2979/3223/2979
f 2979/3223/2979 3176/3449/3176 3246/3528/3246
f 3052/3529/3052 3043/3521/3043 3240/3522/3240
f 3240/3522/3240 3247/3530/3247 3052/3529/3052
f 3247/3530/3247 3240/3522/3240 3241/3523/3241
f 3241/3523/3241 3248/3531/3248 3247/3530/3247
f 3248/3531/3248 3241/3523/3241 3242/3524/3242
f 3242/3524/3242 3249/3532/3249 3248/3531/3248
f 3249/3532/3249 3242/3524/3242 3243/3525/3243
f 3243/3525/3243 3250/3533/3250 3249/3532/3249
f 3250/3533/3250 3243/3525/3243 3244/3526/3244
f 3244/3526/3244 3251/3534/3251 3250/3533/3250
f 3251/3534/3251 3244/3526/3244 3245/3527/3245
f 3245/3527/3245 3252/3535/3252 3251/3534/3251
f 3252/3535/3252 3245/3527/3245 3246/3528/3246
f 3246/3528/3246 3253/3536/3253 3252/3535/3252
f 3253/3536/3253 3246/3528/3246 3176/3449/3176
f 3176/3449/3176 3184/3457/3184 3253/3536/3253
f 3061/3537/3061 3052/3529/3052 3247/3530/3247
f 3247/3530/3247 3254/3538/3254 3061/3537/3061
f 3254/3538/3254 3247/3530/3247 3248/3531/3248
f 3248/3531/3248 3255/3539/3255 3254/3538/3254
f 3255/3539/3255 3248/3531/3248 3249/3532/3249
f 3249/3532/3249 3256/3540/3256 3255/3539/3255
f 3256/3540/3256 3249/3532/3249 3250/3533/3250
f 3250/3533/3250 3257/3541/3257 3256/3540/3256
f 3257/3541/3257 3250/3533/3250 3251/3534/3251
f 3251/3534/3251 3258/3542/3258 3257/3541/3257
f 3258/3542/3258 3251/3534/3251 3252/3535/3252
f 3252/3535/3252 3259/3543/3259 3258/3542/3258
f 3259/3543/3259 3252/3535/3252 3253/3536/3253
f 3253/3536/3253 3260/3544/3260 3259/3543/3259
f 3260/3544/3260 3253/3536/3253 3184/3457/3184
f 3184/3457/3184 3192/3465/3192 3260/3544/3260
f 3070/3545/3070 3061/3537/3061 3254/3538/3254
f 3254/3538/3254 3261/3546/3261 3070/3545/3070
f 3261/3546/3261 3254/3538/3254 3255/3539/3255
f 3255/3539/3255 3262/3547/3262 3261/3546/3261
f 3262/3547/3262 3255/3539/3255 3256/3540/3256
f 3256/3540/3256 3263/3548/3263 3262/3547/3262
f 3263/3548/3263 3256/3540/3256 3257/3541/3257
f 3257/3541/3257 3264/3549/3264 3263/3548/3263
f 3264/3549/3264 3257/3541/3257 3258/3542/3258
f 3258/3542/3258 3265/3550/3265 3264/3549/3264
f 3265/3550/3265 3258/3542/3258 3259/3543/3259
f 3259/3543/3259 3266/3551/3266 3265/3550/3265
f 3266/3551/3266 3259/3543/3259 3260/3544/3260
f 3260/3544/3260 3267/3552/3267 3266/3551/3266
f 3267/3552/3267 3260/3544/3260 3192/3465/3192
f 3192/3465/3192 3200/3473/3200 3267/3552/3267
f 3079/3553/3079 3070/3545/3070 3261/3546/3261
f 3261/3546/3261 3268/3554/3268 3079/3553/3079
f 3268/3554/3268 3261/3546/3261 3262/3547/3262
f 3262/3547/3262 3269/3555/3269 3268/3554/3268
f 3269/3555/3269 3262/3547/3262 3263/3548/3263
f 3263/3548/3263 3270/3556/3270 3269/3555/3269
f 3270/3556/3270 3263/3548/3263 3264/3549/3264
f 3264/3549/3264 3271/3557/3271 3270/3556/3270
f 3271/3557/3271 3264/3549/3264 3265/3550/3265
f 3265/3550/3265 3272/3558/3272 3271/3557/3271
f 3272/3558/3272 3265/3550/3265 3266/3551/3266
f 3266/3551/3266 3273/3559/3273 3272/3558/3272
f 3273/3559/3273 3266/3551/3266 3267/3552/3267
f 3267/3552/3267 3274/3560/3274 3273/3559/3273
f 3274/3560/3274 3267/3552/3267 3200/3473/3200
f 3200/3473/3200 3208/3481/3208 3274/3560/3274
f 3088/3561/3088 3079/3553/3079 3268/3554/3268
f 3268/3554/3268 3275/3562/3275 3088/3561/3088
f 3275/3562/3275 3268/3554/3268 3269/3555/3269
f 3269/3555/3269 3276/3563/3276 3275/3562/3275
f 3276/3563/3276 3269/3555/3269 3270/3556/3270
f 3270/3556/3270 3277/3564/3277 3276/3563/3276
f 3277/3564/3277 3270/3556/3270 3271/3557/3271
f 3271/3557/3271 3278/3565/3278 3277/3564/3277
f 3278/3565/3278 3271/3557/3271 3272/3558/3272
f 3272/3558/3272 3279/3566/3279 3278/3565/3278
f 3279/3566/3279 3272/3558/3272 3273/3559/3273
f 3273/3559/3273 3280/3567/3280 3279/3566/3279
f 3280/3567/3280 3273/3559/3273 3274/3560/3274
f 3274/3560/3274 3281/3568/3281 3280/3567/3280
f 3281/3568/3281 3274/3560/3274 3208/3481/3208
f 3208/3481/3208 3216/3489/3216 3281/3568/3281
f 3097/3569/3097 3088/3561/3088 3275/3562/3275
f 3275/3562/3275 3282/3570/3282 3097/3569/3097
f 3282/3570/3282 3275/3562/3275 3276/3563/3276
f 3276/3563/3276 3283/3571/3283 3282/3570/3282
f 3283/3571/3283 3276/3563/3276 3277/3564/3277
f 3277/3564/3277 3284/3572/3284 3283/3571/3283
f 3284/3572/3284 3277/3564/3277 3278/3565/3278
f 3278/3565/3278 3285/3573/3285 3284/3572/3284
f 3285/3573/3285 3278/3565/3278 3279/3566/3279
f 3279/3566/3279 3286/3574/3286 3285/3573/3285
f 3286/3574/3286 3279/3566/3279 3280/3567/3280
f 3280/3567/3280 3287/3575/3287 3286/3574/3286
f 3287/3575/3287 3280/3567/3280 3281/3568/3281
f 3281/3568/3281 3288/3576/3288 3287/3575/3287
f 3288/3576/3288 3281/3568/3281 3216/3489/3216
f 3216/3489/3216 3224/3497/3224 3288/3576/3288
f 3106/3577/3106 3097/3569/3097 3282/3570/3282
f 3282/3570/3282 3289/3578/3289 3106/3577/3106
f 3289/3578/3289 3282/3570/3282 3283/3571/3283
f 3283/3571/3283 3290/3579/3290 3289/3578/3289
f 3290/3579/3290 3283/3571/3283 3284/3572/3284
f 3284/3572/3284 3291/3580/3291 3290/3579/3290
f 3291/3580/3291 3284/3572/3284 3285/3573/3285
f 3285/3573/3285 3292/3581/3292 3291/3580/3291
f 3292/3581/3292 3285/3573/3285 3286/3574/3286
f 3286/3574/3286 3293/3582/3293 3292/3581/3292
f 3293/3582/3293 3286/3574/3286 3287/3575/3287
f 3287/3575/3287 3294/3583/3294 3293/3582/3293
f 3294/3583/3294 3287/3575/3287 3288/3576/3288
f 3288/3576/3288 3295/3584/3295 3294/3583/3294
f 3295/3584/3295 3288/3576/3288 3224/3497/3224
f 3224/3497/3224 3232/3505/3232 3295/3584/3295
f 3107/3371/3107 3106/3370/3106 3296/3585/3296
f 3296/3585/3296 3297/3586/3297 3107/3371/3107
f 3108/3372/3108 3107/3371/3107 3297/3586/3297
f 3297/3586/3297 3298/3587/3298 3108/3372/3108
f 3109/3373/3109 3108/3372/3108 3298/3587/3298
f 3298/3587/3298 3299/3588/3299 3109/3373/3109
f 3110/3374/3110 3109/3373/3109 3299/3588/3299
f 3299/3588/3299 3300/3589/3300 3110/3374/3110
f 3111/3375/3111 3110/3374/3110 3300/3589/3300
f 3300/3589/3300 3301/3590/3301 3111/3375/3111
f 3112/3376/3112 3111/3375/3111 3301/3590/3301
f 3301/3590/3301 3302/3591/3302 3112/3376/3112
f 3113/3377/3113 3112/3376/3112 3302/3591/3302
f 3302/3591/3302 3303/3592/3303 3113/3377/3113
f 3114/3378/3114 3113/3377/3113 3303/3592/3303
f 3303/3592/3303 3304/3593/3304 3114/3378/3114
f 3297/3586/3297 3296/3585/3296 3305/3594/3305
f 3305/3594/3305 3306/3595/3306 3297/3586/3297
f 3298/3587/3298 3297/3586/3297 3306/3595/3306
f 3306/3595/3306 3307/3596/3307 3298/3587/3298
f 3299/3588/3299 3298/3587/3298 3307/3596/3307
f 3307/3596/3307 3308/3597/3308 3299/3588/3299
f 3300/3589/3300 3299/3588/3299 3308/3597/3308
f 3308/3597/3308 3309/3598/3309 3300/3589/3300
f 3301/3590/3301 3300/3589/3300 3309/3598/3309
f 3309/3598/3309 3310/3599/3310 3301/3590/3301
f 3302/3591/3302 3301/3590/3301 3310/3599/3310
f 3310/3599/3310 3311/3600/3311 3302/3591/3302
f 3303/3592/3303 3302/3591/3302 3311/3600/3311
f 3311/3600/3311 3312/3601/3312 3303/3592/3303
f 3304/3593/3304 3303/3592/3303 3312/3601/3312
f 3312/3601/3312 3313/3602/3313 3304/3593/3304
f 3306/3595/3306 3305/3594/3305 3314/3603/3314
f 3314/3603/3314 3315/3604/3315 3306/3595/3306
f 3307/3596/3307 3306/3595/3306 3315/3604/3315
f 3315/3604/3315 3316/3605/3316 3307/3596/3307
f 3308/3597/3308 3307/3596/3307 3316/3605/3316
f 3316/3605/3316 3317/3606/3317 3308/3597/3308
f 3309/3598/3309 3308/3597/3308 3317/3606/3317
f 3317/3606/3317 3318/3607/3318 3309/3598/3309
f 3310/3599/3310 3309/3598/3309 3318/3607/3318
f 3318/3607/3318 3319/3608/3319 3310/3599/3310
f 3311/3600/3311 3310/3599/3310 3319/3608/3319
f 3319/3608/3319 3320/3609/3320 3311/3600/3311
f 3312/3601/3312 3311/3600/3311 3320/3609/3320
f 3320/3609/3320 3321/3610/3321 3312/3601/3312
f 3313/3602/3313 3312/3601/3312 3321/3610/3321
f 3321/3610/3321 3322/3611/3322 3313/3602/3313
f 3315/3604/3315 3314/3603/3314 3323/3612/3323
f 3323/3612/3323 3324/3613/3324 3315/3604/3315
f 3316/3605/3316 3315/3604/3315 3324/3613/3324
f 3324/3613/3324 3325/3614/3325 3316/3605/3316
f 3317/3606/3317 3316/3605/3316 3325/3614/3325
f 3325/3614/3325 3326/3615/3326 3317/3606/3317
f 3318/3607/3318 3317/3606/3317 3326/3615/3326
f 3326/3615/3326 3327/3616/3327 3318/3607/3318
f 3319/3608/3319 3318/3607/3318 3327/3616/3327
f 3327/3616/3327 3328/3617/3328 3319/3608/3319
f 3320/3609/3320 3319/3608/3319 3328/3617/3328
f 3328/3617/3328 3329/3618/3329 3320/3609/3320
f 3321/3610/3321 3320/3609/3320 3329/3618/3329
f 3329/3618/3329 3330/3619/3330 3321/3610/3321
f 3322/3611/3322 3321/3610/3321 3330/3619/3330
f 3330/3619/3330 3331/3620/3331 3322/3611/3322
f 3324/3613/3324 3323/3612/3323 3332/3621/3332
f 3332/3621/3332 3333/3622/3333 3324/3613/3324
f 3325/3614/3325 3324/3613/3324 3333/3622/3333
f 3333/3622/3333 3334/3623/3334 3325/3614/3325
f 3326/3615/3326 3325/3614/3325 3334/3623/3334
f 3334/3623/3334 3335/3624/3335 3326/3615/3326
f 3327/3616/3327 3326/3615/3326 3335/3624/3335
f 3335/3624/3335 3336/3625/3336 3327/3616/3327
f 3328/3617/3328 3327/3616/3327 3336/3625/3336
f 3336/3625/3336 3337/3626/3337 3328/3617/3328
f 3329/3618/3329 3328/3617/3328 3337/3626/3337
f 3337/3626/3337 3338/3627/3338 3329/3618/3329
f 3330/3619/3330 3329/3618/3329 3338/3627/3338
f 3338/3627/3338 3339/3628/3339 3330/3619/3330
f 3331/3620/3331 3330/3619/3330 3339/3628/3339
f 3339/3628/3339 3340/3629/3340 3331/3620/3331
f 3333/3622/3333 3332/3621/3332 3341/3630/3341
f 3341/3630/3341 3342/3631/3342 3333/3622/3333
f 3334/3623/3334 3333/3622/3333 3342/3631/3342
f 3342/3631/3342 3343/3632/3343 3334/3623/3334
f 3335/3624/3335 3334/3623/3334 3343/3632/3343
f 3343/3632/3343 3344/3633/3344 3335/3624/3335
f 3336/3625/3336 3335/3624/3335 3344/3633/3344
f 3344/3633/3344 3345/3634/3345 3336/3625/3336
f 3337/3626/3337 3336/3625/3336 3345/3634/3345
f 3345/3634/3345 3346/3635/3346 3337/3626/3337
f 3338/3627/3338 3337/3626/3337 3346/3635/3346
f 3346/3635/3346 3347/3636/3347 3338/3627/3338
f 3339/3628/3339 3338/3627/3338 3347/3636/3347
f 3347/3636/3347 3348/3637/3348 3339/3628/3339
f 3340/3629/3340 3339/3628/3339 3348/3637/3348
f 3348/3637/3348 3349/3638/3349 3340/3629/3340
f 3342/3631/3342 3341/3630/3341 3350/3639/3350
f 3350/3639/3350 3351/3640/3351 3342/3631/3342
f 3343/3632/3343 3342/3631/3342 3351/3640/3351
f 3351/3640/3351 3352/3641/3352 3343/3632/3343
f 3344/3633/3344 3343/3632/3343 3352/3641/3352
f 3352/3641/3352 3353/3642/3353 3344/3633/3344
f 3345/3634/3345 3344/3633/3344 3353/3642/3353
f 3353/3642/3353 3354/3643/3354 3345/3634/3345
f 3346/3635/3346 3345/3634/3345 3354/3643/3354
f 3354/3643/3354 3355/3644/3355 3346/3635/3346
f 3347/3636/3347 3346/3635/3346 3355/3644/3355
f 3355/3644/3355 3356/3645/3356 3347/3636/3347
f 3348/3637/3348 3347/3636/3347 3356/3645/3356
f 3356/3645/3356 3357/3646/3357 3348/3637/3348
f 3349/3638/3349 3348/3637/3348 3357/3646/3357
f 3357/3646/3357 3358/3647/3358 3349/3638/3349
f 3351/3640/3351 3350/3639/3350 3359/3648/3359
f 3359/3648/3359 3360/3649/3360 3351/3640/3351
f 3352/3641/3352 3351/3640/3351 3360/3649/3360
f 3360/3649/3360 3361/3650/3361 3352/3641/3352
f 3353/3642/3353 3352/3641/3352 3361/3650/3361
f 3361/3650/3361 3362/3651/3362 3353/3642/3353
f 3354/3643/3354 3353/3642/3353 3362/3651/3362
f 3362/3651/3362 3363/3652/3363 3354/3643/3354
f 3355/3644/3355 3354/3643/3354 3363/3652/3363
f 3363/3652/3363 3364/3653/3364 3355/3644/3355
f 3356/3645/3356 3355/3644/3355 3364/3653/3364
f 3364/3653/3364 3365/3654/3365 3356/3645/3356
f 3357/3646/3357 3356/3645/3356 3365/3654/3365
f 3365/3654/3365 3366/3655/3366 3357/3646/3357
f 3358/3647/3358 3357/3646/3357 3366/3655/3366
f 3366/3655/3366 3367/3656/3367 3358/3647/3358
f 3168/3432/3168 3114/3378/3114 3304/3593/3304
f 3304/3593/3304 3368/3657/3368 3168/3432/3168
f 3169/3433/3169 3168/3432/3168 3368/3657/3368
f 3368/3657/3368 3369/3658/3369 3169/3433/3169
f 3170/3434/3170 3169/3433/3169 3369/3658/3369
f 3369/3658/3369 3370/3659/3370 3170/3434/3170
f 3171/3435/3171 3170/3434/3170 3370/3659/3370
f 3370/3659/3370 3371/3660/3371 3171/3435/3171
f 3172/3436/3172 3171/3435/3171 3371/3660/3371
f 3371/3660/3371 3372/3661/3372 3172/3436/3172
f 3173/3437/3173 3172/3436/3172 3372/3661/3372
f 3372/3661/3372 3373/3662/3373 3173/3437/3173
f 3174/3438/3174 3173/3437/3173 3373/3662/3373
f 3373/3662/3373 3374/3663/3374 3174/3438/3174
f 3175/3439/3175 3174/3438/3174 3374/3663/3374
f 3374/3663/3374 3375/3664/3375 3175/3439/3175
f 3368/3657/3368 3304/3593/3304 3313/3602/3313
f 3313/3602/3313 3376/3665/3376 3368/3657/3368
f 3369/3658/3369 3368/3657/3368 3376/3665/3376
f 3376/3665/3376 3377/3666/3377 3369/3658/3369
f 3370/3659/3370 3369/3658/3369 3377/3666/3377
f 3377/3666/3377 3378/3667/3378 3370/3659/3370
f 3371/3660/3371 3370/3659/3370 3378/3667/3378
f 3378/3667/3378 3379/3668/3379 3371/3660/3371
f 3372/3661/3372 3371/3660/3371 3379/3668/3379
f 3379/3668/3379 3380/3669/3380 3372/3661/3372
f 3373/3662/3373 3372/3661/3372 3380/3669/3380
f 3380/3669/3380 3381/3670/3381 3373/3662/3373
f 3374/3663/3374 3373/3662/3373 3381/3670/3381
f 3381/3670/3381 3382/3671/3382 3374/3663/3374
f 3375/3664/3375 3374/3663/3374 3382/3671/3382
f 3382/3671/3382 3383/3672/3383 3375/3664/3375
f 3376/3665/3376 3313/3602/3313 3322/3611/3322
f 3322/3611/3322 3384/3673/3384 3376/3665/3376
f 3377/3666/3377 3376/3665/3376 3384/3673/3384
f 3384/3673/3384 3385/3674/3385 3377/3666/3377
f 3378/3667/3378 3377/3666/3377 3385/3674/3385
f 3385/3674/3385 3386/3675/3386 3378/3667/3378
f 3379/3668/3379 3378/3667/3378 3386/3675/3386
f 3386/3675/3386 3387/3676/3387 3379/3668/3379
f 3380/3669/3380 3379/3668/3379 3387/3676/3387
f 3387/3676/3387 3388/3677/3388 3380/3669/3380
f 3381/3670/3381 3380/3669/3380 3388/3677/3388
f 3388/3677/3388 3389/3678/3389 3381/3670/3381
f 3382/3671/3382 3381/3670/3381 3389/3678/3389
f 3389/3678/3389 3390/3679/3390 3382/3671/3382
f 3383/3672/3383 3382/3671/3382 3390/3679/3390
f 3390/3679/3390 3391/3680/3391 3383/3672/3383
f 3384/3673/3384 3322/3611/3322 3331/3620/3331
f 3331/3620/3331 3392/3681/3392 3384/3673/3384
f 3385/3674/3385 3384/3673/3384 3392/3681/3392
f 3392/3681/3392 3393/3682/3393 3385/3674/3385
f 3386/3675/3386 3385/3674/3385 3393/3682/3393
f 3393/3682/3393 3394/3683/3394 3386/3675/3386
f 3387/3676/3387 3386/3675/3386 3394/3683/3394
f 3394/3683/3394 3395/3684/3395 3387/3676/3387
f 3388/3677/3388 3387/3676/3387 3395/3684/3395
f 3395/3684/3395 3396/3685/3396 3388/3677/3388
f 3389/3678/3389 3388/3677/3388 3396/3685/3396
f 3396/3685/3396 3397/3686/3397 3389/3678/3389
f 3390/3679/3390 3389/3678/3389 3397/3686/3397
f 3397/3686/3397 3398/3687/3398 3390/3679/3390
f 3391/3680/3391 3390/3679/3390 3398/3687/3398
f 3398/3687/3398 3399/3688/3399 3391/3680/3391
f 3392/3681/3392 3331/3620/3331 3340/3629/3340
f 3340/3629/3340 3400/3689/3400 3392/3681/3392
f 3393/3682/3393 3392/3681/3392 3400/3689/3400
f 3400/3689/3400 3401/3690/3401 3393/3682/3393
f 3394/3683/3394 3393/3682/3393 3401/3690/3401
f 3401/3690/3401 3402/3691/3402 3394/3683/3394
f 3395/3684/3395 3394/3683/3394 3402/3691/3402
f 3402/3691/3402 3403/3692/3403 3395/3684/3395
f 3396/3685/3396 3395/3684/3395 3403/3692/3403
f 3403/3692/3403 3404/3693/3404 3396/3685/3396
f 3397/3686/3397 3396/3685/3396 3404/3693/3404
f 3404/3693/3404 3405/3694/3405 3397/3686/3397
f 3398/3687/3398 3397/3686/3397 3405/3694/3405
f 3405/3694/3405 3406/3695/3406 3398/3687/3398
f 3399/3688/3399 3398/3687/3398 3406/3695/3406
f 3406/3695/3406 3407/3696/3407 3399/3688/3399
f 3400/3689/3400 3340/3629/3340 3349/3638/3349
f 3349/3638/3349 3408/3697/3408 3400/3689/3400
f 3401/3690/3401 3400/3689/3400 3408/3697/3408
f 3408/3697/3408 3409/3698/3409 3401/3690/3401
f 3402/3691/3402 3401/3690/3401 3409/3698/3409
f 3409/3698/3409 3410/3699/3410 3402/3691/3402
f 3403/3692/3403 3402/3691/3402 3410/3699/3410
f 3410/3699/3410 3411/3700/3411 3403/3692/3403
f 3404/3693/3404 3403/3692/3403 3411/3700/3411
f 3411/3700/3411 3412/3701/3412 3404/3693/3404
f 3405/3694/3405 3404/3693/3404 3412/3701/3412
f 3412/3701/3412 3413/3702/3413 3405/3694/3405
f 3406/3695/3406 3405/3694/3405 3413/3702/3413
f 3413/3702/3413 3414/3703/3414 3406/3695/3406
f 3407/3696/3407 3406/3695/3406 3414/3703/3414
f 3414/3703/3414 3415/3704/3415 3407/3696/3407
f 3408/3697/3408 3349/3638/3349 3358/3647/3358
f 3358/3647/3358 3416/3705/3416 3408/3697/3408
f 3409/3698/3409 3408/3697/3408 3416/3705/3416
f 3416/3705/3416 3417/3706/3417 3409/3698/3409
f 3410/3699/3410 3409/3698/3409 3417/3706/3417
f 3417/3706/3417 3418/3707/3418 3410/3699/3410
f 3411/3700/3411 3410/3699/3410 3418/3707/3418
f 3418/3707/3418 3419/3708/3419 3411/3700/3411
f 3412/3701/3412 3411/3700/3411 3419/3708/3419
f 3419/3708/3419 3420/3709/3420 3412/3701/3412
f 3413/3702/3413 3412/3701/3412 3420/3709/3420
f 3420/3709/3420 3421/3710/3421 3413/3702/3413
f 3414/3703/3414 3413/3702/3413 3421/3710/3421
f 3421/3710/3421 3422/3711/3422 3414/3703/3414
f 3415/3704/3415 3414/3703/3414 3422/3711/3422
f 3422/3711/3422 3423/3712/3423 3415/3704/3415
f 3416/3705/3416 3358/3647/3358 3367/3656/3367
f 3367/3656/3367 3424/3713/3424 3416/3705/3416
f 3417/3706/3417 3416/3705/3416 3424/3713/3424
f 3424/3713/3424 3425/3714/3425 3417/3706/3417
f 3418/3707/3418 3417/3706/3417 3425/3714/3425
f 3425/3714/3425 3426/3715/3426 3418/3707/3418
f 3419/3708/3419 3418/3707/3418 3426/3715/3426
f 3426/3715/3426 3427/3716/3427 3419/3708/3419
f 3420/3709/3420 3419/3708/3419 3427/3716/3427
f 3427/3716/3427 3428/3717/3428 3420/3709/3420
f 3421/3710/3421 3420/3709/3420 3428/3717/3428
f 3428/3717/3428 3429/3718/3429 3421/3710/3421
f 3422/3711/3422 3421/3710/3421 3429/3718/3429
f 3429/3718/3429 3430/3719/3430 3422/3711/3422
f 3423/3712/3423 3422/3711/3422 3430/3719/3430
f 3430/3719/3430 3431/3720/3431 3423/3712/3423
f 3432/3721/3432 3232/3505/3232 3233/3506/3233
f 3233/3506/3233 3433/3722/3433 3432/3721/3432
f 3433/3722/3433 3233/3506/3233 3234/3507/3234
f 3234/3507/3234 3434/3723/3434 3433/3722/3433
f 3434/3723/3434 3234/3507/3234 3235/3508/3235
f 3235/3508/3235 3435/3724/3435 3434/3723/3434
f 3435/3724/3435 3235/3508/3235 3236/3509/3236
f 3236/3509/3236 3436/3725/3436 3435/3724/3435
f 3436/3725/3436 3236/3509/3236 3237/3510/3237
f 3237/3510/3237 3437/3726/3437 3436/3725/3436
f 3437/3726/3437 3237/3510/3237 3238/3511/3238
f 3238/3511/3238 3438/3727/3438 3437/3726/3437
f 3438/3727/3438 3238/3511/3238 3239/3512/3239
f 3239/3512/3239 3439/3728/3439 3438/3727/3438
f 3439/3728/3439 3239/3512/3239 3175/3439/3175
f 3175/3439/3175 3375/3664/3375 3439/3728/3439
f 3440/3729/3440 3432/3721/3432 3433/3722/3433
f 3433/3722/3433 3441/3730/3441 3440/3729/3440
f 3441/3730/3441 3433/3722/3433 3434/3723/3434
f 3434/3723/3434 3442/3731/3442 3441/3730/3441
f 3442/3731/3442 3434/3723/3434 3435/3724/3435
f 3435/3724/3435 3443/3732/3443 3442/3731/3442
f 3443/3732/3443 3435/3724/3435 3436/3725/3436
f 3436/3725/3436 3444/3733/3444 3443/3732/3443
f 3444/3733/3444 3436/3725/3436 3437/3726/3437
f 3437/3726/3437 3445/3734/3445 3444/3733/3444
f 3445/3734/3445 3437/3726/3437 3438/3727/3438
f 3438/3727/3438 3446/3735/3446 3445/3734/3445
f 3446/3735/3446 3438/3727/3438 3439/3728/3439
f 3439/3728/3439 3447/3736/3447 3446/3735/3446
f 3447/3736/3447 3439/3728/3439 3375/3664/3375
f 3375/3664/3375 3383/3672/3383 3447/3736/3447
f 3448/3737/3448 3440/3729/3440 3441/3730/3441
f 3441/3730/3441 3449/3738/3449 3448/3737/3448
f 3449/3738/3449 3441/3730/3441 3442/3731/3442
f 3442/3731/3442 3450/3739/3450 3449/3738/3449
f 3450/3739/3450 3442/3731/3442 3443/3732/3443
f 3443/3732/3443 3451/3740/3451 3450/3739/3450
f 3451/3740/3451 3443/3732/3443 3444/3733/3444
f 3444/3733/3444 3452/3741/3452 3451/3740/3451
f 3452/3741/3452 3444/3733/3444 3445/3734/3445
f 3445/3734/3445 3453/3742/3453 3452/3741/3452
f 3453/3742/3453 3445/3734/3445 3446/3735/3446
f 3446/3735/3446 3454/3743/3454 3453/3742/3453
f 3454/3743/3454 3446/3735/3446 3447/3736/3447
f 3447/3736/3447 3455/3744/3455 3454/3743/3454
f 3455/3744/3455 3447/3736/3447 3383/3672/3383
f 3383/3672/3383 3391/3680/3391 3455/3744/3455
f 3456/3745/3456 3448/3737/3448 3449/3738/3449
f 3449/3738/3449 3457/3746/3457 3456/3745/3456
f 3457/3746/3457 3449/3738/3449 3450/3739/3450
f 3450/3739/3450 3458/3747/3458 3457/3746/3457
f 3458/3747/3458 3450/3739/3450 3451/3740/3451
f 3451/3740/3451 3459/3748/3459 3458/3747/3458
f 3459/3748/3459 3451/3740/3451 3452/3741/3452
f 3452/3741/3452 3460/3749/3460 3459/3748/3459
f 3460/3749/3460 3452/3741/3452 3453/3742/3453
f 3453/3742/3453 3461/3750/3461 3460/3749/3460
f 3461/3750/3461 3453/3742/3453 3454/3743/3454
f 3454/3743/3454 3462/3751/3462 3461/3750/3461
f 3462/3751/3462 3454/3743/3454 3455/3744/3455
f 3455/3744/3455 3463/3752/3463 3462/3751/3462
f 3463/3752/3463 3455/3744/3455 3391/3680/3391
f 3391/3680/3391 3399/3688/3399 3463/3752/3463
f 3464/3753/3464 3456/3745/3456 3457/3746/3457
f 3457/3746/3457 3465/3754/3465 3464/3753/3464
f 3465/3754/3465 3457/3746/3457 3458/3747/3458
f 3458/3747/3458 3466/3755/3466 3465/3754/3465
f 3466/3755/3466 3458/3747/3458 3459/3748/3459
f 3459/3748/3459 3467/3756/3467 3466/3755/3466
f 3467/3756/3467 3459/3748/3459 3460/3749/3460
f 3460/3749/3460 3468/3757/3468 3467/3756/3467
f 3468/3757/3468 3460/3749/3460 3461/3750/3461
f 3461/3750/3461 3469/3758/3469 3468/3757/3468
f 3469/3758/3469 3461/3750/3461 3462/3751/3462
f 3462/3751/3462 3470/3759/3470 3469/3758/3469
f 3470/3759/3470 3462/3751/3462 3463/3752/3463
f 3463/3752/3463 3471/3760/3471 3470/3759/3470
f 3471/3760/3471 3463/3752/3463 3399/3688/3399
f 3399/3688/3399 3407/3696/3407 3471/3760/3471
f 3472/3761/3472 3464/3753/3464 3465/3754/3465
f 3465/3754/3465 3473/3762/3473 3472/3761/3472
f 3473/3762/3473 3465/3754/3465 3466/3755/3466
f 3466/3755/3466 3474/3763/3474 3473/3762/3473
f 3474/3763/3474 3466/3755/3466 3467/3756/3467
f 3467/3756/3467 3475/3764/3475 3474/3763/3474
f 3475/3764/3475 3467/3756/3467 3468/3757/3468
f 3468/3757/3468 3476/3765/3476 3475/3764/3475
f 3476/3765/3476 3468/3757/3468 3469/3758/3469
f 3469/3758/3469 3477/3766/3477 3476/3765/3476
f 3477/3766/3477 3469/3758/3469 3470/3759/3470
f 3470/3759/3470 3478/3767/3478 3477/3766/3477
f 3478/3767/3478 3470/3759/3470 3471/3760/3471
f 3471/3760/3471 3479/3768/3479 3478/3767/3478
f 3479/3768/3479 3471/3760/3471 3407/3696/3407
f 3407/3696/3407 3415/3704/3415 3479/3768/3479
f 3480/3769/3480 3472/3761/3472 3473/3762/3473
f 3473/3762/3473 3481/3770/3481 3480/3769/3480
f 3481/3770/3481 3473/3762/3473 3474/3763/3474
f 3474/3763/3474 3482/3771/3482 3481/3770/3481
f 3482/3771/3482 3474/3763/3474 3475/3764/3475
f 3475/3764/3475 3483/3772/3483 3482/3771/3482
f 3483/3772/3483 3475/3764/3475 3476/3765/3476
f 3476/3765/3476 3484/3773/3484 3483/3772/3483
f 3484/3773/3484 3476/3765/3476 3477/3766/3477
f 3477/3766/3477 3485/3774/3485 3484/3773/3484
f 3485/3774/3485 3477/3766/3477 3478/3767/3478
f 3478/3767/3478 3486/3775/3486 3485/3774/3485
f 3486/3775/3486 3478/3767/3478 3479/3768/3479
f 3479/3768/3479 3487/3776/3487 3486/3775/3486
f 3487/3776/3487 3479/3768/3479 3415/3704/3415
f 3415/3704/3415 3423/3712/3423 3487/3776/3487
f 3488/3777/3488 3480/3769/3480 3481/3770/3481
f 3481/3770/3481 3489/3778/3489 3488/3777/3488
f 3489/3778/3489 3481/3770/3481 3482/3771/3482
f 3482/3771/3482 3490/3779/3490 3489/3778/3489
f 3490/3779/3490 3482/3771/3482 3483/3772/3483
f 3483/3772/3483 3491/3780/3491 3490/3779/3490
f 3491/3780/3491 3483/3772/3483 3484/3773/3484
f 3484/3773/3484 3492/3781/3492 3491/3780/3491
f 3492/3781/3492 3484/3773/3484 3485/3774/3485
f 3485/3774/3485 3493/3782/3493 3492/3781/3492
f 3493/3782/3493 3485/3774/3485 3486/3775/3486
f 3486/3775/3486 3494/3783/3494 3493/3782/3493
f 3494/3783/3494 3486/3775/3486 3487/3776/3487
f 3487/3776/3487 3495/3784/3495 3494/3783/3494
f 3495/3784/3495 3487/3776/3487 3423/3712/3423
f 3423/3712/3423 3431/3720/3431 3495/3784/3495
f 3296/3785/3296 3106/3577/3106 3289/3578/3289
f 3289/3578/3289 3496/3786/3496 3296/3785/3296
f 3496/3786/3496 3289/3578/3289 3290/3579/3290
f 3290/3579/3290 3497/3787/3497 3496/3786/3496
f 3497/3787/3497 3290/3579/3290 3291/3580/3291
f 3291/3580/3291 3498/3788/3498 3497/3787/3497
f 3498/3788/3498 3291/3580/3291 3292/3581/3292
f 3292/3581/3292 3499/3789/3499 3498/3788/3498
f 3499/3789/3499 3292/3581/3292 3293/3582/3293
f 3293/3582/3293 3500/3790/3500 3499/3789/3499
f 3500/3790/3500 3293/3582/3293 3294/3583/3294
f 3294/3583/3294 3501/3791/3501 3500/3790/3500
f 3501/3791/3501 3294/3583/3294 3295/3584/3295
f 3295/3584/3295 3502/3792/3502 3501/3791/3501
f 3502/3792/3502 3295/3584/3295 3232/3505/3232
f 3232/3505/3232 3432/3721/3432 3502/3792/3502
f 3305/3793/3305 3296/3785/3296 3496/3786/3496
f 3496/3786/3496 3503/3794/3503 3305/3793/3305
f 3503/3794/3503 3496/3786/3496 3497/3787/3497
f 3497/3787/3497 3504/3795/3504 3503/3794/3503
f 3504/3795/3504 3497/3787/3497 3498/3788/3498
f 3498/3788/3498 3505/3796/3505 3504/3795/3504
f 3505/3796/3505 3498/3788/3498 3499/3789/3499
f 3499/3789/3499 3506/3797/3506 3505/3796/3505
f 3506/3797/3506 3499/3789/3499 3500/3790/3500
f 3500/3790/3500 3507/3798/3507 3506/3797/3506
f 3507/3798/3507 3500/3790/3500 3501/3791/3501
f 3501/3791/3501 3508/3799/3508 3507/3798/3507
f 3508/3799/3508 3501/3791/3501 3502/3792/3502
f 3502/3792/3502 3509/3800/3509 3508/3799/3508
f 3509/3800/3509 3502/3792/3502 3432/3721/3432
f 3432/3721/3432 3440/3729/3440 3509/3800/3509
f 3314/3801/3314 3305/3793/3305 3503/3794/3503
f 3503/3794/3503 3510/3802/3510 3314/3801/3314
f 3510/3802/3510 3503/3794/3503 3504/3795/3504
f 3504/3795/3504 3511/3803/3511 3510/3802/3510
f 3511/3803/3511 3504/3795/3504 3505/3796/3505
f 3505/3796/3505 3512/3804/3512 3511/3803/3511
f 3512/3804/3512 3505/3796/3505 3506/3797/3506
f 3506/3797/3506 3513/3805/3513 3512/3804/3512
f 3513/3805/3513 3506/3797/3506 3507/3798/3507
f 3507/3798/3507 3514/3806/3514 3513/3805/3513
f 3514/3806/3514 3507/3798/3507 3508/3799/3508
f 3508/3799/3508 3515/3807/3515 3514/3806/3514
f 3515/3807/3515 3508/3799/3508 3509/3800/3509
f 3509/3800/3509 3516/3808/3516 3515/3807/3515
f 3516/3808/3516 3509/3800/3509 3440/3729/3440
f 3440/3729/3440 3448/3737/3448 3516/3808/3516
f 3323/3809/3323 3314/3801/3314 3510/3802/3510
f 3510/3802/3510 3517/3810/3517 3323/3809/3323
f 3517/3810/3517 3510/3802/3510 3511/3803/3511
f 3511/3803/3511 3518/3811/3518 3517/3810/3517
f 3518/3811/3518 3511/3803/3511 3512/3804/3512
f 3512/3804/3512 3519/3812/3519 3518/3811/3518
f 3519/3812/3519 3512/3804/3512 3513/3805/3513
f 3513/3805/3513 3520/3813/3520 3519/3812/3519
f 3520/3813/3520 3513/3805/3513 3514/3806/3514
f 3514/3806/3514 3521/3814/3521 3520/3813/3520
f 3521/3814/3521 3514/3806/3514 3515/3807/3515
f 3515/3807/3515 3522/3815/3522 3521/3814/3521
f 3522/3815/3522 3515/3807/3515 3516/3808/3516
f 3516/3808/3516 3523/3816/3523 3522/3815/3522
f 3523/3816/3523 3516/3808/3516 3448/3737/3448
f 3448/3737/3448 3456/3745/3456 3523/3816/3523
f 3332/3817/3332 3323/3809/3323 3517/3810/3517
f 3517/3810/3517 3524/3818/3524 3332/3817/3332
f 3524/3818/3524 3517/3810/3517 3518/3811/3518
f 3518/3811/3518 3525/3819/3525 3524/3818/3524
f 3525/3819/3525 3518/3811/3518 3519/3812/3519
f 3519/3812/3519 3526/3820/3526 3525/3819/3525
f 3526/3820/3526 3519/3812/3519 3520/3813/3520
f 3520/3813/3520 3527/3821/3527 3526/3820/3526
f 3527/3821/3527 3520/3813/3520 3521/3814/3521
f 3521/3814/3521 3528/3822/3528 3527/3821/3527
f 3528/3822/3528 3521/3814/3521 3522/3815/3522
f 3522/3815/3522 3529/3823/3529 3528/3822/3528
f 3529/3823/3529 3522/3815/3522 3523/3816/3523
f 3523/3816/3523 3530/3824/3530 3529/3823/3529
f 3530/3824/3530 3523/3816/3523 3456/3745/3456
f 3456/3745/3456 3464/3753/3464 3530/3824/3530
f 3341/3825/3341 3332/3817/3332 3524/3818/3524
f 3524/3818/3524 3531/3826/3531 3341/3825/3341
f 3531/3826/3531 3524/3818/3524 3525/3819/3525
f 3525/3819/3525 3532/3827/3532 3531/3826/3531
f 3532/3827/3532 3525/3819/3525 3526/3820/3526
f 3526/3820/3526 3533/3828/3533 3532/3827/3532
f 3533/3828/3533 3526/3820/3526 3527/3821/3527
f 3527/3821/3527 3534/3829/3534 3533/3828/3533
f 3534/3829/3534 3527/3821/3527 3528/3822/3528
f 3528/3822/3528 3535/3830/3535 3534/3829/3534
f 3535/3830/3535 3528/3822/3528 3529/3823/3529
f 3529/3823/3529 3536/3831/3536 3535/3830/3535
f 3536/3831/3536 3529/3823/3529 3530/3824/3530
f 3530/3824/3530 3537/3832/3537 3536/3831/3536
f 3537/3832/3537 3530/3824/3530 3464/3753/3464
f 3464/3753/3464 3472/3761/3472 3537/3832/3537
f 3350/3833/3350 3341/3825/3341 3531/3826/3531
f 3531/3826/3531 3538/3834/3538 3350/3833/3350
f 3538/3834/3538 3531/3826/3531 3532/3827/3532
f 3532/3827/3532 3539/3835/3539 3538/3834/3538
f 3539/3835/3539 3532/3827/3532 3533/3828/3533
f 3533/3828/3533 3540/3836/3540 3539/3835/3539
f 3540/3836/3540 3533/3828/3533 3534/3829/3534
f 3534/3829/3534 3541/3837/3541 3540/3836/3540
f 3541/3837/3541 3534/3829/3534 3535/3830/3535
f 3535/3830/3535 3542/3838/3542 3541/3837/3541
f 3542/3838/3542 3535/3830/3535 3536/3831/3536
f 3536/3831/3536 3543/3839/3543 3542/3838/3542
f 3543/3839/3543 3536/3831/3536 3537/3832/3537
f 3537/3832/3537 3544/3840/3544 3543/3839/3543
f 3544/3840/3544 3537/3832/3537 3472/3761/3472
f 3472/3761/3472 3480/3769/3480 3544/3840/3544
f 3359/3841/3359 3350/3833/3350 3538/3834/3538
f 3538/3834/3538 3545/3842/3545 3359/3841/3359
f 3545/3842/3545 3538/3834/3538 3539/3835/3539
f 3539/3835/3539 3546/3843/3546 3545/3842/3545
f 3546/3843/3546 3539/3835/3539 3540/3836/3540
f 3540/3836/3540 3547/3844/3547 3546/3843/3546
f 3547/3844/3547 3540/3836/3540 3541/3837/3541
f 3541/3837/3541 3548/3845/3548 3547/3844/3547
f 3548/3845/3548 3541/3837/3541 3542/3838/3542
f 3542/3838/3542 3549/3846/3549 3548/3845/3548
f 3549/3846/3549 3542/3838/3542 3543/3839/3543
f 3543/3839/3543 3550/3847/3550 3549/3846/3549
f 3550/3847/3550 3543/3839/3543 3544/3840/3544
f 3544/3840/3544 3551/3848/3551 3550/3847/3550
f 3551/3848/3551 3544/3840/3544 3480/3769/3480
f 3480/3769/3480 3488/3777/3488 3551/3848/3551
f 3360/3649/3360 3359/3648/3359 3552/3849/3552
f 3552/3849/3552 3553/3850/3553 3360/3649/3360
f 3361/3650/3361 3360/3649/3360 3553/3850/3553
f 3553/3850/3553 3554/3851/3554 3361/3650/3361
f 3362/3651/3362 3361/3650/3361 3554/3851/3554
f 3554/3851/3554 3555/3852/3555 3362/3651/3362
f 3363/3652/3363 3362/3651/3362 3555/3852/3555
f 3555/3852/3555 3556/3853/3556 3363/3652/3363
f 3364/3653/3364 3363/3652/3363 3556/3853/3556
f 3556/3853/3556 3557/3854/3557 3364/3653/3364
f 3365/3654/3365 3364/3653/3364 3557/3854/3557
f 3557/3854/3557 3558/3855/3558 3365/3654/3365
f 3366/3655/3366 3365/3654/3365 3558/3855/3558
f 3558/3855/3558 3559/3856/3559 3366/3655/3366
f 3367/3656/3367 3366/3655/3366 3559/3856/3559
f 3559/3856/3559 3560/3857/3560 3367/3656/3367
f 3553/3850/3553 3552/3849/3552 3561/3858/3561
f 3561/3858/3561 3562/3859/3562 3553/3850/3553
f 3554/3851/3554 3553/3850/3553 3562/3859/3562
f 3562/3859/3562 3563/3860/3563 3554/3851/3554
f 3555/3852/3555 3554/3851/3554 3563/3860/3563
f 3563/3860/3563 3564/3861/3564 3555/3852/3555
f 3556/3853/3556 3555/3852/3555 3564/3861/3564
f 3564/3861/3564 3565/3862/3565 3556/3853/3556
f 3557/3854/3557 3556/3853/3556 3565/3862/3565
f 3565/3862/3565 3566/3863/3566 3557/3854/3557
f 3558/3855/3558 3557/3854/3557 3566/3863/3566
f 3566/3863/3566 3567/3864/3567 3558/3855/3558
f 3559/3856/3559 3558/3855/3558 3567/3864/3567
f 3567/3864/3567 3568/3865/3568 3559/3856/3559
f 3560/3857/3560 3559/3856/3559 3568/3865/3568
f 3568/3865/3568 3569/3866/3569 3560/3857/3560
f 3562/3859/3562 3561/3858/3561 3570/3867/3570
f 3570/3867/3570 3571/3868/3571 3562/3859/3562
f 3563/3860/3563 3562/3859/3562 3571/3868/3571
f 3571/3868/3571 3572/3869/3572 3563/3860/3563
f 3564/3861/3564 3563/3860/3563 3572/3869/3572
f 3572/3869/3572 3573/3870/3573 3564/3861/3564
f 3565/3862/3565 3564/3861/3564 3573/3870/3573
f 3573/3870/3573 3574/3871/3574 3565/3862/3565
f 3566/3863/3566 3565/3862/3565 3574/3871/3574
f 3574/3871/3574 3575/3872/3575 3566/3863/3566
f 3567/3864/3567 3566/3863/3566 3575/3872/3575
f 3575/3872/3575 3576/3873/3576 3567/3864/3567
f 3568/3865/3568 3567/3864/3567 3576/3873/3576
f 3576/3873/3576 3577/3874/3577 3568/3865/3568
f 3569/3866/3569 3568/3865/3568 3577/3874/3577
f 3577/3874/3577 3578/3875/3578 3569/3866/3569
f 3571/3868/3571 3570/3867/3570 3579/3876/3579
f 3579/3876/3579 3580/3877/3580 3571/3868/3571
f 3572/3869/3572 3571/3868/3571 3580/3877/3580
f 3580/3877/3580 3581/3878/3581 3572/3869/3572
f 3573/3870/3573 3572/3869/3572 3581/3878/3581
f 3581/3878/3581 3582/3879/3582 3573/3870/3573
f 3574/3871/3574 3573/3870/3573 3582/3879/3582
f 3582/3879/3582 3583/3880/3583 3574/3871/3574
f 3575/3872/3575 3574/3871/3574 3583/3880/3583
f 3583/3880/3583 3584/3881/3584 3575/3872/3575
f 3576/3873/3576 3575/3872/3575 3584/3881/3584
f 3584/3881/3584 3585/3882/3585 3576/3873/3576
f 3577/3874/3577 3576/3873/3576 3585/3882/3585
f 3585/3882/3585 3586/3883/3586 3577/3874/3577
f 3578/3875/3578 3577/3874/3577 3586/3883/3586
f 3586/3883/3586 3587/3884/3587 3578/3875/3578
f 3580/3877/3580 3579/3876/3579 3588/3885/3588
f 3588/3885/3588 3589/3886/3589 3580/3877/3580
f 3581/3878/3581 3580/3877/3580 3589/3886/3589
f 3589/3886/3589 3590/3887/3590 3581/3878/3581
f 3582/3879/3582 3581/3878/3581 3590/3887/3590
f 3590/3887/3590 3591/3888/3591 3582/3879/3582
f 3583/3880/3583 3582/3879/3582 3591/3888/3591
f 3591/3888/3591 3592/3889/3592 3583/3880/3583
f 3584/3881/3584 3583/3880/3583 3592/3889/3592
f 3592/3889/3592 3593/3890/3593 3584/3881/3584
f 3585/3882/3585 3584/3881/3584 3593/3890/3593
f 3593/3890/3593 3594/3891/3594 3585/3882/3585
f 3586/3883/3586 3585/3882/3585 3594/3891/3594
f 3594/3891/3594 3595/3892/3595 3586/3883/3586
f 3587/3884/3587 3586/3883/3586 3595/3892/3595
f 3595/3892/3595 3596/3893/3596 3587/3884/3587
f 3589/3886/3589 3588/3885/3588 3597/3894/3597
f 3597/3894/3597 3598/3895/3598 3589/3886/3589
f 3590/3887/3590 3589/3886/3589 3598/3895/3598
f 3598/3895/3598 3599/3896/3599 3590/3887/3590
f 3591/3888/3591 3590/3887/3590 3599/3896/3599
f 3599/3896/3599 3600/3897/3600 3591/3888/3591
f 3592/3889/3592 3591/3888/3591 3600/3897/3600
f 3600/3897/3600 3601/3898/3601 3592/3889/3592
f 3593/3890/3593 3592/3889/3592 3601/3898/3601
f 3601/3898/3601 3602/3899/3602 3593/3890/3593
f 3594/3891/3594 3593/3890/3593 3602/3899/3602
f 3602/3899/3602 3603/3900/3603 3594/3891/3594
f 3595/3892/3595 3594/3891/3594 3603/3900/3603
f 3603/3900/3603 3604/3901/3604 3595/3892/3595
f 3596/3893/3596 3595/3892/3595 3604/3901/3604
f 3604/3901/3604 3605/3902/3605 3596/3893/3596
f 3598/3895/3598 3597/3894/3597 3606/3903/3606
f 3606/3903/3606 3607/3904/3607 3598/3895/3598
f 3599/3896/3599 3598/3895/3598 3607/3904/3607
f 3607/3904/3607 3608/3905/3608 3599/3896/3599
f 3600/3897/3600 3599/3896/3599 3608/3905/3608
f 3608/3905/3608 3609/3906/3609 3600/3897/3600
f 3601/3898/3601 3600/3897/3600 3609/3906/3609
f 3609/3906/3609 3610/3907/3610 3601/3898/3601
f 3602/3899/3602 3601/3898/3601 3610/3907/3610
f 3610/3907/3610 3611/3908/3611 3602/3899/3602
f 3603/3900/3603 3602/3899/3602 3611/3908/3611
f 3611/3908/3611 3612/3909/3612 3603/3900/3603
f 3604/3901/3604 3603/3900/3603 3612/3909/3612
f 3612/3909/3612 3613/3910/3613 3604/3901/3604
f 3605/3902/3605 3604/3901/3604 3613/3910/3613
f 3613/3910/3613 3614/3911/3614 3605/3902/3605
f 3607/3904/3607 3606/3903/3606 1298/1373/3615
f 1298/1373/3615 1299/1374/3616 3607/3904/3607
f 3608/3905/3608 3607/3904/3607 1299/1374/3616
f 1299/1374/3616 1300/1375/3617 3608/3905/3608
f 3609/3906/3609 3608/3905/3608 1300/1375/3617
f 1300/1375/3617 1301/1376/3618 3609/3906/3609
f 3610/3907/3610 3609/3906/3609 1301/1376/3618
f 1301/1376/3618 1302/1377/3619 3610/3907/3610
f 3611/3908/3611 3610/3907/3610 1302/1377/3619
f 1302/1377/3619 1303/1378/3620 3611/3908/3611
f 3612/3909/3612 3611/3908/3611 1303/1378/3620
f 1303/1378/3620 1304/1379/3621 3612/3909/3612
f 3613/3910/3613 3612/3909/3612 1304/1379/3621
f 1304/1379/3621 1305/1380/3622 3613/3910/3613
f 3614/3911/3614 3613/3910/3613 1305/1380/3622
f 1305/1380/3622 1306/1381/3623 3614/3911/3614
f 3424/3713/3424 3367/3656/3367 3560/3857/3560
f 3560/3857/3560 3615/3912/3624 3424/3713/3424
f 3425/3714/3425 3424/3713/3424 3615/3912/3624
f 3615/3912/3624 3616/3913/3625 3425/3714/3425
f 3426/3715/3426 3425/3714/3425 3616/3913/3625
f 3616/3913/3625 3617/3914/3626 3426/3715/3426
f 3427/3716/3427 3426/3715/3426 3617/3914/3626
f 3617/3914/3626 3618/3915/3627 3427/3716/3427
f 3428/3717/3428 3427/3716/3427 3618/3915/3627
f 3618/3915/3627 3619/3916/3628 3428/3717/3428
f 3429/3718/3429 3428/3717/3428 3619/3916/3628
f 3619/3916/3628 3620/3917/3629 3429/3718/3429
f 3430/3719/3430 3429/3718/3429 3620/3917/3629
f 3620/3917/3629 3621/3918/3630 3430/3719/3430
f 3431/3720/3431 3430/3719/3430 3621/3918/3630
f 3621/3918/3630 3622/3919/3631 3431/3720/3431
f 3615/3912/3624 3560/3857/3560 3569/3866/3569
f 3569/3866/3569 3623/3920/3632 3615/3912/3624
f 3616/3913/3625 3615/3912/3624 3623/3920/3632
f 3623/3920/3632 3624/3921/3633 3616/3913/3625
f 3617/3914/3626 3616/3913/3625 3624/3921/3633
f 3624/3921/3633 3625/3922/3634 3617/3914/3626
f 3618/3915/3627 3617/3914/3626 3625/3922/3634
f 3625/3922/3634 3626/3923/3635 3618/3915/3627
f 3619/3916/3628 3618/3915/3627 3626/3923/3635
f 3626/3923/3635 3627/3924/3636 3619/3916/3628
f 3620/3917/3629 3619/3916/3628 3627/3924/3636
f 3627/3924/3636 3628/3925/3637 3620/3917/3629
f 3621/3918/3630 3620/3917/3629 3628/3925/3637
f 3628/3925/3637 3629/3926/3638 3621/3918/3630
f 3622/3919/3631 3621/3918/3630 3629/3926/3638
f 3629/3926/3638 3630/3927/3639 3622/3919/3631
f 3623/3920/3632 3569/3866/3569 3578/3875/3578
f 3578/3875/3578 3631/3928/3640 3623/3920/3632
f 3624/3921/3633 3623/3920/3632 3631/3928/3640
f 3631/3928/3640 3632/3929/3641 3624/3921/3633
f 3625/3922/3634 3624/3921/3633 3632/3929/3641
f 3632/3929/3641 3633/3930/3642 3625/3922/3634
f 3626/3923/3635 3625/3922/3634 3633/3930/3642
f 3633/3930/3642 3634/3931/3643 3626/3923/3635
f 3627/3924/3636 3626/3923/3635 3634/3931/3643
f 3634/3931/3643 3635/3932/3644 3627/3924/3636
f 3628/3925/3637 3627/3924/3636 3635/3932/3644
f 3635/3932/3644 3636/3933/3645 3628/3925/3637
f 3629/3926/3638 3628/3925/3637 3636/3933/3645
f 3636/3933/3645 3637/3934/3646 3629/3926/3638
f 3630/3927/3639 3629/3926/3638 3637/3934/3646
f 3637/3934/3646 3638/3935/3647 3630/3927/3639
f 3631/3928/3640 3578/3875/3578 3587/3884/3587
f 3587/3884/3587 3639/3936/3648 3631/3928/3640
f 3632/3929/3641 3631/3928/3640 3639/3936/3648
f 3639/3936/3648 3640/3937/3649 3632/3929/3641
f 3633/3930/3642 3632/3929/3641 3640/3937/3649
f 3640/3937/3649 3641/3938/3650 3633/3930/3642
f 3634/3931/3643 3633/3930/3642 3641/3938/3650
f 3641/3938/3650 3642/3939/3651 3634/3931/3643
f 3635/3932/3644 3634/3931/3643 3642/3939/3651
f 3642/3939/3651 3643/3940/3652 3635/3932/3644
f 3636/3933/3645 3635/3932/3644 3643/3940/3652
f 3643/3940/3652 3644/3941/3653 3636/3933/3645
f 3637/3934/3646 3636/3933/3645 3644/3941/3653
f 3644/3941/3653 3645/3942/3654 3637/3934/3646
f 3638/3935/3647 3637/3934/3646 3645/3942/3654
f 3645/3942/3654 3646/3943/3655 3638/3935/3647
f 3639/3936/3648 3587/3884/3587 3596/3893/3596
f 3596/3893/3596 3647/3944/3656 3639/3936/3648
f 3640/3937/3649 3639/3936/3648 3647/3944/3656
f 3647/3944/3656 3648/3945/3657 3640/3937/3649
f 3641/3938/3650 3640/3937/3649 3648/3945/3657
f 3648/3945/3657 3649/3946/3658 3641/3938/3650
f 3642/3939/3651 3641/3938/3650 3649/3946/3658
f 3649/3946/3658 3650/3947/3659 3642/3939/3651
f 3643/3940/3652 3642/3939/3651 3650/3947/3659
f 3650/3947/3659 3651/3948/3660 3643/3940/3652
f 3644/3941/3653 3643/3940/3652 3651/3948/3660
f 3651/3948/3660 3652/3949/3661 3644/3941/3653
f 3645/3942/3654 3644/3941/3653 3652/3949/3661
f 3652/3949/3661 3653/3950/3662 3645/3942/3654
f 3646/3943/3655 3645/3942/3654 3653/3950/3662
f 3653/3950/3662 3654/3951/3663 3646/3943/3655
f 3647/3944/3656 3596/3893/3596 3605/3902/3605
f 3605/3902/3605 3655/3952/3664 3647/3944/3656
f 3648/3945/3657 3647/3944/3656 3655/3952/3664
f 3655/3952/3664 3656/3953/3665 3648/3945/3657
f 3649/3946/3658 3648/3945/3657 3656/3953/3665
f 3656/3953/3665 3657/3954/3666 3649/3946/3658
f 3650/3947/3659 3649/3946/3658 3657/3954/3666
f 3657/3954/3666 3658/3955/3667 3650/3947/3659
f 3651/3948/3660 3650/3947/3659 3658/3955/3667
f 3658/3955/3667 3659/3956/3668 3651/3948/3660
f 3652/3949/3661 3651/3948/3660 3659/3956/3668
f 3659/3956/3668 3660/3957/3669 3652/3949/3661
f 3653/3950/3662 3652/3949/3661 3660/3957/3669
f 3660/3957/3669 3661/3958/3670 3653/3950/3662
f 3654/3951/3663 3653/3950/3662 3661/3958/3670
f 3661/3958/3670 3662/3959/3671 3654/3951/3663
f 3655/3952/3664 3605/3902/3605 3614/3911/3614
f 3614/3911/3614 3663/3960/3672 3655/3952/3664
f 3656/3953/3665 3655/3952/3664 3663/3960/3672
f 3663/3960/3672 3664/3961/3673 3656/3953/3665
f 3657/3954/3666 3656/3953/3665 3664/3961/3673
f 3664/3961/3673 3665/3962/3674 3657/3954/3666
f 3658/3955/3667 3657/3954/3666 3665/3962/3674
f 3665/3962/3674 3666/3963/3675 3658/3955/3667
f 3659/3956/3668 3658/3955/3667 3666/3963/3675
f 3666/3963/3675 3667/3964/3676 3659/3956/3668
f 3660/3957/3669 3659/3956/3668 3667/3964/3676
f 3667/3964/3676 3668/3965/3677 3660/3957/3669
f 3661/3958/3670 3660/3957/3669 3668/3965/3677
f 3668/3965/3677 3669/3966/3678 3661/3958/3670
f 3662/3959/3671 3661/3958/3670 3669/3966/3678
f 3669/3966/3678 3670/3967/3679 3662/3959/3671
f 3663/3960/3672 3614/3911/3614 1306/1381/3623
f 1306/1381/3623 1379/1454/3680 3663/3960/3672
f 3664/3961/3673 3663/3960/3672 1379/1454/3680
f 1379/1454/3680 1380/1455/3681 3664/3961/3673
f 3665/3962/3674 3664/3961/3673 1380/1455/3681
f 1380/1455/3681 1381/1456/3682 3665/3962/3674
f 3666/3963/3675 3665/3962/3674 1381/1456/3682
f 1381/1456/3682 1382/1457/3683 3666/3963/3675
f 3667/3964/3676 3666/3963/3675 1382/1457/3683
f 1382/1457/3683 1383/1458/3684 3667/3964/3676
f 3668/3965/3677 3667/3964/3676 1383/1458/3684
f 1383/1458/3684 1384/1459/3685 3668/3965/3677
f 3669/3966/3678 3668/3965/3677 1384/1459/3685
f 1384/1459/3685 1385/1460/3686 3669/3966/3678
f 3670/3967/3679 3669/3966/3678 1385/1460/3686
f 1385/1460/3686 1386/1461/3687 3670/3967/3679
f 3671/3968/3688 3488/3777/3488 3489/3778/3489
f 3489/3778/3489 3672/3969/3689 3671/3968/3688
f 3672/3969/3689 3489/3778/3489 3490/3779/3490
f 3490/3779/3490 3673/3970/3690 3672/3969/3689
f 3673/3970/3690 3490/3779/3490 3491/3780/3491
f 3491/3780/3491 3674/3971/3691 3673/3970/3690
f 3674/3971/3691 3491/3780/3491 3492/3781/3492
f 3492/3781/3492 3675/3972/3692 3674/3971/3691
f 3675/3972/3692 3492/3781/3492 3493/3782/3493
f 3493/3782/3493 3676/3973/3693 3675/3972/3692
f 3676/3973/3693 3493/3782/3493 3494/3783/3494
f 3494/3783/3494 3677/3974/3694 3676/3973/3693
f 3677/3974/3694 3494/3783/3494 3495/3784/3495
f 3495/3784/3495 3678/3975/3695 3677/3974/3694
f 3678/3975/3695 3495/3784/3495 3431/3720/3431
f 3431/3720/3431 3622/3919/3631 3678/3975/3695
f 3679/3976/3696 3671/3968/3688 3672/3969/3689
f 3672/3969/3689 3680/3977/3697 3679/3976/3696
f 3680/3977/3697 3672/3969/3689 3673/3970/3690
f 3673/3970/3690 3681/3978/3698 3680/3977/3697
f 3681/3978/3698 3673/3970/3690 3674/3971/3691
f 3674/3971/3691 3682/3979/3699 3681/3978/3698
f 3682/3979/3699 3674/3971/3691 3675/3972/3692
f 3675/3972/3692 3683/3980/3700 3682/3979/3699
f 3683/3980/3700 3675/3972/3692 3676/3973/3693
f 3676/3973/3693 3684/3981/3701 3683/3980/3700
f 3684/3981/3701 3676/3973/3693 3677/3974/3694
f 3677/3974/3694 3685/3982/3702 3684/3981/3701
f 3685/3982/3702 3677/3974/3694 3678/3975/3695
f 3678/3975/3695 3686/3983/3703 3685/3982/3702
f 3686/3983/3703 3678/3975/3695 3622/3919/3631
f 3622/3919/3631 3630/3927/3639 3686/3983/3703
f 3687/3984/3704 3679/3976/3696 3680/3977/3697
f 3680/3977/3697 3688/3985/3705 3687/3984/3704
f 3688/3985/3705 3680/3977/3697 3681/3978/3698
f 3681/3978/3698 3689/3986/3706 3688/3985/3705
f 3689/3986/3706 3681/3978/3698 3682/3979/3699
f 3682/3979/3699 3690/3987/3707 3689/3986/3706
f 3690/3987/3707 3682/3979/3699 3683/3980/3700
f 3683/3980/3700 3691/3988/3708 3690/3987/3707
f 3691/3988/3708 3683/3980/3700 3684/3981/3701
f 3684/3981/3701 3692/3989/3709 3691/3988/3708
f 3692/3989/3709 3684/3981/3701 3685/3982/3702
f 3685/3982/3702 3693/3990/3710 3692/3989/3709
f 3693/3990/3710 3685/3982/3702 3686/3983/3703
f 3686/3983/3703 3694/3991/3711 3693/3990/3710
f 3694/3991/3711 3686/3983/3703 3630/3927/3639
f 3630/3927/3639 3638/3935/3647 3694/3991/3711
f 3695/3992/3712 3687/3984/3704 3688/3985/3705
f 3688/3985/3705 3696/3993/3713 3695/3992/3712
f 3696/3993/3713 3688/3985/3705 3689/3986/3706
f 3689/3986/3706 3697/3994/3714 3696/3993/3713
f 3697/3994/3714 3689/3986/3706 3690/3987/3707
f 3690/3987/3707 3698/3995/3715 3697/3994/3714
f 3698/3995/3715 3690/3987/3707 3691/3988/3708
f 3691/3988/3708 3699/3996/3716 3698/3995/3715
f 3699/3996/3716 3691/3988/3708 3692/3989/3709
f 3692/3989/3709 3700/3997/3717 3699/3996/3716
f 3700/3997/3717 3692/3989/3709 3693/3990/3710
f 3693/3990/3710 3701/3998/3718 3700/3997/3717
f 3701/3998/3718 3693/3990/3710 3694/3991/3711
f 3694/3991/3711 3702/3999/3719 3701/3998/3718
f 3702/3999/3719 3694/3991/3711 3638/3935/3647
f 3638/3935/3647 3646/3943/3655 3702/3999/3719
f 3703/4000/3720 3695/3992/3712 3696/3993/3713
f 3696/3993/3713 3704/4001/3721 3703/4000/3720
f 3704/4001/3721 3696/3993/3713 3697/3994/3714
f 3697/3994/3714 3705/4002/3722 3704/4001/3721
f 3705/4002/3722 3697/3994/3714 3698/3995/3715
f 3698/3995/3715 3706/4003/3723 3705/4002/3722
f 3706/4003/3723 3698/3995/3715 3699/3996/3716
f 3699/3996/3716 3707/4004/3724 3706/4003/3723
f 3707/4004/3724 3699/3996/3716 3700/3997/3717
f 3700/3997/3717 3708/4005/3725 3707/4004/3724
f 3708/4005/3725 3700/3997/3717 3701/3998/3718
f 3701/3998/3718 3709/4006/3726 3708/4005/3725
f 3709/4006/3726 3701/3998/3718 3702/3999/3719
f 3702/3999/3719 3710/4007/3727 3709/4006/3726
f 3710/4007/3727 3702/3999/3719 3646/3943/3655
f 3646/3943/3655 3654/3951/3663 3710/4007/3727
f 3711/4008/3728 3703/4000/3720 3704/4001/3721
f 3704/4001/3721 3712/4009/3729 3711/4008/3728
f 3712/4009/3729 3704/4001/3721 3705/4002/3722
f 3705/4002/3722 3713/4010/3730 3712/4009/3729
f 3713/4010/3730 3705/4002/3722 3706/4003/3723
f 3706/4003/3723 3714/4011/3731 3713/4010/3730
f 3714/4011/3731 3706/4003/3723 3707/4004/3724
f 3707/4004/3724 3715/4012/3732 3714/4011/3731
f 3715/4012/3732 3707/4004/3724 3708/4005/3725
f 3708/4005/3725 3716/4013/3733 3715/4012/3732
f 3716/4013/3733 3708/4005/3725 3709/4006/3726
f 3709/4006/3726 3717/4014/3734 3716/4013/3733
f 3717/4014/3734 3709/4006/3726 3710/4007/3727
f 3710/4007/3727 3718/4015/3735 3717/4014/3734
f 3718/4015/3735 3710/4007/3727 3654/3951/3663
f 3654/3951/3663 3662/3959/3671 3718/4015/3735
f 3719/4016/3736 3711/4008/3728 3712/4009/3729
f 3712/4009/3729 3720/4017/3737 3719/4016/3736
f 3720/4017/3737 3712/4009/3729 3713/4010/3730
f 3713/4010/3730 3721/4018/3738 3720/4017/3737
f 3721/4018/3738 3713/4010/3730 3714/4011/3731
f 3714/4011/3731 3722/4019/3739 3721/4018/3738
f 3722/4019/3739 3714/4011/3731 3715/4012/3732
f 3715/4012/3732 3723/4020/3740 3722/4019/3739
f 3723/4020/3740 3715/4012/3732 3716/4013/3733
f 3716/4013/3733 3724/4021/3741 3723/4020/3740
f 3724/4021/3741 3716/4013/3733 3717/4014/3734
f 3717/4014/3734 3725/4022/3742 3724/4021/3741
f 3725/4022/3742 3717/4014/3734 3718/4015/3735
f 3718/4015/3735 3726/4023/3743 3725/4022/3742
f 3726/4023/3743 3718/4015/3735 3662/3959/3671
f 3662/3959/3671 3670/3967/3679 3726/4023/3743
f 1451/1526/3744 3719/4016/3736 3720/4017/3737
f 3720/4017/3737 1452/1527/3745 1451/1526/3744
f 1452/1527/3745 3720/4017/3737 3721/4018/3738
f 3721/4018/3738 1453/1528/3746 1452/1527/3745
f 1453/1528/3746 3721/4018/3738 3722/4019/3739
f 3722/4019/3739 1454/1529/3747 1453/1528/3746
f 1454/1529/3747 3722/4019/3739 3723/4020/3740
f 3723/4020/3740 1455/1530/3748 1454/1529/3747
f 1455/1530/3748 3723/4020/3740 3724/4021/3741
f 3724/4021/3741 1456/1531/3749 1455/1530/3748
f 1456/1531/3749 3724/4021/3741 3725/4022/3742
f 3725/4022/3742 1457/1532/3750 1456/1531/3749
f 1457/1532/3750 3725/4022/3742 3726/4023/3743
f 3726/4023/3743 1458/1533/3751 1457/1532/3750
f 1458/1533/3751 3726/4023/3743 3670/3967/3679
f 3670/3967/3679 1386/1461/3687 1458/1533/3751
f 3552/4024/3552 3359/3841/3359 3545/3842/3545
f 3545/3842/3545 3727/4025/3752 3552/4024/3552
f 3727/4025/3752 3545/3842/3545 3546/3843/3546
f 3546/3843/3546 3728/4026/3753 3727/4025/3752
f 3728/4026/3753 3546/3843/3546 3547/3844/3547
f 3547/3844/3547 3729/4027/3754 3728/4026/3753
f 3729/4027/3754 3547/3844/3547 3548/3845/3548
f 3548/3845/3548 3730/4028/3755 3729/4027/3754
f 3730/4028/3755 3548/3845/3548 3549/3846/3549
f 3549/3846/3549 3731/4029/3756 3730/4028/3755
f 3731/4029/3756 3549/3846/3549 3550/3847/3550
f 3550/3847/3550 3732/4030/3757 3731/4029/3756
f 3732/4030/3757 3550/3847/3550 3551/3848/3551
f 3551/3848/3551 3733/4031/3758 3732/4030/3757
f 3733/4031/3758 3551/3848/3551 3488/3777/3488
f 3488/3777/3488 3671/3968/3688 3733/4031/3758
f 3561/4032/3561 3552/4024/3552 3727/4025/3752
f 3727/4025/3752 3734/4033/3759 3561/4032/3561
f 3734/4033/3759 3727/4025/3752 3728/4026/3753
f 3728/4026/3753 3735/4034/3760 3734/4033/3759
f 3735/4034/3760 3728/4026/3753 3729/4027/3754
f 3729/4027/3754 3736/4035/3761 3735/4034/3760
f 3736/4035/3761 3729/4027/3754 3730/4028/3755
f 3730/4028/3755 3737/4036/3762 3736/4035/3761
f 3737/4036/3762 3730/4028/3755 3731/4029/3756
f 3731/4029/3756 3738/4037/3763 3737/4036/3762
f 3738/4037/3763 3731/4029/3756 3732/4030/3757
f 3732/4030/3757 3739/4038/3764 3738/4037/3763
f 3739/4038/3764 3732/4030/3757 3733/4031/3758
f 3733/4031/3758 3740/4039/3765 3739/4038/3764
f 3740/4039/3765 3733/4031/3758 3671/3968/3688
f 3671/3968/3688 3679/3976/3696 3740/4039/3765
f 3570/4040/3570 3561/4032/3561 3734/4033/3759
f 3734/4033/3759 3741/4041/3766 3570/4040/3570
f 3741/4041/3766 3734/4033/3759 3735/4034/3760
f 3735/4034/3760 3742/4042/3767 3741/4041/3766
f 3742/4042/3767 3735/4034/3760 3736/4035/3761
f 3736/4035/3761 3743/4043/3768 3742/4042/3767
f 3743/4043/3768 3736/4035/3761 3737/4036/3762
f 3737/4036/3762 3744/4044/3769 3743/4043/3768
f 3744/4044/3769 3737/4036/3762 3738/4037/3763
f 3738/4037/3763 3745/4045/3770 3744/4044/3769
f 3745/4045/3770 3738/4037/3763 3739/4038/3764
f 3739/4038/3764 3746/4046/3771 3745/4045/3770
f 3746/4046/3771 3739/4038/3764 3740/4039/3765
f 3740/4039/3765 3747/4047/3772 3746/4046/3771
f 3747/4047/3772 3740/4039/3765 3679/3976/3696
f 3679/3976/3696 3687/3984/3704 3747/4047/3772
f 3579/4048/3579 3570/4040/3570 3741/4041/3766
f 3741/4041/3766 3748/4049/3773 3579/4048/3579
f 3748/4049/3773 3741/4041/3766 3742/4042/3767
f 3742/4042/3767 3749/4050/3774 3748/4049/3773
f 3749/4050/3774 3742/4042/3767 3743/4043/3768
f 3743/4043/3768 3750/4051/3775 3749/4050/3774
f 3750/4051/3775 3743/4043/3768 3744/4044/3769
f 3744/4044/3769 3751/4052/3776 3750/4051/3775
f 3751/4052/3776 3744/4044/3769 3745/4045/3770
f 3745/4045/3770 3752/4053/3777 3751/4052/3776
f 3752/4053/3777 3745/4045/3770 3746/4046/3771
f 3746/4046/3771 3753/4054/3778 3752/4053/3777
f 3753/4054/3778 3746/4046/3771 3747/4047/3772
f 3747/4047/3772 3754/4055/3779 3753/4054/3778
f 3754/4055/3779 3747/4047/3772 3687/3984/3704
f 3687/3984/3704 3695/3992/3712 3754/4055/3779
f 3588/4056/3588 3579/4048/3579 3748/4049/3773
f 3748/4049/3773 3755/4057/3780 3588/4056/3588
f 3755/4057/3780 3748/4049/3773 3749/4050/3774
f 3749/4050/3774 3756/4058/3781 3755/4057/3780
f 3756/4058/3781 3749/4050/3774 3750/4051/3775
f 3750/4051/3775 3757/4059/3782 3756/4058/3781
f 3757/4059/3782 3750/4051/3775 3751/4052/3776
f 3751/4052/3776 3758/4060/3783 3757/4059/3782
f 3758/4060/3783 3751/4052/3776 3752/4053/3777
f 3752/4053/3777 3759/4061/3784 3758/4060/3783
f 3759/4061/3784 3752/4053/3777 3753/4054/3778
f 3753/4054/3778 3760/4062/3785 3759/4061/3784
f 3760/4062/3785 3753/4054/3778 3754/4055/3779
f 3754/4055/3779 3761/4063/3786 3760/4062/3785
f 3761/4063/3786 3754/4055/3779 3695/3992/3712
f 3695/3992/3712 3703/4000/3720 3761/4063/3786
f 3597/4064/3597 3588/4056/3588 3755/4057/3780
f 3755/4057/3780 3762/4065/3787 3597/4064/3597
f 3762/4065/3787 3755/4057/3780 3756/4058/3781
f 3756/4058/3781 3763/4066/3788 3762/4065/3787
f 3763/4066/3788 3756/4058/3781 3757/4059/3782
f 3757/4059/3782 3764/4067/3789 3763/4066/3788
f 3764/4067/3789 3757/4059/3782 3758/4060/3783
f 3758/4060/3783 3765/4068/3790 3764/4067/3789
f 3765/4068/3790 3758/4060/3783 3759/4061/3784
f 3759/4061/3784 3766/4069/3791 3765/4068/3790
f 3766/4069/3791 3759/4061/3784 3760/4062/3785
f 3760/4062/3785 3767/4070/3792 3766/4069/3791
f 3767/4070/3792 3760/4062/3785 3761/4063/3786
f 3761/4063/3786 3768/4071/3793 3767/4070/3792
f 3768/4071/3793 3761/4063/3786 3703/4000/3720
f 3703/4000/3720 3711/4008/3728 3768/4071/3793
f 3606/4072/3606 3597/4064/3597 3762/4065/3787
f 3762/4065/3787 3769/4073/3794 3606/4072/3606
f 3769/4073/3794 3762/4065/3787 3763/4066/3788
f 3763/4066/3788 3770/4074/3795 3769/4073/3794
f 3770/4074/3795 3763/4066/3788 3764/4067/3789
f 3764/4067/3789 3771/4075/3796 3770/4074/3795
f 3771/4075/3796 3764/4067/3789 3765/4068/3790
f 3765/4068/3790 3772/4076/3797 3771/4075/3796
f 3772/4076/3797 3765/4068/3790 3766/4069/3791
f 3766/4069/3791 3773/4077/3798 3772/4076/3797
f 3773/4077/3798 3766/4069/3791 3767/4070/3792
f 3767/4070/3792 3774/4078/3799 3773/4077/3798
f 3774/4078/3799 3767/4070/3792 3768/4071/3793
f 3768/4071/3793 3775/4079/3800 3774/4078/3799
f 3775/4079/3800 3768/4071/3793 3711/4008/3728
f 3711/4008/3728 3719/4016/3736 3775/4079/3800
f 1298/1598/3615 3606/4072/3606 3769/4073/3794
f 3769/4073/3794 1523/1599/3801 1298/1598/3615
f 1523/1599/3801 3769/4073/3794 3770/4074/3795
f 3770/4074/3795 1524/1600/3802 1523/1599/3801
f 1524/1600/3802 3770/4074/3795 3771/4075/3796
f 3771/4075/3796 1525/1601/3803 1524/1600/3802
f 1525/1601/3803 3771/4075/3796 3772/4076/3797
f 3772/4076/3797 1526/1602/3804 1525/1601/3803
f 1526/1602/3804 3772/4076/3797 3773/4077/3798
f 3773/4077/3798 1527/1603/3805 1526/1602/3804
f 1527/1603/3805 3773/4077/3798 3774/4078/3799
f 3774/4078/3799 1528/1604/3806 1527/1603/3805
f 1528/1604/3806 3774/4078/3799 3775/4079/3800
f 3775/4079/3800 1529/1605/3807 1528/1604/3806
f 1529/1605/3807 3775/4079/3800 3719/4016/3736
f 3719/4016/3736 1451/1526/3744 1529/1605/3807
f 1106/4081/3809 1105/4080/3808 3776/4089/3817
f 3776/4089/3817 3777/4090/3818 1106/4081/3809
f 1107/4082/3810 1106/4081/3809 3777/4090/3818
f 3777/4090/3818 3778/4091/3819 1107/4082/3810
f 1108/4083/3811 1107/4082/3810 3778/4091/3819
f 3778/4091/3819 3779/4092/3820 1108/4083/3811
f 1109/4084/3812 1108/4083/3811 3779/4092/3820
f 3779/4092/3820 3780/4093/3821 1109/4084/3812
f 1110/4085/3813 1109/4084/3812 3780/4093/3821
f 3780/4093/3821 3781/4094/3822 1110/4085/3813
f 1111/4086/3814 1110/4085/3813 3781/4094/3822
f 3781/4094/3822 3782/4095/3823 1111/4086/3814
f 1112/4087/3815 1111/4086/3814 3782/4095/3823
f 3782/4095/3823 3783/4096/3824 1112/4087/3815
f 1113/4088/3816 1112/4087/3815 3783/4096/3824
f 3783/4096/3824 3784/4097/3825 1113/4088/3816
f 3777/4090/3818 3776/4089/3817 3785/4098/3826
f 3785/4098/3826 3786/4099/3827 3777/4090/3818
f 3778/4091/3819 3777/4090/3818 3786/4099/3827
f 3786/4099/3827 3787/4100/3828 3778/4091/3819
f 3779/4092/3820 3778/4091/3819 3787/4100/3828
f 3787/4100/3828 3788/4101/3829 3779/4092/3820
f 3780/4093/3821 3779/4092/3820 3788/4101/3829
f 3788/4101/3829 3789/4102/3830 3780/4093/3821
f 3781/4094/3822 3780/4093/3821 3789/4102/3830
f 3789/4102/3830 3790/4103/3831 3781/4094/3822
f 3782/4095/3823 3781/4094/3822 3790/4103/3831
f 3790/4103/3831 3791/4104/3832 3782/4095/3823
f 3783/4096/3824 3782/4095/3823 3791/4104/3832
f 3791/4104/3832 3792/4105/3833 3783/4096/3824
f 3784/4097/3825 3783/4096/3824 3792/4105/3833
f 3792/4105/3833 3793/4106/3834 3784/4097/3825
f 3786/4099/3827 3785/4098/3826 3794/4107/3835
f 3794/4107/3835 3795/4108/3836 3786/4099/3827
f 3787/4100/3828 3786/4099/3827 3795/4108/3836
f 3795/4108/3836 3796/4109/3837 3787/4100/3828
f 3788/4101/3829 3787/4100/3828 3796/4109/3837
f 3796/4109/3837 3797/4110/3838 3788/4101/3829
f 3789/4102/3830 3788/4101/3829 3797/4110/3838
f 3797/4110/3838 3798/4111/3839 3789/4102/3830
f 3790/4103/3831 3789/4102/3830 3798/4111/3839
f 3798/4111/3839 3799/4112/3840 3790/4103/3831
f 3791/4104/3832 3790/4103/3831 3799/4112/3840
f 3799/4112/3840 3800/4113/3841 3791/4104/3832
f 3792/4105/3833 3791/4104/3832 3800/4113/3841
f 3800/4113/3841 3801/4114/3842 3792/4105/3833
f 3793/4106/3834 3792/4105/3833 3801/4114/3842
f 3801/4114/3842 3802/4115/3843 3793/4106/3834
f 3795/4108/3836 3794/4107/3835 3803/4116/3844
f 3803/4116/3844 3804/4117/3845 3795/4108/3836
f 3796/4109/3837 3795/4108/3836 3804/4117/3845
f 3804/4117/3845 3805/4118/3846 3796/4109/3837
f 3797/4110/3838 3796/4109/3837 3805/4118/3846
f 3805/4118/3846 3806/4119/3847 3797/4110/3838
f 3798/4111/3839 3797/4110/3838 3806/4119/3847
f 3806/4119/3847 3807/4120/3848 3798/4111/3839
f 3799/4112/3840 3798/4111/3839 3807/4120/3848
f 3807/4120/3848 3808/4121/3849 3799/4112/3840
f 3800/4113/3841 3799/4112/3840 3808/4121/3849
f 3808/4121/3849 3809/4122/3850 3800/4113/3841
f 3801/4114/3842 3800/4113/3841 3809/4122/3850
f 3809/4122/3850 3810/4123/3851 3801/4114/3842
f 3802/4115/3843 3801/4114/3842 3810/4123/3851
f 3810/4123/3851 3811/4124/3852 3802/4115/3843
f 3804/4117/3845 3803/4116/3844 3812/4125/3853
f 3812/4125/3853 3813/4126/3854 3804/4117/3845
f 3805/4118/3846 3804/4117/3845 3813/4126/3854
f 3813/4126/3854 3814/4127/3855 3805/4118/3846
f 3806/4119/3847 3805/4118/3846 3814/4127/3855
f 3814/4127/3855 3815/4128/3856 3806/4119/3847
f 3807/4120/3848 3806/4119/3847 3815/4128/3856
f 3815/4128/3856 3816/4129/3857 3807/4120/3848
f 3808/4121/3849 3807/4120/3848 3816/4129/3857
f 3816/4129/3857 3817/4130/3858 3808/4121/3849
f 3809/4122/3850 3808/4121/3849 3817/4130/3858
f 3817/4130/3858 3818/4131/3859 3809/4122/3850
f 3810/4123/3851 3809/4122/3850 3818/4131/3859
f 3818/4131/3859 3819/4132/3860 3810/4123/3851
f 3811/4124/3852 3810/4123/3851 3819/4132/3860
f 3819/4132/3860 3820/4133/3861 3811/4124/3852
f 3813/4126/3854 3812/4125/3853 3821/4134/3862
f 3821/4134/3862 3822/4135/3863 3813/4126/3854
f 3814/4127/3855 3813/4126/3854 3822/4135/3863
f 3822/4135/3863 3823/4136/3864 3814/4127/3855
f 3815/4128/3856 3814/4127/3855 3823/4136/3864
f 3823/4136/3864 3824/4137/3865 3815/4128/3856
f 3816/4129/3857 3815/4128/3856 3824/4137/3865
f 3824/4137/3865 3825/4138/3866 3816/4129/3857
f 3817/4130/3858 3816/4129/3857 3825/4138/3866
f 3825/4138/3866 3826/4139/3867 3817/4130/3858
f 3818/4131/3859 3817/4130/3858 3826/4139/3867
f 3826/4139/3867 3827/4140/3868 3818/4131/3859
f 3819/4132/3860 3818/4131/3859 3827/4140/3868
f 3827/4140/3868 3828/4141/3869 3819/4132/3860
f 3820/4133/3861 3819/4132/3860 3828/4141/3869
f 3828/4141/3869 3829/4142/3870 3820/4133/3861
f 3822/4135/3863 3821/4134/3862 3830/4143/3871
f 3830/4143/3871 3831/4144/3872 3822/4135/3863
f 3823/4136/3864 3822/4135/3863 3831/4144/3872
f 3831/4144/3872 3832/4145/3873 3823/4136/3864
f 3824/4137/3865 3823/4136/3864 3832/4145/3873
f 3832/4145/3873 3833/4146/3874 3824/4137/3865
f 3825/4138/3866 3824/4137/3865 3833/4146/3874
f 3833/4146/3874 3834/4147/3875 3825/4138/3866
f 3826/4139/3867 3825/4138/3866 3834/4147/3875
f 3834/4147/3875 3835/4148/3876 3826/4139/3867
f 3827/4140/3868 3826/4139/3867 3835/4148/3876
f 3835/4148/3876 3836/4149/3877 3827/4140/3868
f 3828/4141/3869 3827/4140/3868 3836/4149/3877
f 3836/4149/3877 3837/4150/3878 3828/4141/3869
f 3829/4142/3870 3828/4141/3869 3837/4150/3878
f 3837/4150/3878 3838/4151/3879 3829/4142/3870
f 3831/4144/3872 3830/4143/3871 3839/4152/3880
f 3839/4152/3880 3840/4153/3881 3831/4144/3872
f 3832/4145/3873 3831/4144/3872 3840/4153/3881
f 3840/4153/3881 3841/4154/3882 3832/4145/3873
f 3833/4146/3874 3832/4145/3873 3841/4154/3882
f 3841/4154/3882 3842/4155/3883 3833/4146/3874
f 3834/4147/3875 3833/4146/3874 3842/4155/3883
f 3842/4155/3883 3843/4156/3884 3834/4147/3875
f 3835/4148/3876 3834/4147/3875 3843/4156/3884
f 3843/4156/3884 3844/4157/3885 3835/4148/3876
f 3836/4149/3877 3835/4148/3876 3844/4157/3885
f 3844/4157/3885 3845/4158/3886 3836/4149/3877
f 3837/4150/3878 3836/4149/3877 3845/4158/3886
f 3845/4158/3886 3846/4159/3887 3837/4150/3878
f 3838/4151/3879 3837/4150/3878 3846/4159/3887
f 3846/4159/3887 3847/4160/3888 3838/4151/3879
f 1170/4161/3889 1113/4088/3816 3784/4097/3825
f 3784/4097/3825 3848/4169/3897 1170/4161/3889
f 1171/4162/3890 1170/4161/3889 3848/4169/3897
f 3848/4169/3897 3849/4170/3898 1171/4162/3890
f 1172/4163/3891 1171/4162/3890 3849/4170/3898
f 3849/4170/3898 3850/4171/3899 1172/4163/3891
f 1173/4164/3892 1172/4163/3891 3850/4171/3899
f 3850/4171/3899 3851/4172/3900 1173/4164/3892
f 1174/4165/3893 1173/4164/3892 3851/4172/3900
f 3851/4172/3900 3852/4173/3901 1174/4165/3893
f 1175/4166/3894 1174/4165/3893 3852/4173/3901
f 3852/4173/3901 3853/4174/3902 1175/4166/3894
f 1176/4167/3895 1175/4166/3894 3853/4174/3902
f 3853/4174/3902 3854/4175/3903 1176/4167/3895
f 1177/4168/3896 1176/4167/3895 3854/4175/3903
f 3854/4175/3903 3855/4176/3904 1177/4168/3896
f 3848/4169/3897 3784/4097/3825 3793/4106/3834
f 3793/4106/3834 3856/4177/3905 3848/4169/3897
f 3849/4170/3898 3848/4169/3897 3856/4177/3905
f 3856/4177/3905 3857/4178/3906 3849/4170/3898
f 3850/4171/3899 3849/4170/3898 3857/4178/3906
f 3857/4178/3906 3858/4179/3907 3850/4171/3899
f 3851/4172/3900 3850/4171/3899 3858/4179/3907
f 3858/4179/3907 3859/4180/3908 3851/4172/3900
f 3852/4173/3901 3851/4172/3900 3859/4180/3908
f 3859/4180/3908 3860/4181/3909 3852/4173/3901
f 3853/4174/3902 3852/4173/3901 3860/4181/3909
f 3860/4181/3909 3861/4182/3910 3853/4174/3902
f 3854/4175/3903 3853/4174/3902 3861/4182/3910
f 3861/4182/3910 3862/4183/3911 3854/4175/3903
f 3855/4176/3904 3854/4175/3903 3862/4183/3911
f 3862/4183/3911 3863/4184/3912 3855/4176/3904
f 3856/4177/3905 3793/4106/3834 3802/4115/3843
f 3802/4115/3843 3864/4185/3913 3856/4177/3905
f 3857/4178/3906 3856/4177/3905 3864/4185/3913
f 3864/4185/3913 3865/4186/3914 3857/4178/3906
f 3858/4179/3907 3857/4178/3906 3865/4186/3914
f 3865/4186/3914 3866/4187/3915 3858/4179/3907
f 3859/4180/3908 3858/4179/3907 3866/4187/3915
f 3866/4187/3915 3867/4188/3916 3859/4180/3908
f 3860/4181/3909 3859/4180/3908 3867/4188/3916
f 3867/4188/3916 3868/4189/3917 3860/4181/3909
f 3861/4182/3910 3860/4181/3909 3868/4189/3917
f 3868/4189/3917 3869/4190/3918 3861/4182/3910
f 3862/4183/3911 3861/4182/3910 3869/4190/3918
f 3869/4190/3918 3870/4191/3919 3862/4183/3911
f 3863/4184/3912 3862/4183/3911 3870/4191/3919
f 3870/4191/3919 3871/4192/3920 3863/4184/3912
f 3864/4185/3913 3802/4115/3843 3811/4124/3852
f 3811/4124/3852 3872/4193/3921 3864/4185/3913
f 3865/4186/3914 3864/4185/3913 3872/4193/3921
f 3872/4193/3921 3873/4194/3922 3865/4186/3914
f 3866/4187/3915 3865/4186/3914 3873/4194/3922
f 3873/4194/3922 3874/4195/3923 3866/4187/3915
f 3867/4188/3916 3866/4187/3915 3874/4195/3923
f 3874/4195/3923 3875/4196/3924 3867/4188/3916
f 3868/4189/3917 3867/4188/3916 3875/4196/3924
f 3875/4196/3924 3876/4197/3925 3868/4189/3917
f 3869/4190/3918 3868/4189/3917 3876/4197/3925
f 3876/4197/3925 3877/4198/3926 3869/4190/3918
f 3870/4191/3919 3869/4190/3918 3877/4198/3926
f 3877/4198/3926 3878/4199/3927 3870/4191/3919
f 3871/4192/3920 3870/4191/3919 3878/4199/3927
f 3878/4199/3927 3879/4200/3928 3871/4192/3920
f 3872/4193/3921 3811/4124/3852 3820/4133/3861
f 3820/4133/3861 3880/4201/3929 3872/4193/3921
f 3873/4194/3922 3872/4193/3921 3880/4201/3929
f 3880/4201/3929 3881/4202/3930 3873/4194/3922
f 3874/4195/3923 3873/4194/3922 3881/4202/3930
f 3881/4202/3930 3882/4203/3931 3874/4195/3923
f 3875/4196/3924 3874/4195/3923 3882/4203/3931
f 3882/4203/3931 3883/4204/3932 3875/4196/3924
f 3876/4197/3925 3875/4196/3924 3883/4204/3932
f 3883/4204/3932 3884/4205/3933 3876/4197/3925
f 3877/4198/3926 3876/4197/3925 3884/4205/3933
f 3884/4205/3933 3885/4206/3934 3877/4198/3926
f 3878/4199/3927 3877/4198/3926 3885/4206/3934
f 3885/4206/3934 3886/4207/3935 3878/4199/3927
f 3879/4200/3928 3878/4199/3927 3886/4207/3935
f 3886/4207/3935 3887/4208/3936 3879/4200/3928
f 3880/4201/3929 3820/4133/3861 3829/4142/3870
f 3829/4142/3870 3888/4209/3937 3880/4201/3929
f 3881/4202/3930 3880/4201/3929 3888/4209/3937
f 3888/4209/3937 3889/4210/3938 3881/4202/3930
f 3882/4203/3931 3881/4202/3930 3889/4210/3938
f 3889/4210/3938 3890/4211/3939 3882/4203/3931
f 3883/4204/3932 3882/4203/3931 3890/4211/3939
f 3890/4211/3939 3891/4212/3940 3883/4204/3932
f 3884/4205/3933 3883/4204/3932 3891/4212/3940
f 3891/4212/3940 3892/4213/3941 3884/4205/3933
f 3885/4206/3934 3884/4205/3933 3892/4213/3941
f 3892/4213/3941 3893/4214/3942 3885/4206/3934
f 3886/4207/3935 3885/4206/3934 3893/4214/3942
f 3893/4214/3942 3894/4215/3943 3886/4207/3935
f 3887/4208/3936 3886/4207/3935 3894/4215/3943
f 3894/4215/3943 3895/4216/3944 3887/4208/3936
f 3888/4209/3937 3829/4142/3870 3838/4151/3879
f 3838/4151/3879 3896/4217/3945 3888/4209/3937
f 3889/4210/3938 3888/4209/3937 3896/4217/3945
f 3896/4217/3945 3897/4218/3946 3889/4210/3938
f 3890/4211/3939 3889/4210/3938 3897/4218/3946
f 3897/4218/3946 3898/4219/3947 3890/4211/3939
f 3891/4212/3940 3890/4211/3939 3898/4219/3947
f 3898/4219/3947 3899/4220/3948 3891/4212/3940
f 3892/4213/3941 3891/4212/3940 3899/4220/3948
f 3899/4220/3948 3900/4221/3949 3892/4213/3941
f 3893/4214/3942 3892/4213/3941 3900/4221/3949
f 3900/4221/3949 3901/4222/3950 3893/4214/3942
f 3894/4215/3943 3893/4214/3942 3901/4222/3950
f 3901/4222/3950 3902/4223/3951 3894/4215/3943
f 3895/4216/3944 3894/4215/3943 3902/4223/3951
f 3902/4223/3951 3903/4224/3952 3895/4216/3944
f 3896/4217/3945 3838/4151/3879 3847/4160/3888
f 3847/4160/3888 3904/4225/3953 3896/4217/3945
f 3897/4218/3946 3896/4217/3945 3904/4225/3953
f 3904/4225/3953 3905/4226/3954 3897/4218/3946
f 3898/4219/3947 3897/4218/3946 3905/4226/3954
f 3905/4226/3954 3906/4227/3955 3898/4219/3947
f 3899/4220/3948 3898/4219/3947 3906/4227/3955
f 3906/4227/3955 3907/4228/3956 3899/4220/3948
f 3900/4221/3949 3899/4220/3948 3907/4228/3956
f 3907/4228/3956 3908/4229/3957 3900/4221/3949
f 3901/4222/3950 3900/4221/3949 3908/4229/3957
f 3908/4229/3957 3909/4230/3958 3901/4222/3950
f 3902/4223/3951 3901/4222/3950 3909/4230/3958
f 3909/4230/3958 3910/4231/3959 3902/4223/3951
f 3903/4224/3952 3902/4223/3951 3910/4231/3959
f 3910/4231/3959 3911/4232/3960 3903/4224/3952
f 3912/4241/3969 1234/4233/3961 1235/4234/3962
f 1235/4234/3962 3913/4242/3970 3912/4241/3969
f 3913/4242/3970 1235/4234/3962 1236/4235/3963
f 1236/4235/3963 3914/4243/3971 3913/4242/3970
f 3914/4243/3971 1236/4235/3963 1237/4236/3964
f 1237/4236/3964 3915/4244/3972 3914/4243/3971
f 3915/4244/3972 1237/4236/3964 1238/4237/3965
f 1238/4237/3965 3916/4245/3973 3915/4244/3972
f 3916/4245/3973 1238/4237/3965 1239/4238/3966
f 1239/4238/3966 3917/4246/3974 3916/4245/3973
f 3917/4246/3974 1239/4238/3966 1240/4239/3967
f 1240/4239/3967 3918/4247/3975 3917/4246/3974
f 3918/4247/3975 1240/4239/3967 1241/4240/3968
f 1241/4240/3968 3919/4248/3976 3918/4247/3975
f 3919/4248/3976 1241/4240/3968 1177/4168/3896
f 1177/4168/3896 3855/4176/3904 3919/4248/3976
f 3920/4249/3977 3912/4241/3969 3913/4242/3970
f 3913/4242/3970 3921/4250/3978 3920/4249/3977
f 3921/4250/3978 3913/4242/3970 3914/4243/3971
f 3914/4243/3971 3922/4251/3979 3921/4250/3978
f 3922/4251/3979 3914/4243/3971 3915/4244/3972
f 3915/4244/3972 3923/4252/3980 3922/4251/3979
f 3923/4252/3980 3915/4244/3972 3916/4245/3973
f 3916/4245/3973 3924/4253/3981 3923/4252/3980
f 3924/4253/3981 3916/4245/3973 3917/4246/3974
f 3917/4246/3974 3925/4254/3982 3924/4253/3981
f 3925/4254/3982 3917/4246/3974 3918/4247/3975
f 3918/4247/3975 3926/4255/3983 3925/4254/3982
f 3926/4255/3983 3918/4247/3975 3919/4248/3976
f 3919/4248/3976 3927/4256/3984 3926/4255/3983
f 3927/4256/3984 3919/4248/3976 3855/4176/3904
f 3855/4176/3904 3863/4184/3912 3927/4256/3984
f 3928/4257/3985 3920/4249/3977 3921/4250/3978
f 3921/4250/3978 3929/4258/3986 3928/4257/3985
f 3929/4258/3986 3921/4250/3978 3922/4251/3979
f 3922/4251/3979 3930/4259/3987 3929/4258/3986
f 3930/4259/3987 3922/4251/3979 3923/4252/3980
f 3923/4252/3980 3931/4260/3988 3930/4259/3987
f 3931/4260/3988 3923/4252/3980 3924/4253/3981
f 3924/4253/3981 3932/4261/3989 3931/4260/3988
f 3932/4261/3989 3924/4253/3981 3925/4254/3982
f 3925/4254/3982 3933/4262/3990 3932/4261/3989
f 3933/4262/3990 3925/4254/3982 3926/4255/3983
f 3926/4255/3983 3934/4263/3991 3933/4262/3990
f 3934/4263/3991 3926/4255/3983 3927/4256/3984
f 3927/4256/3984 3935/4264/3992 3934/4263/3991
f 3935/4264/3992 3927/4256/3984 3863/4184/3912
f 3863/4184/3912 3871/4192/3920 3935/4264/3992
f 3936/4265/3993 3928/4257/3985 3929/4258/3986
f 3929/4258/3986 3937/4266/3994 3936/4265/3993
f 3937/4266/3994 3929/4258/3986 3930/4259/3987
f 3930/4259/3987 3938/4267/3995 3937/4266/3994
f 3938/4267/3995 3930/4259/3987 3931/4260/3988
f 3931/4260/3988 3939/4268/3996 3938/4267/3995
f 3939/4268/3996 3931/4260/3988 3932/4261/3989
f 3932/4261/3989 3940/4269/3997 3939/4268/3996
f 3940/4269/3997 3932/4261/3989 3933/4262/3990
f 3933/4262/3990 3941/4270/3998 3940/4269/3997
f 3941/4270/3998 3933/4262/3990 3934/4263/3991
f 3934/4263/3991 3942/4271/3999 3941/4270/3998
f 3942/4271/3999 3934/4263/3991 3935/4264/3992
f 3935/4264/3992 3943/4272/4000 3942/4271/3999
f 3943/4272/4000 3935/4264/3992 3871/4192/3920
f 3871/4192/3920 3879/4200/3928 3943/4272/4000
f 3944/4273/4001 3936/4265/3993 3937/4266/3994
f 3937/4266/3994 3945/4274/4002 3944/4273/4001
f 3945/4274/4002 3937/4266/3994 3938/4267/3995
f 3938/4267/3995 3946/4275/4003 3945/4274/4002
f 3946/4275/4003 3938/4267/3995 3939/4268/3996
f 3939/4268/3996 3947/4276/4004 3946/4275/4003
f 3947/4276/4004 3939/4268/3996 3940/4269/3997
f 3940/4269/3997 3948/4277/4005 3947/4276/4004
f 3948/4277/4005 3940/4269/3997 3941/4270/3998
f 3941/4270/3998 3949/4278/4006 3948/4277/4005
f 3949/4278/4006 3941/4270/3998 3942/4271/3999
f 3942/4271/3999 3950/4279/4007 3949/4278/4006
f 3950/4279/4007 3942/4271/3999 3943/4272/4000
f 3943/4272/4000 3951/4280/4008 3950/4279/4007
f 3951/4280/4008 3943/4272/4000 3879/4200/3928
f 3879/4200/3928 3887/4208/3936 3951/4280/4008
f 3952/4281/4009 3944/4273/4001 3945/4274/4002
f 3945/4274/4002 3953/4282/4010 3952/4281/4009
f 3953/4282/4010 3945/4274/4002 3946/4275/4003
f 3946/4275/4003 3954/4283/4011 3953/4282/4010
f 3954/4283/4011 3946/4275/4003 3947/4276/4004
f 3947/4276/4004 3955/4284/4012 3954/4283/4011
f 3955/4284/4012 3947/4276/4004 3948/4277/4005
f 3948/4277/4005 3956/4285/4013 3955/4284/4012
f 3956/4285/4013 3948/4277/4005 3949/4278/4006
f 3949/4278/4006 3957/4286/4014 3956/4285/4013
f 3957/4286/4014 3949/4278/4006 3950/4279/4007
f 3950/4279/4007 3958/4287/4015 3957/4286/4014
f 3958/4287/4015 3950/4279/4007 3951/4280/4008
f 3951/4280/4008 3959/4288/4016 3958/4287/4015
f 3959/4288/4016 3951/4280/4008 3887/4208/3936
f 3887/4208/3936 3895/4216/3944 3959/4288/4016
f 3960/4289/4017 3952/4281/4009 3953/4282/4010
f 3953/4282/4010 3961/4290/4018 3960/4289/4017
f 3961/4290/4018 3953/4282/4010 3954/4283/4011
f 3954/4283/4011 3962/4291/4019 3961/4290/4018
f 3962/4291/4019 3954/4283/4011 3955/4284/4012
f 3955/4284/4012 3963/4292/4020 3962/4291/4019
f 3963/4292/4020 3955/4284/4012 3956/4285/4013
f 3956/4285/4013 3964/4293/4021 3963/4292/4020
f 3964/4293/4021 3956/4285/4013 3957/4286/4014
f 3957/4286/4014 3965/4294/4022 3964/4293/4021
f 3965/4294/4022 3957/4286/4014 3958/4287/4015
f 3958/4287/4015 3966/4295/4023 3965/4294/4022
f 3966/4295/4023 3958/4287/4015 3959/4288/4016
f 3959/4288/4016 3967/4296/4024 3966/4295/4023
f 3967/4296/4024 3959/4288/4016 3895/4216/3944
f 3895/4216/3944 3903/4224/3952 3967/4296/4024
f 3968/4297/4025 3960/4289/4017 3961/4290/4018
f 3961/4290/4018 3969/4298/4026 3968/4297/4025
f 3969/4298/4026 3961/4290/4018 3962/4291/4019
f 3962/4291/4019 3970/4299/4027 3969/4298/4026
f 3970/4299/4027 3962/4291/4019 3963/4292/4020
f 3963/4292/4020 3971/4300/4028 3970/4299/4027
f 3971/4300/4028 3963/4292/4020 3964/4293/4021
f 3964/4293/4021 3972/4301/4029 3971/4300/4028
f 3972/4301/4029 3964/4293/4021 3965/4294/4022
f 3965/4294/4022 3973/4302/4030 3972/4301/4029
f 3973/4302/4030 3965/4294/4022 3966/4295/4023
f 3966/4295/4023 3974/4303/4031 3973/4302/4030
f 3974/4303/4031 3966/4295/4023 3967/4296/4024
f 3967/4296/4024 3975/4304/4032 3974/4303/4031
f 3975/4304/4032 3967/4296/4024 3903/4224/3952
f 3903/4224/3952 3911/4232/3960 3975/4304/4032
f 3776/4089/3817 1105/4080/3808 1291/4305/4033
f 1291/4305/4033 3976/4312/4040 3776/4089/3817
f 3976/4312/4040 1291/4305/4033 1292/4306/4034
f 1292/4306/4034 3977/4313/4041 3976/4312/4040
f 3977/4313/4041 1292/4306/4034 1293/4307/4035
f 1293/4307/4035 3978/4314/4042 3977/4313/4041
f 3978/4314/4042 1293/4307/4035 1294/4308/4036
f 1294/4308/4036 3979/4315/4043 3978/4314/4042
f 3979/4315/4043 1294/4308/4036 1295/4309/4037
f 1295/4309/4037 3980/4316/4044 3979/4315/4043
f 3980/4316/4044 1295/4309/4037 1296/4310/4038
f 1296/4310/4038 3981/4317/4045 3980/4316/4044
f 3981/4317/4045 1296/4310/4038 1297/4311/4039
f 1297/4311/4039 3982/4318/4046 3981/4317/4045
f 3982/4318/4046 1297/4311/4039 1234/4233/3961
f 1234/4233/3961 3912/4241/3969 3982/4318/4046
f 3785/4098/3826 3776/4089/3817 3976/4312/4040
f 3976/4312/4040 3983/4319/4047 3785/4098/3826
f 3983/4319/4047 3976/4312/4040 3977/4313/4041
f 3977/4313/4041 3984/4320/4048 3983/4319/4047
f 3984/4320/4048 3977/4313/4041 3978/4314/4042
f 3978/4314/4042 3985/4321/4049 3984/4320/4048
f 3985/4321/4049 3978/4314/4042 3979/4315/4043
f 3979/4315/4043 3986/4322/4050 3985/4321/4049
f 3986/4322/4050 3979/4315/4043 3980/4316/4044
f 3980/4316/4044 3987/4323/4051 3986/4322/4050
f 3987/4323/4051 3980/4316/4044 3981/4317/4045
f 3981/4317/4045 3988/4324/4052 3987/4323/4051
f 3988/4324/4052 3981/4317/4045 3982/4318/4046
f 3982/4318/4046 3989/4325/4053 3988/4324/4052
f 3989/4325/4053 3982/4318/4046 3912/4241/3969
f 3912/4241/3969 3920/4249/3977 3989/4325/4053
f 3794/4107/3835 3785/4098/3826 3983/4319/4047
f 3983/4319/4047 3990/4326/4054 3794/4107/3835
f 3990/4326/4054 3983/4319/4047 3984/4320/4048
f 3984/4320/4048 3991/4327/4055 3990/4326/4054
f 3991/4327/4055 3984/4320/4048 3985/4321/4049
f 3985/4321/4049 3992/4328/4056 3991/4327/4055
f 3992/4328/4056 3985/4321/4049 3986/4322/4050
f 3986/4322/4050 3993/4329/4057 3992/4328/4056
f 3993/4329/4057 3986/4322/4050 3987/4323/4051
f 3987/4323/4051 3994/4330/4058 3993/4329/4057
f 3994/4330/4058 3987/4323/4051 3988/4324/4052
f 3988/4324/4052 3995/4331/4059 3994/4330/4058
f 3995/4331/4059 3988/4324/4052 3989/4325/4053
f 3989/4325/4053 3996/4332/4060 3995/4331/4059
f 3996/4332/4060 3989/4325/4053 3920/4249/3977
f 3920/4249/3977 3928/4257/3985 3996/4332/4060
f 3803/4116/3844 3794/4107/3835 3990/4326/4054
f 3990/4326/4054 3997/4333/4061 3803/4116/3844
f 3997/4333/4061 3990/4326/4054 3991/4327/4055
f 3991/4327/4055 3998/4334/4062 3997/4333/4061
f 3998/4334/4062 3991/4327/4055 3992/4328/4056
f 3992/4328/4056 3999/4335/4063 3998/4334/4062
f 3999/4335/4063 3992/4328/4056 3993/4329/4057
f 3993/4329/4057 4000/4336/4064 3999/4335/4063
f 4000/4336/4064 3993/4329/4057 3994/4330/4058
f 3994/4330/4058 4001/4337/4065 4000/4336/4064
f 4001/4337/4065 3994/4330/4058 3995/4331/4059
f 3995/4331/4059 4002/4338/4066 4001/4337/4065
f 4002/4338/4066 3995/4331/4059 3996/4332/4060
f 3996/4332/4060 4003/4339/4067 4002/4338/4066
f 4003/4339/4067 3996/4332/4060 3928/4257/3985
f 3928/4257/3985 3936/4265/3993 4003/4339/4067
f 3812/4125/3853 3803/4116/3844 3997/4333/4061
f 3997/4333/4061 4004/4340/4068 3812/4125/3853
f 4004/4340/4068 3997/4333/4061 3998/4334/4062
f 3998/4334/4062 4005/4341/4069 4004/4340/4068
f 4005/4341/4069 3998/4334/4062 3999/4335/4063
f 3999/4335/4063 4006/4342/4070 4005/4341/4069
f 4006/4342/4070 3999/4335/4063 4000/4336/4064
f 4000/4336/4064 4007/4343/4071 4006/4342/4070
f 4007/4343/4071 4000/4336/4064 4001/4337/4065
f 4001/4337/4065 4008/4344/4072 4007/4343/4071
f 4008/4344/4072 4001/4337/4065 4002/4338/4066
f 4002/4338/4066 4009/4345/4073 4008/4344/4072
f 4009/4345/4073 4002/4338/4066 4003/4339/4067
f 4003/4339/4067 4010/4346/4074 4009/4345/4073
f 4010/4346/4074 4003/4339/4067 3936/4265/3993
f 3936/4265/3993 3944/4273/4001 4010/4346/4074
f 3821/4134/3862 3812/4125/3853 4004/4340/4068
f 4004/4340/4068 4011/4347/4075 3821/4134/3862
f 4011/4347/4075 4004/4340/4068 4005/4341/4069
f 4005/4341/4069 4012/4348/4076 4011/4347/4075
f 4012/4348/4076 4005/4341/4069 4006/4342/4070
f 4006/4342/4070 4013/4349/4077 4012/4348/4076
f 4013/4349/4077 4006/4342/4070 4007/4343/4071
f 4007/4343/4071 4014/4350/4078 4013/4349/4077
f 4014/4350/4078 4007/4343/4071 4008/4344/4072
f 4008/4344/4072 4015/4351/4079 4014/4350/4078
f 4015/4351/4079 4008/4344/4072 4009/4345/4073
f 4009/4345/4073 4016/4352/4080 4015/4351/4079
f 4016/4352/4080 4009/4345/4073 4010/4346/4074
f 4010/4346/4074 4017/4353/4081 4016/4352/4080
f 4017/4353/4081 4010/4346/4074 3944/4273/4001
f 3944/4273/4001 3952/4281/4009 4017/4353/4081
f 3830/4143/3871 3821/4134/3862 4011/4347/4075
f 4011/4347/4075 4018/4354/4082 3830/4143/3871
f 4018/4354/4082 4011/4347/4075 4012/4348/4076
f 4012/4348/4076 4019/4355/4083 4018/4354/4082
f 4019/4355/4083 4012/4348/4076 4013/4349/4077
f 4013/4349/4077 4020/4356/4084 4019/4355/4083
f 4020/4356/4084 4013/4349/4077 4014/4350/4078
f 4014/4350/4078 4021/4357/4085 4020/4356/4084
f 4021/4357/4085 4014/4350/4078 4015/4351/4079
f 4015/4351/4079 4022/4358/4086 4021/4357/4085
f 4022/4358/4086 4015/4351/4079 4016/4352/4080
f 4016/4352/4080 4023/4359/4087 4022/4358/4086
f 4023/4359/4087 4016/4352/4080 4017/4353/4081
f 4017/4353/4081 4024/4360/4088 4023/4359/4087
f 4024/4360/4088 4017/4353/4081 3952/4281/4009
f 3952/4281/4009 3960/4289/4017 4024/4360/4088
f 3839/4152/3880 3830/4143/3871 4018/4354/4082
f 4018/4354/4082 4025/4361/4089 3839/4152/3880
f 4025/4361/4089 4018/4354/4082 4019/4355/4083
f 4019/4355/4083 4026/4362/4090 4025/4361/4089
f 4026/4362/4090 4019/4355/4083 4020/4356/4084
f 4020/4356/4084 4027/4363/4091 4026/4362/4090
f 4027/4363/4091 4020/4356/4084 4021/4357/4085
f 4021/4357/4085 4028/4364/4092 4027/4363/4091
f 4028/4364/4092 4021/4357/4085 4022/4358/4086
f 4022/4358/4086 4029/4365/4093 4028/4364/4092
f 4029/4365/4093 4022/4358/4086 4023/4359/4087
f 4023/4359/4087 4030/4366/4094 4029/4365/4093
f 4030/4366/4094 4023/4359/4087 4024/4360/4088
f 4024/4360/4088 4031/4367/4095 4030/4366/4094
f 4031/4367/4095 4024/4360/4088 3960/4289/4017
f 3960/4289/4017 3968/4297/4025 4031/4367/4095
f 3840/4153/3881 3839/4152/3880 4032/4368/4096
f 4032/4368/4096 4033/4369/4097 3840/4153/3881
f 3841/4154/3882 3840/4153/3881 4033/4369/4097
f 4033/4369/4097 4034/4370/4098 3841/4154/3882
f 3842/4155/3883 3841/4154/3882 4034/4370/4098
f 4034/4370/4098 4035/4371/4099 3842/4155/3883
f 3843/4156/3884 3842/4155/3883 4035/4371/4099
f 4035/4371/4099 4036/4372/4100 3843/4156/3884
f 3844/4157/3885 3843/4156/3884 4036/4372/4100
f 4036/4372/4100 4037/4373/4101 3844/4157/3885
f 3845/4158/3886 3844/4157/3885 4037/4373/4101
f 4037/4373/4101 4038/4374/4102 3845/4158/3886
f 3846/4159/3887 3845/4158/3886 4038/4374/4102
f 4038/4374/4102 4039/4375/4103 3846/4159/3887
f 3847/4160/3888 3846/4159/3887 4039/4375/4103
f 4039/4375/4103 4040/4376/4104 3847/4160/3888
f 4033/4369/4097 4032/4368/4096 4041/4377/4105
f 4041/4377/4105 4042/4378/4106 4033/4369/4097
f 4034/4370/4098 4033/4369/4097 4042/4378/4106
f 4042/4378/4106 4043/4379/4107 4034/4370/4098
f 4035/4371/4099 4034/4370/4098 4043/4379/4107
f 4043/4379/4107 4044/4380/4108 4035/4371/4099
f 4036/4372/4100 4035/4371/4099 4044/4380/4108
f 4044/4380/4108 4045/4381/4109 4036/4372/4100
f 4037/4373/4101 4036/4372/4100 4045/4381/4109
f 4045/4381/4109 4046/4382/4110 4037/4373/4101
f 4038/4374/4102 4037/4373/4101 4046/4382/4110
f 4046/4382/4110 4047/4383/4111 4038/4374/4102
f 4039/4375/4103 4038/4374/4102 4047/4383/4111
f 4047/4383/4111 4048/4384/4112 4039/4375/4103
f 4040/4376/4104 4039/4375/4103 4048/4384/4112
f 4048/4384/4112 4049/4385/4113 4040/4376/4104
f 4042/4378/4106 4041/4377/4105 4050/4386/4114
f 4050/4386/4114 4051/4387/4115 4042/4378/4106
f 4043/4379/4107 4042/4378/4106 4051/4387/4115
f 4051/4387/4115 4052/4388/4116 4043/4379/4107
f 4044/4380/4108 4043/4379/4107 4052/4388/4116
f 4052/4388/4116 4053/4389/4117 4044/4380/4108
f 4045/4381/4109 4044/4380/4108 4053/4389/4117
f 4053/4389/4117 4054/4390/4118 4045/4381/4109
f 4046/4382/4110 4045/4381/4109 4054/4390/4118
f 4054/4390/4118 4055/4391/4119 4046/4382/4110
f 4047/4383/4111 4046/4382/4110 4055/4391/4119
f 4055/4391/4119 4056/4392/4120 4047/4383/4111
f 4048/4384/4112 4047/4383/4111 4056/4392/4120
f 4056/4392/4120 4057/4393/4121 4048/4384/4112
f 4049/4385/4113 4048/4384/4112 4057/4393/4121
f 4057/4393/4121 4058/4394/4122 4049/4385/4113
f 4051/4387/4115 4050/4386/4114 4059/4395/4123
f 4059/4395/4123 4060/4396/4124 4051/4387/4115
f 4052/4388/4116 4051/4387/4115 4060/4396/4124
f 4060/4396/4124 4061/4397/4125 4052/4388/4116
f 4053/4389/4117 4052/4388/4116 4061/4397/4125
f 4061/4397/4125 4062/4398/4126 4053/4389/4117
f 4054/4390/4118 4053/4389/4117 4062/4398/4126
f 4062/4398/4126 4063/4399/4127 4054/4390/4118
f 4055/4391/4119 4054/4390/4118 4063/4399/4127
f 4063/4399/4127 4064/4400/4128 4055/4391/4119
f 4056/4392/4120 4055/4391/4119 4064/4400/4128
f 4064/4400/4128 4065/4401/4129 4056/4392/4120
f 4057/4393/4121 4056/4392/4120 4065/4401/4129
f 4065/4401/4129 4066/4402/4130 4057/4393/4121
f 4058/4394/4122 4057/4393/4121 4066/4402/4130
f 4066/4402/4130 4067/4403/4131 4058/4394/4122
f 4060/4396/4124 4059/4395/4123 4068/4404/4132
f 4068/4404/4132 4069/4405/4133 4060/4396/4124
f 4061/4397/4125 4060/4396/4124 4069/4405/4133
f 4069/4405/4133 4070/4406/4134 4061/4397/4125
f 4062/4398/4126 4061/4397/4125 4070/4406/4134
f 4070/4406/4134 4071/4407/4135 4062/4398/4126
f 4063/4399/4127 4062/4398/4126 4071/4407/4135
f 4071/4407/4135 4072/4408/4136 4063/4399/4127
f 4064/4400/4128 4063/4399/4127 4072/4408/4136
f 4072/4408/4136 4073/4409/4137 4064/4400/4128
f 4065/4401/4129 4064/4400/4128 4073/4409/4137
f 4073/4409/4137 4074/4410/4138 4065/4401/4129
f 4066/4402/4130 4065/4401/4129 4074/4410/4138
f 4074/4410/4138 4075/4411/4139 4066/4402/4130
f 4067/4403/4131 4066/4402/4130 4075/4411/4139
f 4075/4411/4139 4076/4412/4140 4067/4403/4131
f 4069/4405/4133 4068/4404/4132 4077/4413/4141
f 4077/4413/4141 4078/4414/4142 4069/4405/4133
f 4070/4406/4134 4069/4405/4133 4078/4414/4142
f 4078/4414/4142 4079/4415/4143 4070/4406/4134
f 4071/4407/4135 4070/4406/4134 4079/4415/4143
f 4079/4415/4143 4080/4416/4144 4071/4407/4135
f 4072/4408/4136 4071/4407/4135 4080/4416/4144
f 4080/4416/4144 4081/4417/4145 4072/4408/4136
f 4073/4409/4137 4072/4408/4136 4081/4417/4145
f 4081/4417/4145 4082/4418/4146 4073/4409/4137
f 4074/4410/4138 4073/4409/4137 4082/4418/4146
f 4082/4418/4146 4083/4419/4147 4074/4410/4138
f 4075/4411/4139 4074/4410/4138 4083/4419/4147
f 4083/4419/4147 4084/4420/4148 4075/4411/4139
f 4076/4412/4140 4075/4411/4139 4084/4420/4148
f 4084/4420/4148 4085/4421/4149 4076/4412/4140
f 4078/4414/4142 4077/4413/4141 4086/4422/4150
f 4086/4422/4150 4087/4423/4151 4078/4414/4142
f 4079/4415/4143 4078/4414/4142 4087/4423/4151
f 4087/4423/4151 4088/4424/4152 4079/4415/4143
f 4080/4416/4144 4079/4415/4143 4088/4424/4152
f 4088/4424/4152 4089/4425/4153 4080/4416/4144
f 4081/4417/4145 4080/4416/4144 4089/4425/4153
f 4089/4425/4153 4090/4426/4154 4081/4417/4145
f 4082/4418/4146 4081/4417/4145 4090/4426/4154
f 4090/4426/4154 4091/4427/4155 4082/4418/4146
f 4083/4419/4147 4082/4418/4146 4091/4427/4155
f 4091/4427/4155 4092/4428/4156 4083/4419/4147
f 4084/4420/4148 4083/4419/4147 4092/4428/4156
f 4092/4428/4156 4093/4429/4157 4084/4420/4148
f 4085/4421/4149 4084/4420/4148 4093/4429/4157
f 4093/4429/4157 4094/4430/4158 4085/4421/4149
f 4087/4423/4151 4086/4422/4150 4095/4431/4159
f 4095/4431/4159 4096/4432/4160 4087/4423/4151
f 4088/4424/4152 4087/4423/4151 4096/4432/4160
f 4096/4432/4160 4097/4433/4161 4088/4424/4152
f 4089/4425/4153 4088/4424/4152 4097/4433/4161
f 4097/4433/4161 4098/4434/4162 4089/4425/4153
f 4090/4426/4154 4089/4425/4153 4098/4434/4162
f 4098/4434/4162 4099/4435/4163 4090/4426/4154
f 4091/4427/4155 4090/4426/4154 4099/4435/4163
f 4099/4435/4163 4100/4436/4164 4091/4427/4155
f 4092/4428/4156 4091/4427/4155 4100/4436/4164
f 4100/4436/4164 4101/4437/4165 4092/4428/4156
f 4093/4429/4157 4092/4428/4156 4101/4437/4165
f 4101/4437/4165 4102/4438/4166 4093/4429/4157
f 4094/4430/4158 4093/4429/4157 4102/4438/4166
f 4102/4438/4166 4103/4439/4167 4094/4430/4158
f 3904/4225/3953 3847/4160/3888 4040/4376/4104
f 4040/4376/4104 4104/4440/4168 3904/4225/3953
f 3905/4226/3954 3904/4225/3953 4104/4440/4168
f 4104/4440/4168 4105/4441/4169 3905/4226/3954
f 3906/4227/3955 3905/4226/3954 4105/4441/4169
f 4105/4441/4169 4106/4442/4170 3906/4227/3955
f 3907/4228/3956 3906/4227/3955 4106/4442/4170
f 4106/4442/4170 4107/4443/4171 3907/4228/3956
f 3908/4229/3957 3907/4228/3956 4107/4443/4171
f 4107/4443/4171 4108/4444/4172 3908/4229/3957
f 3909/4230/3958 3908/4229/3957 4108/4444/4172
f 4108/4444/4172 4109/4445/4173 3909/4230/3958
f 3910/4231/3959 3909/4230/3958 4109/4445/4173
f 4109/4445/4173 4110/4446/4174 3910/4231/3959
f 3911/4232/3960 3910/4231/3959 4110/4446/4174
f 4110/4446/4174 4111/4447/4175 3911/4232/3960
f 4104/4440/4168 4040/4376/4104 4049/4385/4113
f 4049/4385/4113 4112/4448/4176 4104/4440/4168
f 4105/4441/4169 4104/4440/4168 4112/4448/4176
f 4112/4448/4176 4113/4449/4177 4105/4441/4169
f 4106/4442/4170 4105/4441/4169 4113/4449/4177
f 4113/4449/4177 4114/4450/4178 4106/4442/4170
f 4107/4443/4171 4106/4442/4170 4114/4450/4178
f 4114/4450/4178 4115/4451/4179 4107/4443/4171
f 4108/4444/4172 4107/4443/4171 4115/4451/4179
f 4115/4451/4179 4116/4452/4180 4108/4444/4172
f 4109/4445/4173 4108/4444/4172 4116/4452/4180
f 4116/4452/4180 4117/4453/4181 4109/4445/4173
f 4110/4446/4174 4109/4445/4173 4117/4453/4181
f 4117/4453/4181 4118/4454/4182 4110/4446/4174
f 4111/4447/4175 4110/4446/4174 4118/4454/4182
f 4118/4454/4182 4119/4455/4183 4111/4447/4175
f 4112/4448/4176 4049/4385/4113 4058/4394/4122
f 4058/4394/4122 4120/4456/4184 4112/4448/4176
f 4113/4449/4177 4112/4448/4176 4120/4456/4184
f 4120/4456/4184 4121/4457/4185 4113/4449/4177
f 4114/4450/4178 4113/4449/4177 4121/4457/4185
f 4121/4457/4185 4122/4458/4186 4114/4450/4178
f 4115/4451/4179 4114/4450/4178 4122/4458/4186
f 4122/4458/4186 4123/4459/4187 4115/4451/4179
f 4116/4452/4180 4115/4451/4179 4123/4459/4187
f 4123/4459/4187 4124/4460/4188 4116/4452/4180
f 4117/4453/4181 4116/4452/4180 4124/4460/4188
f 4124/4460/4188 4125/4461/4189 4117/4453/4181
f 4118/4454/4182 4117/4453/4181 4125/4461/4189
f 4125/4461/4189 4126/4462/4190 4118/4454/4182
f 4119/4455/4183 4118/4454/4182 4126/4462/4190
f 4126/4462/4190 4127/4463/4191 4119/4455/4183
f 4120/4456/4184 4058/4394/4122 4067/4403/4131
f 4067/4403/4131 4128/4464/4192 4120/4456/4184
f 4121/4457/4185 4120/4456/4184 4128/4464/4192
f 4128/4464/4192 4129/4465/4193 4121/4457/4185
f 4122/4458/4186 4121/4457/4185 4129/4465/4193
f 4129/4465/4193 4130/4466/4194 4122/4458/4186
f 4123/4459/4187 4122/4458/4186 4130/4466/4194
f 4130/4466/4194 4131/4467/4195 4123/4459/4187
f 4124/4460/4188 4123/4459/4187 4131/4467/4195
f 4131/4467/4195 4132/4468/4196 4124/4460/4188
f 4125/4461/4189 4124/4460/4188 4132/4468/4196
f 4132/4468/4196 4133/4469/4197 4125/4461/4189
f 4126/4462/4190 4125/4461/4189 4133/4469/4197
f 4133/4469/4197 4134/4470/4198 4126/4462/4190
f 4127/4463/4191 4126/4462/4190 4134/4470/4198
f 4134/4470/4198 4135/4471/4199 4127/4463/4191
f 4128/4464/4192 4067/4403/4131 4076/4412/4140
f 4076/4412/4140 4136/4472/4200 4128/4464/4192
f 4129/4465/4193 4128/4464/4192 4136/4472/4200
f 4136/4472/4200 4137/4473/4201 4129/4465/4193
f 4130/4466/4194 4129/4465/4193 4137/4473/4201
f 4137/4473/4201 4138/4474/4202 4130/4466/4194
f 4131/4467/4195 4130/4466/4194 4138/4474/4202
f 4138/4474/4202 4139/4475/4203 4131/4467/4195
f 4132/4468/4196 4131/4467/4195 4139/4475/4203
f 4139/4475/4203 4140/4476/4204 4132/4468/4196
f 4133/4469/4197 4132/4468/4196 4140/4476/4204
f 4140/4476/4204 4141/4477/4205 4133/4469/4197
f 4134/4470/4198 4133/4469/4197 4141/4477/4205
f 4141/4477/4205 4142/4478/4206 4134/4470/4198
f 4135/4471/4199 4134/4470/4198 4142/4478/4206
f 4142/4478/4206 4143/4479/4207 4135/4471/4199
f 4136/4472/4200 4076/4412/4140 4085/4421/4149
f 4085/4421/4149 4144/4480/4208 4136/4472/4200
f 4137/4473/4201 4136/4472/4200 4144/4480/4208
f 4144/4480/4208 4145/4481/4209 4137/4473/4201
f 4138/4474/4202 4137/4473/4201 4145/4481/4209
f 4145/4481/4209 4146/4482/4210 4138/4474/4202
f 4139/4475/4203 4138/4474/4202 4146/4482/4210
f 4146/4482/4210 4147/4483/4211 4139/4475/4203
f 4140/4476/4204 4139/4475/4203 4147/4483/4211
f 4147/4483/4211 4148/4484/4212 4140/4476/4204
f 4141/4477/4205 4140/4476/4204 4148/4484/4212
f 4148/4484/4212 4149/4485/4213 4141/4477/4205
f 4142/4478/4206 4141/4477/4205 4149/4485/4213
f 4149/4485/4213 4150/4486/4214 4142/4478/4206
f 4143/4479/4207 4142/4478/4206 4150/4486/4214
f 4150/4486/4214 4151/4487/4215 4143/4479/4207
f 4144/4480/4208 4085/4421/4149 4094/4430/4158
f 4094/4430/4158 4152/4488/4216 4144/4480/4208
f 4145/4481/4209 4144/4480/4208 4152/4488/4216
f 4152/4488/4216 4153/4489/4217 4145/4481/4209
f 4146/4482/4210 4145/4481/4209 4153/4489/4217
f 4153/4489/4217 4154/4490/4218 4146/4482/4210
f 4147/4483/4211 4146/4482/4210 4154/4490/4218
f 4154/4490/4218 4155/4491/4219 4147/4483/4211
f 4148/4484/4212 4147/4483/4211 4155/4491/4219
f 4155/4491/4219 4156/4492/4220 4148/4484/4212
f 4149/4485/4213 4148/4484/4212 4156/4492/4220
f 4156/4492/4220 4157/4493/4221 4149/4485/4213
f 4150/4486/4214 4149/4485/4213 4157/4493/4221
f 4157/4493/4221 4158/4494/4222 4150/4486/4214
f 4151/4487/4215 4150/4486/4214 4158/4494/4222
f 4158/4494/4222 4159/4495/4223 4151/4487/4215
f 4152/4488/4216 4094/4430/4158 4103/4439/4167
f 4103/4439/4167 4160/4496/4224 4152/4488/4216
f 4153/4489/4217 4152/4488/4216 4160/4496/4224
f 4160/4496/4224 4161/4497/4225 4153/4489/4217
f 4154/4490/4218 4153/4489/4217 4161/4497/4225
f 4161/4497/4225 4162/4498/4226 4154/4490/4218
f 4155/4491/4219 4154/4490/4218 4162/4498/4226
f 4162/4498/4226 4163/4499/4227 4155/4491/4219
f 4156/4492/4220 4155/4491/4219 4163/4499/4227
f 4163/4499/4227 4164/4500/4228 4156/4492/4220
f 4157/4493/4221 4156/4492/4220 4164/4500/4228
f 4164/4500/4228 4165/4501/4229 4157/4493/4221
f 4158/4494/4222 4157/4493/4221 4165/4501/4229
f 4165/4501/4229 4166/4502/4230 4158/4494/4222
f 4159/4495/4223 4158/4494/4222 4166/4502/4230
f 4166/4502/4230 4167/4503/4231 4159/4495/4223
f 4168/4504/4232 3968/4297/4025 3969/4298/4026
f 3969/4298/4026 4169/4505/4233 4168/4504/4232
f 4169/4505/4233 3969/4298/4026 3970/4299/4027
f 3970/4299/4027 4170/4506/4234 4169/4505/4233
f 4170/4506/4234 3970/4299/4027 3971/4300/4028
f 3971/4300/4028 4171/4507/4235 4170/4506/4234
f 4171/4507/4235 3971/4300/4028 3972/4301/4029
f 3972/4301/4029 4172/4508/4236 4171/4507/4235
f 4172/4508/4236 3972/4301/4029 3973/4302/4030
f 3973/4302/4030 4173/4509/4237 4172/4508/4236
f 4173/4509/4237 3973/4302/4030 3974/4303/4031
f 3974/4303/4031 4174/4510/4238 4173/4509/4237
f 4174/4510/4238 3974/4303/4031 3975/4304/4032
f 3975/4304/4032 4175/4511/4239 4174/4510/4238
f 4175/4511/4239 3975/4304/4032 3911/4232/3960
f 3911/4232/3960 4111/4447/4175 4175/4511/4239
f 4176/4512/4240 4168/4504/4232 4169/4505/4233
f 4169/4505/4233 4177/4513/4241 4176/4512/4240
f 4177/4513/4241 4169/4505/4233 4170/4506/4234
f 4170/4506/4234 4178/4514/4242 4177/4513/4241
f 4178/4514/4242 4170/4506/4234 4171/4507/4235
f 4171/4507/4235 4179/4515/4243 4178/4514/4242
f 4179/4515/4243 4171/4507/4235 4172/4508/4236
f 4172/4508/4236 4180/4516/4244 4179/4515/4243
f 4180/4516/4244 4172/4508/4236 4173/4509/4237
f 4173/4509/4237 4181/4517/4245 4180/4516/4244
f 4181/4517/4245 4173/4509/4237 4174/4510/4238
f 4174/4510/4238 4182/4518/4246 4181/4517/4245
f 4182/4518/4246 4174/4510/4238 4175/4511/4239
f 4175/4511/4239 4183/4519/4247 4182/4518/4246
f 4183/4519/4247 4175/4511/4239 4111/4447/4175
f 4111/4447/4175 4119/4455/4183 4183/4519/4247
f 4184/4520/4248 4176/4512/4240 4177/4513/4241
f 4177/4513/4241 4185/4521/4249 4184/4520/4248
f 4185/4521/4249 4177/4513/4241 4178/4514/4242
f 4178/4514/4242 4186/4522/4250 4185/4521/4249
f 4186/4522/4250 4178/4514/4242 4179/4515/4243
f 4179/4515/4243 4187/4523/4251 4186/4522/4250
f 4187/4523/4251 4179/4515/4243 4180/4516/4244
f 4180/4516/4244 4188/4524/4252 4187/4523/4251
f 4188/4524/4252 4180/4516/4244 4181/4517/4245
f 4181/4517/4245 4189/4525/4253 4188/4524/4252
f 4189/4525/4253 4181/4517/4245 4182/4518/4246
f 4182/4518/4246 4190/4526/4254 4189/4525/4253
f 4190/4526/4254 4182/4518/4246 4183/4519/4247
f 4183/4519/4247 4191/4527/4255 4190/4526/4254
f 4191/4527/4255 4183/4519/4247 4119/4455/4183
f 4119/4455/4183 4127/4463/4191 4191/4527/4255
f 4192/4528/4256 4184/4520/4248 4185/4521/4249
f 4185/4521/4249 4193/4529/4257 4192/4528/4256
f 4193/4529/4257 4185/4521/4249 4186/4522/4250
f 4186/4522/4250 4194/4530/4258 4193/4529/4257
f 4194/4530/4258 4186/4522/4250 4187/4523/4251
f 4187/4523/4251 4195/4531/4259 4194/4530/4258
f 4195/4531/4259 4187/4523/4251 4188/4524/4252
f 4188/4524/4252 4196/4532/4260 4195/4531/4259
f 4196/4532/4260 4188/4524/4252 4189/4525/4253
f 4189/4525/4253 4197/4533/4261 4196/4532/4260
f 4197/4533/4261 4189/4525/4253 4190/4526/4254
f 4190/4526/4254 4198/4534/4262 4197/4533/4261
f 4198/4534/4262 4190/4526/4254 4191/4527/4255
f 4191/4527/4255 4199/4535/4263 4198/4534/4262
f 4199/4535/4263 4191/4527/4255 4127/4463/4191
f 4127/4463/4191 4135/4471/4199 4199/4535/4263
f 4200/4536/4264 4192/4528/4256 4193/4529/4257
f 4193/4529/4257 4201/4537/4265 4200/4536/4264
f 4201/4537/4265 4193/4529/4257 4194/4530/4258
f 4194/4530/4258 4202/4538/4266 4201/4537/4265
f 4202/4538/4266 4194/4530/4258 4195/4531/4259
f 4195/4531/4259 4203/4539/4267 4202/4538/4266
f 4203/4539/4267 4195/4531/4259 4196/4532/4260
f 4196/4532/4260 4204/4540/4268 4203/4539/4267
f 4204/4540/4268 4196/4532/4260 4197/4533/4261
f 4197/4533/4261 4205/4541/4269 4204/4540/4268
f 4205/4541/4269 4197/4533/4261 4198/4534/4262
f 4198/4534/4262 4206/4542/4270 4205/4541/4269
f 4206/4542/4270 4198/4534/4262 4199/4535/4263
f 4199/4535/4263 4207/4543/4271 4206/4542/4270
f 4207/4543/4271 4199/4535/4263 4135/4471/4199
f 4135/4471/4199 4143/4479/4207 4207/4543/4271
f 4208/4544/4272 4200/4536/4264 4201/4537/4265
f 4201/4537/4265 4209/4545/4273 4208/4544/4272
f 4209/4545/4273 4201/4537/4265 4202/4538/4266
f 4202/4538/4266 4210/4546/4274 4209/4545/4273
f 4210/4546/4274 4202/4538/4266 4203/4539/4267
f 4203/4539/4267 4211/4547/4275 4210/4546/4274
f 4211/4547/4275 4203/4539/4267 4204/4540/4268
f 4204/4540/4268 4212/4548/4276 4211/4547/4275
f 4212/4548/4276 4204/4540/4268 4205/4541/4269
f 4205/4541/4269 4213/4549/4277 4212/4548/4276
f 4213/4549/4277 4205/4541/4269 4206/4542/4270
f 4206/4542/4270 4214/4550/4278 4213/4549/4277
f 4214/4550/4278 4206/4542/4270 4207/4543/4271
f 4207/4543/4271 4215/4551/4279 4214/4550/4278
f 4215/4551/4279 4207/4543/4271 4143/4479/4207
f 4143/4479/4207 4151/4487/4215 4215/4551/4279
f 4216/4552/4280 4208/4544/4272 4209/4545/4273
f 4209/4545/4273 4217/4553/4281 4216/4552/4280
f 4217/4553/4281 4209/4545/4273 4210/4546/4274
f 4210/4546/4274 4218/4554/4282 4217/4553/4281
f 4218/4554/4282 4210/4546/4274 4211/4547/4275
f 4211/4547/4275 4219/4555/4283 4218/4554/4282
f 4219/4555/4283 4211/4547/4275 4212/4548/4276
f 4212/4548/4276 4220/4556/4284 4219/4555/4283
f 4220/4556/4284 4212/4548/4276 4213/4549/4277
f 4213/4549/4277 4221/4557/4285 4220/4556/4284
f 4221/4557/4285 4213/4549/4277 4214/4550/4278
f 4214/4550/4278 4222/4558/4286 4221/4557/4285
f 4222/4558/4286 4214/4550/4278 4215/4551/4279
f 4215/4551/4279 4223/4559/4287 4222/4558/4286
f 4223/4559/4287 4215/4551/4279 4151/4487/4215
f 4151/4487/4215 4159/4495/4223 4223/4559/4287
f 4224/4560/4288 4216/4552/4280 4217/4553/4281
f 4217/4553/4281 4225/4561/4289 4224/4560/4288
f 4225/4561/4289 4217/4553/4281 4218/4554/4282
f 4218/4554/4282 4226/4562/4290 4225/4561/4289
f 4226/4562/4290 4218/4554/4282 4219/4555/4283
f 4219/4555/4283 4227/4563/4291 4226/4562/4290
f 4227/4563/4291 4219/4555/4283 4220/4556/4284
f 4220/4556/4284 4228/4564/4292 4227/4563/4291
f 4228/4564/4292 4220/4556/4284 4221/4557/4285
f 4221/4557/4285 4229/4565/4293 4228/4564/4292
f 4229/4565/4293 4221/4557/4285 4222/4558/4286
f 4222/4558/4286 4230/4566/4294 4229/4565/4293
f 4230/4566/4294 4222/4558/4286 4223/4559/4287
f 4223/4559/4287 4231/4567/4295 4230/4566/4294
f 4231/4567/4295 4223/4559/4287 4159/4495/4223
f 4159/4495/4223 4167/4503/4231 4231/4567/4295
f 4032/4368/4096 3839/4152/3880 4025/4361/4089
f 4025/4361/4089 4232/4568/4296 4032/4368/4096
f 4232/4568/4296 4025/4361/4089 4026/4362/4090
f 4026/4362/4090 4233/4569/4297 4232/4568/4296
f 4233/4569/4297 4026/4362/4090 4027/4363/4091
f 4027/4363/4091 4234/4570/4298 4233/4569/4297
f 4234/4570/4298 4027/4363/4091 4028/4364/4092
f 4028/4364/4092 4235/4571/4299 4234/4570/4298
f 4235/4571/4299 4028/4364/4092 4029/4365/4093
f 4029/4365/4093 4236/4572/4300 4235/4571/4299
f 4236/4572/4300 4029/4365/4093 4030/4366/4094
f 4030/4366/4094 4237/4573/4301 4236/4572/4300
f 4237/4573/4301 4030/4366/4094 4031/4367/4095
f 4031/4367/4095 4238/4574/4302 4237/4573/4301
f 4238/4574/4302 4031/4367/4095 3968/4297/4025
f 3968/4297/4025 4168/4504/4232 4238/4574/4302
f 4041/4377/4105 4032/4368/4096 4232/4568/4296
f 4232/4568/4296 4239/4575/4303 4041/4377/4105
f 4239/4575/4303 4232/4568/4296 4233/4569/4297
f 4233/4569/4297 4240/4576/4304 4239/4575/4303
f 4240/4576/4304 4233/4569/4297 4234/4570/4298
f 4234/4570/4298 4241/4577/4305 4240/4576/4304
f 4241/4577/4305 4234/4570/4298 4235/4571/4299
f 4235/4571/4299 4242/4578/4306 4241/4577/4305
f 4242/4578/4306 4235/4571/4299 4236/4572/4300
f 4236/4572/4300 4243/4579/4307 4242/4578/4306
f 4243/4579/4307 4236/4572/4300 4237/4573/4301
f 4237/4573/4301 4244/4580/4308 4243/4579/4307
f 4244/4580/4308 4237/4573/4301 4238/4574/4302
f 4238/4574/4302 4245/4581/4309 4244/4580/4308
f 4245/4581/4309 4238/4574/4302 4168/4504/4232
f 4168/4504/4232 4176/4512/4240 4245/4581/4309
f 4050/4386/4114 4041/4377/4105 4239/4575/4303
f 4239/4575/4303 4246/4582/4310 4050/4386/4114
f 4246/4582/4310 4239/4575/4303 4240/4576/4304
f 4240/4576/4304 4247/4583/4311 4246/4582/4310
f 4247/4583/4311 4240/4576/4304 4241/4577/4305
f 4241/4577/4305 4248/4584/4312 4247/4583/4311
f 4248/4584/4312 4241/4577/4305 4242/4578/4306
f 4242/4578/4306 4249/4585/4313 4248/4584/4312
f 4249/4585/4313 4242/4578/4306 4243/4579/4307
f 4243/4579/4307 4250/4586/4314 4249/4585/4313
f 4250/4586/4314 4243/4579/4307 4244/4580/4308
f 4244/4580/4308 4251/4587/4315 4250/4586/4314
f 4251/4587/4315 4244/4580/4308 4245/4581/4309
f 4245/4581/4309 4252/4588/4316 4251/4587/4315
f 4252/4588/4316 4245/4581/4309 4176/4512/4240
f 4176/4512/4240 4184/4520/4248 4252/4588/4316
f 4059/4395/4123 4050/4386/4114 4246/4582/4310
f 4246/4582/4310 4253/4589/4317 4059/4395/4123
f 4253/4589/4317 4246/4582/4310 4247/4583/4311
f 4247/4583/4311 4254/4590/4318 4253/4589/4317
f 4254/4590/4318 4247/4583/4311 4248/4584/4312
f 4248/4584/4312 4255/4591/4319 4254/4590/4318
f 4255/4591/4319 4248/4584/4312 4249/4585/4313
f 4249/4585/4313 4256/4592/4320 4255/4591/4319
f 4256/4592/4320 4249/4585/4313 4250/4586/4314
f 4250/4586/4314 4257/4593/4321 4256/4592/4320
f 4257/4593/4321 4250/4586/4314 4251/4587/4315
f 4251/4587/4315 4258/4594/4322 4257/4593/4321
f 4258/4594/4322 4251/4587/4315 4252/4588/4316
f 4252/4588/4316 4259/4595/4323 4258/4594/4322
f 4259/4595/4323 4252/4588/4316 4184/4520/4248
f 4184/4520/4248 4192/4528/4256 4259/4595/4323
f 4068/4404/4132 4059/4395/4123 4253/4589/4317
f 4253/4589/4317 4260/4596/4324 4068/4404/4132
f 4260/4596/4324 4253/4589/4317 4254/4590/4318
f 4254/4590/4318 4261/4597/4325 4260/4596/4324
f 4261/4597/4325 4254/4590/4318 4255/4591/4319
f 4255/4591/4319 4262/4598/4326 4261/4597/4325
f 4262/4598/4326 4255/4591/4319 4256/4592/4320
f 4256/4592/4320 4263/4599/4327 4262/4598/4326
f 4263/4599/4327 4256/4592/4320 4257/4593/4321
f 4257/4593/4321 4264/4600/4328 4263/4599/4327
f 4264/4600/4328 4257/4593/4321 4258/4594/4322
f 4258/4594/4322 4265/4601/4329 4264/4600/4328
f 4265/4601/4329 4258/4594/4322 4259/4595/4323
f 4259/4595/4323 4266/4602/4330 4265/4601/4329
f 4266/4602/4330 4259/4595/4323 4192/4528/4256
f 4192/4528/4256 4200/4536/4264 4266/4602/4330
f 4077/4413/4141 4068/4404/4132 4260/4596/4324
f 4260/4596/4324 4267/4603/4331 4077/4413/4141
f 4267/4603/4331 4260/4596/4324 4261/4597/4325
f 4261/4597/4325 4268/4604/4332 4267/4603/4331
f 4268/4604/4332 4261/4597/4325 4262/4598/4326
f 4262/4598/4326 4269/4605/4333 4268/4604/4332
f 4269/4605/4333 4262/4598/4326 4263/4599/4327
f 4263/4599/4327 4270/4606/4334 4269/4605/4333
f 4270/4606/4334 4263/4599/4327 4264/4600/4328
f 4264/4600/4328 4271/4607/4335 4270/4606/4334
f 4271/4607/4335 4264/4600/4328 4265/4601/4329
f 4265/4601/4329 4272/4608/4336 4271/4607/4335
f 4272/4608/4336 4265/4601/4329 4266/4602/4330
f 4266/4602/4330 4273/4609/4337 4272/4608/4336
f 4273/4609/4337 4266/4602/4330 4200/4536/4264
f 4200/4536/4264 4208/4544/4272 4273/4609/4337
f 4086/4422/4150 4077/4413/4141 4267/4603/4331
f 4267/4603/4331 4274/4610/4338 4086/4422/4150
f 4274/4610/4338 4267/4603/4331 4268/4604/4332
f 4268/4604/4332 4275/4611/4339 4274/4610/4338
f 4275/4611/4339 4268/4604/4332 4269/4605/4333
f 4269/4605/4333 4276/4612/4340 4275/4611/4339
f 4276/4612/4340 4269/4605/4333 4270/4606/4334
f 4270/4606/4334 4277/4613/4341 4276/4612/4340
f 4277/4613/4341 4270/4606/4334 4271/4607/4335
f 4271/4607/4335 4278/4614/4342 4277/4613/4341
f 4278/4614/4342 4271/4607/4335 4272/4608/4336
f 4272/4608/4336 4279/4615/4343 4278/4614/4342
f 4279/4615/4343 4272/4608/4336 4273/4609/4337
f 4273/4609/4337 4280/4616/4344 4279/4615/4343
f 4280/4616/4344 4273/4609/4337 4208/4544/4272
f 4208/4544/4272 4216/4552/4280 4280/4616/4344
f 4095/4431/4159 4086/4422/4150 4274/4610/4338
f 4274/4610/4338 4281/4617/4345 4095/4431/4159
f 4281/4617/4345 4274/4610/4338 4275/4611/4339
f 4275/4611/4339 4282/4618/4346 4281/4617/4345
f 4282/4618/4346 4275/4611/4339 4276/4612/4340
f 4276/4612/4340 4283/4619/4347 4282/4618/4346
f 4283/4619/4347 4276/4612/4340 4277/4613/4341
f 4277/4613/4341 4284/4620/4348 4283/4619/4347
f 4284/4620/4348 4277/4613/4341 4278/4614/4342
f 4278/4614/4342 4285/4621/4349 4284/4620/4348
f 4285/4621/4349 4278/4614/4342 4279/4615/4343
f 4279/4615/4343 4286/4622/4350 4285/4621/4349
f 4286/4622/4350 4279/4615/4343 4280/4616/4344
f 4280/4616/4344 4287/4623/4351 4286/4622/4350
f 4287/4623/4351 4280/4616/4344 4216/4552/4280
f 4216/4552/4280 4224/4560/4288 4287/4623/4351
f 4096/4432/4160 4095/4431/4159 4288/4624/4352
f 4288/4624/4352 4289/4625/4353 4096/4432/4160
f 4097/4433/4161 4096/4432/4160 4289/4625/4353
f 4289/4625/4353 4290/4626/4354 4097/4433/4161
f 4098/4434/4162 4097/4433/4161 4290/4626/4354
f 4290/4626/4354 4291/4627/4355 4098/4434/4162
f 4099/4435/4163 4098/4434/4162 4291/4627/4355
f 4291/4627/4355 4292/4628/4356 4099/4435/4163
f 4100/4436/4164 4099/4435/4163 4292/4628/4356
f 4292/4628/4356 4293/4629/4357 4100/4436/4164
f 4101/4437/4165 4100/4436/4164 4293/4629/4357
f 4293/4629/4357 4294/4630/4358 4101/4437/4165
f 4102/4438/4166 4101/4437/4165 4294/4630/4358
f 4294/4630/4358 4295/4631/4359 4102/4438/4166
f 4103/4439/4167 4102/4438/4166 4295/4631/4359
f 4295/4631/4359 4296/4632/4360 4103/4439/4167
f 4289/4625/4353 4288/4624/4352 4297/4633/4361
f 4297/4633/4361 4298/4634/4362 4289/4625/4353
f 4290/4626/4354 4289/4625/4353 4298/4634/4362
f 4298/4634/4362 4299/4635/4363 4290/4626/4354
f 4291/4627/4355 4290/4626/4354 4299/4635/4363
f 4299/4635/4363 4300/4636/4364 4291/4627/4355
f 4292/4628/4356 4291/4627/4355 4300/4636/4364
f 4300/4636/4364 4301/4637/4365 4292/4628/4356
f 4293/4629/4357 4292/4628/4356 4301/4637/4365
f 4301/4637/4365 4302/4638/4366 4293/4629/4357
f 4294/4630/4358 4293/4629/4357 4302/4638/4366
f 4302/4638/4366 4303/4639/4367 4294/4630/4358
f 4295/4631/4359 4294/4630/4358 4303/4639/4367
f 4303/4639/4367 4304/4640/4368 4295/4631/4359
f 4296/4632/4360 4295/4631/4359 4304/4640/4368
f 4304/4640/4368 4305/4641/4369 4296/4632/4360
f 4298/4634/4362 4297/4633/4361 4306/4642/4370
f 4306/4642/4370 4307/4643/4371 4298/4634/4362
f 4299/4635/4363 4298/4634/4362 4307/4643/4371
f 4307/4643/4371 4308/4644/4372 4299/4635/4363
f 4300/4636/4364 4299/4635/4363 4308/4644/4372
f 4308/4644/4372 4309/4645/4373 4300/4636/4364
f 4301/4637/4365 4300/4636/4364 4309/4645/4373
f 4309/4645/4373 4310/4646/4374 4301/4637/4365
f 4302/4638/4366 4301/4637/4365 4310/4646/4374
f 4310/4646/4374 4311/4647/4375 4302/4638/4366
f 4303/4639/4367 4302/4638/4366 4311/4647/4375
f 4311/4647/4375 4312/4648/4376 4303/4639/4367
f 4304/4640/4368 4303/4639/4367 4312/4648/4376
f 4312/4648/4376 4313/4649/4377 4304/4640/4368
f 4305/4641/4369 4304/4640/4368 4313/4649/4377
f 4313/4649/4377 4314/4650/4378 4305/4641/4369
f 4307/4643/4371 4306/4642/4370 4315/4651/4379
f 4315/4651/4379 4316/4652/4380 4307/4643/4371
f 4308/4644/4372 4307/4643/4371 4316/4652/4380
f 4316/4652/4380 4317/4653/4381 4308/4644/4372
f 4309/4645/4373 4308/4644/4372 4317/4653/4381
f 4317/4653/4381 4318/4654/4382 4309/4645/4373
f 4310/4646/4374 4309/4645/4373 4318/4654/4382
f 4318/4654/4382 4319/4655/4383 4310/4646/4374
f 4311/4647/4375 4310/4646/4374 4319/4655/4383
f 4319/4655/4383 4320/4656/4384 4311/4647/4375
f 4312/4648/4376 4311/4647/4375 4320/4656/4384
f 4320/4656/4384 4321/4657/4385 4312/4648/4376
f 4313/4649/4377 4312/4648/4376 4321/4657/4385
f 4321/4657/4385 4322/4658/4386 4313/4649/4377
f 4314/4650/4378 4313/4649/4377 4322/4658/4386
f 4322/4658/4386 4323/4659/4387 4314/4650/4378
f 4316/4652/4380 4315/4651/4379 4324/4660/4388
f 4324/4660/4388 4325/4661/4389 4316/4652/4380
f 4317/4653/4381 4316/4652/4380 4325/4661/4389
f 4325/4661/4389 4326/4662/4390 4317/4653/4381
f 4318/4654/4382 4317/4653/4381 4326/4662/4390
f 4326/4662/4390 4327/4663/4391 4318/4654/4382
f 4319/4655/4383 4318/4654/4382 4327/4663/4391
f 4327/4663/4391 4328/4664/4392 4319/4655/4383
f 4320/4656/4384 4319/4655/4383 4328/4664/4392
f 4328/4664/4392 4329/4665/4393 4320/4656/4384
f 4321/4657/4385 4320/4656/4384 4329/4665/4393
f 4329/4665/4393 4330/4666/4394 4321/4657/4385
f 4322/4658/4386 4321/4657/4385 4330/4666/4394
f 4330/4666/4394 4331/4667/4395 4322/4658/4386
f 4323/4659/4387 4322/4658/4386 4331/4667/4395
f 4331/4667/4395 4332/4668/4396 4323/4659/4387
f 4325/4661/4389 4324/4660/4388 4333/4669/4397
f 4333/4669/4397 4334/4670/4398 4325/4661/4389
f 4326/4662/4390 4325/4661/4389 4334/4670/4398
f 4334/4670/4398 4335/4671/4399 4326/4662/4390
f 4327/4663/4391 4326/4662/4390 4335/4671/4399
f 4335/4671/4399 4336/4672/4400 4327/4663/4391
f 4328/4664/4392 4327/4663/4391 4336/4672/4400
f 4336/4672/4400 4337/4673/4401 4328/4664/4392
f 4329/4665/4393 4328/4664/4392 4337/4673/4401
f 4337/4673/4401 4338/4674/4402 4329/4665/4393
f 4330/4666/4394 4329/4665/4393 4338/4674/4402
f 4338/4674/4402 4339/4675/4403 4330/4666/4394
f 4331/4667/4395 4330/4666/4394 4339/4675/4403
f 4339/4675/4403 4340/4676/4404 4331/4667/4395
f 4332/4668/4396 4331/4667/4395 4340/4676/4404
f 4340/4676/4404 4341/4677/4405 4332/4668/4396
f 4334/4670/4398 4333/4669/4397 4342/4678/4406
f 4342/4678/4406 4343/4679/4407 4334/4670/4398
f 4335/4671/4399 4334/4670/4398 4343/4679/4407
f 4343/4679/4407 4344/4680/4408 4335/4671/4399
f 4336/4672/4400 4335/4671/4399 4344/4680/4408
f 4344/4680/4408 4345/4681/4409 4336/4672/4400
f 4337/4673/4401 4336/4672/4400 4345/4681/4409
f 4345/4681/4409 4346/4682/4410 4337/4673/4401
f 4338/4674/4402 4337/4673/4401 4346/4682/4410
f 4346/4682/4410 4347/4683/4411 4338/4674/4402
f 4339/4675/4403 4338/4674/4402 4347/4683/4411
f 4347/4683/4411 4348/4684/4412 4339/4675/4403
f 4340/4676/4404 4339/4675/4403 4348/4684/4412
f 4348/4684/4412 4349/4685/4413 4340/4676/4404
f 4341/4677/4405 4340/4676/4404 4349/4685/4413
f 4349/4685/4413 4350/4686/4414 4341/4677/4405
f 4343/4679/4407 4342/4678/4406 4351/4687/4415
f 4344/4680/4408 4343/4679/4407 4351/4687/4415
f 4345/4681/4409 4344/4680/4408 4351/4687/4415
f 4346/4682/4410 4345/4681/4409 4351/4687/4415
f 4347/4683/4411 4346/4682/4410 4351/4687/4415
f 4348/4684/4412 4347/4683/4411 4351/4687/4415
f 4349/4685/4413 4348/4684/4412 4351/4687/4415
f 4350/4686/4414 4349/4685/4413 4351/4687/4415
f 4160/4496/4224 4103/4439/4167 4296/4632/4360
f 4296/4632/4360 4352/4688/4416 4160/4496/4224
f 4161/4497/4225 4160/4496/4224 4352/4688/4416
f 4352/4688/4416 4353/4689/4417 4161/4497/4225
f 4162/4498/4226 4161/4497/4225 4353/4689/4417
f 4353/4689/4417 4354/4690/4418 4162/4498/4226
f 4163/4499/4227 4162/4498/4226 4354/4690/4418
f 4354/4690/4418 4355/4691/4419 4163/4499/4227
f 4164/4500/4228 4163/4499/4227 4355/4691/4419
f 4355/4691/4419 4356/4692/4420 4164/4500/4228
f 4165/4501/4229 4164/4500/4228 4356/4692/4420
f 4356/4692/4420 4357/4693/4421 4165/4501/4229
f 4166/4502/4230 4165/4501/4229 4357/4693/4421
f 4357/4693/4421 4358/4694/4422 4166/4502/4230
f 4167/4503/4231 4166/4502/4230 4358/4694/4422
f 4358/4694/4422 4359/4695/4423 4167/4503/4231
f 4352/4688/4416 4296/4632/4360 4305/4641/4369
f 4305/4641/4369 4360/4696/4424 4352/4688/4416
f 4353/4689/4417 4352/4688/4416 4360/4696/4424
f 4360/4696/4424 4361/4697/4425 4353/4689/4417
f 4354/4690/4418 4353/4689/4417 4361/4697/4425
f 4361/4697/4425 4362/4698/4426 4354/4690/4418
f 4355/4691/4419 4354/4690/4418 4362/4698/4426
f 4362/4698/4426 4363/4699/4427 4355/4691/4419
f 4356/4692/4420 4355/4691/4419 4363/4699/4427
f 4363/4699/4427 4364/4700/4428 4356/4692/4420
f 4357/4693/4421 4356/4692/4420 4364/4700/4428
f 4364/4700/4428 4365/4701/4429 4357/4693/4421
f 4358/4694/4422 4357/4693/4421 4365/4701/4429
f 4365/4701/4429 4366/4702/4430 4358/4694/4422
f 4359/4695/4423 4358/4694/4422 4366/4702/4430
f 4366/4702/4430 4367/4703/4431 4359/4695/4423
f 4360/4696/4424 4305/4641/4369 4314/4650/4378
f 4314/4650/4378 4368/4704/4432 4360/4696/4424
f 4361/4697/4425 4360/4696/4424 4368/4704/4432
f 4368/4704/4432 4369/4705/4433 4361/4697/4425
f 4362/4698/4426 4361/4697/4425 4369/4705/4433
f 4369/4705/4433 4370/4706/4434 4362/4698/4426
f 4363/4699/4427 4362/4698/4426 4370/4706/4434
f 4370/4706/4434 4371/4707/4435 4363/4699/4427
f 4364/4700/4428 4363/4699/4427 4371/4707/4435
f 4371/4707/4435 4372/4708/4436 4364/4700/4428
f 4365/4701/4429 4364/4700/4428 4372/4708/4436
f 4372/4708/4436 4373/4709/4437 4365/4701/4429
f 4366/4702/4430 4365/4701/4429 4373/4709/4437
f 4373/4709/4437 4374/4710/4438 4366/4702/4430
f 4367/4703/4431 4366/4702/4430 4374/4710/4438
f 4374/4710/4438 4375/4711/4439 4367/4703/4431
f 4368/4704/4432 4314/4650/4378 4323/4659/4387
f 4323/4659/4387 4376/4712/4440 4368/4704/4432
f 4369/4705/4433 4368/4704/4432 4376/4712/4440
f 4376/4712/4440 4377/4713/4441 4369/4705/4433
f 4370/4706/4434 4369/4705/4433 4377/4713/4441
f 4377/4713/4441 4378/4714/4442 4370/4706/4434
f 4371/4707/4435 4370/4706/4434 4378/4714/4442
f 4378/4714/4442 4379/4715/4443 4371/4707/4435
f 4372/4708/4436 4371/4707/4435 4379/4715/4443
f 4379/4715/4443 4380/4716/4444 4372/4708/4436
f 4373/4709/4437 4372/4708/4436 4380/4716/4444
f 4380/4716/4444 4381/4717/4445 4373/4709/4437
f 4374/4710/4438 4373/4709/4437 4381/4717/4445
f 4381/4717/4445 4382/4718/4446 4374/4710/4438
f 4375/4711/4439 4374/4710/4438 4382/4718/4446
f 4382/4718/4446 4383/4719/4447 4375/4711/4439
f 4376/4712/4440 4323/4659/4387 4332/4668/4396
f 4332/4668/4396 4384/4720/4448 4376/4712/4440
f 4377/4713/4441 4376/4712/4440 4384/4720/4448
f 4384/4720/4448 4385/4721/4449 4377/4713/4441
f 4378/4714/4442 4377/4713/4441 4385/4721/4449
f 4385/4721/4449 4386/4722/4450 4378/4714/4442
f 4379/4715/4443 4378/4714/4442 4386/4722/4450
f 4386/4722/4450 4387/4723/4451 4379/4715/4443
f 4380/4716/4444 4379/4715/4443 4387/4723/4451
f 4387/4723/4451 4388/4724/4452 4380/4716/4444
f 4381/4717/4445 4380/4716/4444 4388/4724/4452
f 4388/4724/4452 4389/4725/4453 4381/4717/4445
f 4382/4718/4446 4381/4717/4445 4389/4725/4453
f 4389/4725/4453 4390/4726/4454 4382/4718/4446
f 4383/4719/4447 4382/4718/4446 4390/4726/4454
f 4390/4726/4454 4391/4727/4455 4383/4719/4447
f 4384/4720/4448 4332/4668/4396 4341/4677/4405
f 4341/4677/4405 4392/4728/4456 4384/4720/4448
f 4385/4721/4449 4384/4720/4448 4392/4728/4456
f 4392/4728/4456 4393/4729/4457 4385/4721/4449
f 4386/4722/4450 4385/4721/4449 4393/4729/4457
f 4393/4729/4457 4394/4730/4458 4386/4722/4450
f 4387/4723/4451 4386/4722/4450 4394/4730/4458
f 4394/4730/4458 4395/4731/4459 4387/4723/4451
f 4388/4724/4452 4387/4723/4451 4395/4731/4459
f 4395/4731/4459 4396/4732/4460 4388/4724/4452
f 4389/4725/4453 4388/4724/4452 4396/4732/4460
f 4396/4732/4460 4397/4733/4461 4389/4725/4453
f 4390/4726/4454 4389/4725/4453 4397/4733/4461
f 4397/4733/4461 4398/4734/4462 4390/4726/4454
f 4391/4727/4455 4390/4726/4454 4398/4734/4462
f 4398/4734/4462 4399/4735/4463 4391/4727/4455
f 4392/4728/4456 4341/4677/4405 4350/4686/4414
f 4350/4686/4414 4400/4736/4464 4392/4728/4456
f 4393/4729/4457 4392/4728/4456 4400/4736/4464
f 4400/4736/4464 4401/4737/4465 4393/4729/4457
f 4394/4730/4458 4393/4729/4457 4401/4737/4465
f 4401/4737/4465 4402/4738/4466 4394/4730/4458
f 4395/4731/4459 4394/4730/4458 4402/4738/4466
f 4402/4738/4466 4403/4739/4467 4395/4731/4459
f 4396/4732/4460 4395/4731/4459 4403/4739/4467
f 4403/4739/4467 4404/4740/4468 4396/4732/4460
f 4397/4733/4461 4396/4732/4460 4404/4740/4468
f 4404/4740/4468 4405/4741/4469 4397/4733/4461
f 4398/4734/4462 4397/4733/4461 4405/4741/4469
f 4405/4741/4469 4406/4742/4470 4398/4734/4462
f 4399/4735/4463 4398/4734/4462 4406/4742/4470
f 4406/4742/4470 4407/4743/4471 4399/4735/4463
f 4400/4736/4464 4350/4686/4414 4351/4687/4415
f 4401/4737/4465 4400/4736/4464 4351/4687/4415
f 4402/4738/4466 4401/4737/4465 4351/4687/4415
f 4403/4739/4467 4402/4738/4466 4351/4687/4415
f 4404/4740/4468 4403/4739/4467 4351/4687/4415
f 4405/4741/4469 4404/4740/4468 4351/4687/4415
f 4406/4742/4470 4405/4741/4469 4351/4687/4415
f 4407/4743/4471 4406/4742/4470 4351/4687/4415
f 4408/4744/4472 4224/4560/4288 4225/4561/4289
f 4225/4561/4289 4409/4745/4473 4408/4744/4472
f 4409/4745/4473 4225/4561/4289 4226/4562/4290
f 4226/4562/4290 4410/4746/4474 4409/4745/4473
f 4410/4746/4474 4226/4562/4290 4227/4563/4291
f 4227/4563/4291 4411/4747/4475 4410/4746/4474
f 4411/4747/4475 4227/4563/4291 4228/4564/4292
f 4228/4564/4292 4412/4748/4476 4411/4747/4475
f 4412/4748/4476 4228/4564/4292 4229/4565/4293
f 4229/4565/4293 4413/4749/4477 4412/4748/4476
f 4413/4749/4477 4229/4565/4293 4230/4566/4294
f 4230/4566/4294 4414/4750/4478 4413/4749/4477
f 4414/4750/4478 4230/4566/4294 4231/4567/4295
f 4231/4567/4295 4415/4751/4479 4414/4750/4478
f 4415/4751/4479 4231/4567/4295 4167/4503/4231
f 4167/4503/4231 4359/4695/4423 4415/4751/4479
f 4416/4752/4480 4408/4744/4472 4409/4745/4473
f 4409/4745/4473 4417/4753/4481 4416/4752/4480
f 4417/4753/4481 4409/4745/4473 4410/4746/4474
f 4410/4746/4474 4418/4754/4482 4417/4753/4481
f 4418/4754/4482 4410/4746/4474 4411/4747/4475
f 4411/4747/4475 4419/4755/4483 4418/4754/4482
f 4419/4755/4483 4411/4747/4475 4412/4748/4476
f 4412/4748/4476 4420/4756/4484 4419/4755/4483
f 4420/4756/4484 4412/4748/4476 4413/4749/4477
f 4413/4749/4477 4421/4757/4485 4420/4756/4484
f 4421/4757/4485 4413/4749/4477 4414/4750/4478
f 4414/4750/4478 4422/4758/4486 4421/4757/4485
f 4422/4758/4486 4414/4750/4478 4415/4751/4479
f 4415/4751/4479 4423/4759/4487 4422/4758/4486
f 4423/4759/4487 4415/4751/4479 4359/4695/4423
f 4359/4695/4423 4367/4703/4431 4423/4759/4487
f 4424/4760/4488 4416/4752/4480 4417/4753/4481
f 4417/4753/4481 4425/4761/4489 4424/4760/4488
f 4425/4761/4489 4417/4753/4481 4418/4754/4482
f 4418/4754/4482 4426/4762/4490 4425/4761/4489
f 4426/4762/4490 4418/4754/4482 4419/4755/4483
f 4419/4755/4483 4427/4763/4491 4426/4762/4490
f 4427/4763/4491 4419/4755/4483 4420/4756/4484
f 4420/4756/4484 4428/4764/4492 4427/4763/4491
f 4428/4764/4492 4420/4756/4484 4421/4757/4485
f 4421/4757/4485 4429/4765/4493 4428/4764/4492
f 4429/4765/4493 4421/4757/4485 4422/4758/4486
f 4422/4758/4486 4430/4766/4494 4429/4765/4493
f 4430/4766/4494 4422/4758/4486 4423/4759/4487
f 4423/4759/4487 4431/4767/4495 4430/4766/4494
f 4431/4767/4495 4423/4759/4487 4367/4703/4431
f 4367/4703/4431 4375/4711/4439 4431/4767/4495
f 4432/4768/4496 4424/4760/4488 4425/4761/4489
f 4425/4761/4489 4433/4769/4497 4432/4768/4496
f 4433/4769/4497 4425/4761/4489 4426/4762/4490
f 4426/4762/4490 4434/4770/4498 4433/4769/4497
f 4434/4770/4498 4426/4762/4490 4427/4763/4491
f 4427/4763/4491 4435/4771/4499 4434/4770/4498
f 4435/4771/4499 4427/4763/4491 4428/4764/4492
f 4428/4764/4492 4436/4772/4500 4435/4771/4499
f 4436/4772/4500 4428/4764/4492 4429/4765/4493
f 4429/4765/4493 4437/4773/4501 4436/4772/4500
f 4437/4773/4501 4429/4765/4493 4430/4766/4494
f 4430/4766/4494 4438/4774/4502 4437/4773/4501
f 4438/4774/4502 4430/4766/4494 4431/4767/4495
f 4431/4767/4495 4439/4775/4503 4438/4774/4502
f 4439/4775/4503 4431/4767/4495 4375/4711/4439
f 4375/4711/4439 4383/4719/4447 4439/4775/4503
f 4440/4776/4504 4432/4768/4496 4433/4769/4497
f 4433/4769/4497 4441/4777/4505 4440/4776/4504
f 4441/4777/4505 4433/4769/4497 4434/4770/4498
f 4434/4770/4498 4442/4778/4506 4441/4777/4505
f 4442/4778/4506 4434/4770/4498 4435/4771/4499
f 4435/4771/4499 4443/4779/4507 4442/4778/4506
f 4443/4779/4507 4435/4771/4499 4436/4772/4500
f 4436/4772/4500 4444/4780/4508 4443/4779/4507
f 4444/4780/4508 4436/4772/4500 4437/4773/4501
f 4437/4773/4501 4445/4781/4509 4444/4780/4508
f 4445/4781/4509 4437/4773/4501 4438/4774/4502
f 4438/4774/4502 4446/4782/4510 4445/4781/4509
f 4446/4782/4510 4438/4774/4502 4439/4775/4503
f 4439/4775/4503 4447/4783/4511 4446/4782/4510
f 4447/4783/4511 4439/4775/4503 4383/4719/4447
f 4383/4719/4447 4391/4727/4455 4447/4783/4511
f 4448/4784/4512 4440/4776/4504 4441/4777/4505
f 4441/4777/4505 4449/4785/4513 4448/4784/4512
f 4449/4785/4513 4441/4777/4505 4442/4778/4506
f 4442/4778/4506 4450/4786/4514 4449/4785/4513
f 4450/4786/4514 4442/4778/4506 4443/4779/4507
f 4443/4779/4507 4451/4787/4515 4450/4786/4514
f 4451/4787/4515 4443/4779/4507 4444/4780/4508
f 4444/4780/4508 4452/4788/4516 4451/4787/4515
f 4452/4788/4516 4444/4780/4508 4445/4781/4509
f 4445/4781/4509 4453/4789/4517 4452/4788/4516
f 4453/4789/4517 4445/4781/4509 4446/4782/4510
f 4446/4782/4510 4454/4790/4518 4453/4789/4517
f 4454/4790/4518 4446/4782/4510 4447/4783/4511
f 4447/4783/4511 4455/4791/4519 4454/4790/4518
f 4455/4791/4519 4447/4783/4511 4391/4727/4455
f 4391/4727/4455 4399/4735/4463 4455/4791/4519
f 4456/4792/4520 4448/4784/4512 4449/4785/4513
f 4449/4785/4513 4457/4793/4521 4456/4792/4520
f 4457/4793/4521 4449/4785/4513 4450/4786/4514
f 4450/4786/4514 4458/4794/4522 4457/4793/4521
f 4458/4794/4522 4450/4786/4514 4451/4787/4515
f 4451/4787/4515 4459/4795/4523 4458/4794/4522
f 4459/4795/4523 4451/4787/4515 4452/4788/4516
f 4452/4788/4516 4460/4796/4524 4459/4795/4523
f 4460/4796/4524 4452/4788/4516 4453/4789/4517
f 4453/4789/4517 4461/4797/4525 4460/4796/4524
f 4461/4797/4525 4453/4789/4517 4454/4790/4518
f 4454/4790/4518 4462/4798/4526 4461/4797/4525
f 4462/4798/4526 4454/4790/4518 4455/4791/4519
f 4455/4791/4519 4463/4799/4527 4462/4798/4526
f 4463/4799/4527 4455/4791/4519 4399/4735/4463
f 4399/4735/4463 4407/4743/4471 4463/4799/4527
f 4456/4792/4520 4457/4793/4521 4351/4687/4415
f 4457/4793/4521 4458/4794/4522 4351/4687/4415
f 4458/4794/4522 4459/4795/4523 4351/4687/4415
f 4459/4795/4523 4460/4796/4524 4351/4687/4415
f 4460/4796/4524 4461/4797/4525 4351/4687/4415
f 4461/4797/4525 4462/4798/4526 4351/4687/4415
f 4462/4798/4526 4463/4799/4527 4351/4687/4415
f 4463/4799/4527 4407/4743/4471 4351/4687/4415
f 4288/4624/4352 4095/4431/4159 4281/4617/4345
f 4281/4617/4345 4464/4800/4528 4288/4624/4352
f 4464/4800/4528 4281/4617/4345 4282/4618/4346
f 4282/4618/4346 4465/4801/4529 4464/4800/4528
f 4465/4801/4529 4282/4618/4346 4283/4619/4347
f 4283/4619/4347 4466/4802/4530 4465/4801/4529
f 4466/4802/4530 4283/4619/4347 4284/4620/4348
f 4284/4620/4348 4467/4803/4531 4466/4802/4530
f 4467/4803/4531 4284/4620/4348 4285/4621/4349
f 4285/4621/4349 4468/4804/4532 4467/4803/4531
f 4468/4804/4532 4285/4621/4349 4286/4622/4350
f 4286/4622/4350 4469/4805/4533 4468/4804/4532
f 4469/4805/4533 4286/4622/4350 4287/4623/4351
f 4287/4623/4351 4470/4806/4534 4469/4805/4533
f 4470/4806/4534 4287/4623/4351 4224/4560/4288
f 4224/4560/4288 4408/4744/4472 4470/4806/4534
f 4297/4633/4361 4288/4624/4352 4464/4800/4528
f 4464/4800/4528 4471/4807/4535 4297/4633/4361
f 4471/4807/4535 4464/4800/4528 4465/4801/4529
f 4465/4801/4529 4472/4808/4536 4471/4807/4535
f 4472/4808/4536 4465/4801/4529 4466/4802/4530
f 4466/4802/4530 4473/4809/4537 4472/4808/4536
f 4473/4809/4537 4466/4802/4530 4467/4803/4531
f 4467/4803/4531 4474/4810/4538 4473/4809/4537
f 4474/4810/4538 4467/4803/4531 4468/4804/4532
f 4468/4804/4532 4475/4811/4539 4474/4810/4538
f 4475/4811/4539 4468/4804/4532 4469/4805/4533
f 4469/4805/4533 4476/4812/4540 4475/4811/4539
f 4476/4812/4540 4469/4805/4533 4470/4806/4534
f 4470/4806/4534 4477/4813/4541 4476/4812/4540
f 4477/4813/4541 4470/4806/4534 4408/4744/4472
f 4408/4744/4472 4416/4752/4480 4477/4813/4541
f 4306/4642/4370 4297/4633/4361 4471/4807/4535
f 4471/4807/4535 4478/4814/4542 4306/4642/4370
f 4478/4814/4542 4471/4807/4535 4472/4808/4536
f 4472/4808/4536 4479/4815/4543 4478/4814/4542
f 4479/4815/4543 4472/4808/4536 4473/4809/4537
f 4473/4809/4537 4480/4816/4544 4479/4815/4543
f 4480/4816/4544 4473/4809/4537 4474/4810/4538
f 4474/4810/4538 4481/4817/4545 4480/4816/4544
f 4481/4817/4545 4474/4810/4538 4475/4811/4539
f 4475/4811/4539 4482/4818/4546 4481/4817/4545
f 4482/4818/4546 4475/4811/4539 4476/4812/4540
f 4476/4812/4540 4483/4819/4547 4482/4818/4546
f 4483/4819/4547 4476/4812/4540 4477/4813/4541
f 4477/4813/4541 4484/4820/4548 4483/4819/4547
f 4484/4820/4548 4477/4813/4541 4416/4752/4480
f 4416/4752/4480 4424/4760/4488 4484/4820/4548
f 4315/4651/4379 4306/4642/4370 4478/4814/4542
f 4478/4814/4542 4485/4821/4549 4315/4651/4379
f 4485/4821/4549 4478/4814/4542 4479/4815/4543
f 4479/4815/4543 4486/4822/4550 4485/4821/4549
f 4486/4822/4550 4479/4815/4543 4480/4816/4544
f 4480/4816/4544 4487/4823/4551 4486/4822/4550
f 4487/4823/4551 4480/4816/4544 4481/4817/4545
f 4481/4817/4545 4488/4824/4552 4487/4823/4551
f 4488/4824/4552 4481/4817/4545 4482/4818/4546
f 4482/4818/4546 4489/4825/4553 4488/4824/4552
f 4489/4825/4553 4482/4818/4546 4483/4819/4547
f 4483/4819/4547 4490/4826/4554 4489/4825/4553
f 4490/4826/4554 4483/4819/4547 4484/4820/4548
f 4484/4820/4548 4491/4827/4555 4490/4826/4554
f 4491/4827/4555 4484/4820/4548 4424/4760/4488
f 4424/4760/4488 4432/4768/4496 4491/4827/4555
f 4324/4660/4388 4315/4651/4379 4485/4821/4549
f 4485/4821/4549 4492/4828/4556 4324/4660/4388
f 4492/4828/4556 4485/4821/4549 4486/4822/4550
f 4486/4822/4550 4493/4829/4557 4492/4828/4556
f 4493/4829/4557 4486/4822/4550 4487/4823/4551
f 4487/4823/4551 4494/4830/4558 4493/4829/4557
f 4494/4830/4558 4487/4823/4551 4488/4824/4552
f 4488/4824/4552 4495/4831/4559 4494/4830/4558
f 4495/4831/4559 4488/4824/4552 4489/4825/4553
f 4489/4825/4553 4496/4832/4560 4495/4831/4559
f 4496/4832/4560 4489/4825/4553 4490/4826/4554
f 4490/4826/4554 4497/4833/4561 4496/4832/4560
f 4497/4833/4561 4490/4826/4554 4491/4827/4555
f 4491/4827/4555 4498/4834/4562 4497/4833/4561
f 4498/4834/4562 4491/4827/4555 4432/4768/4496
f 4432/4768/4496 4440/4776/4504 4498/4834/4562
f 4333/4669/4397 4324/4660/4388 4492/4828/4556
f 4492/4828/4556 4499/4835/4563 4333/4669/4397
f 4499/4835/4563 4492/4828/4556 4493/4829/4557
f 4493/4829/4557 4500/4836/4564 4499/4835/4563
f 4500/4836/4564 4493/4829/4557 4494/4830/4558
f 4494/4830/4558 4501/4837/4565 4500/4836/4564
f 4501/4837/4565 4494/4830/4558 4495/4831/4559
f 4495/4831/4559 4502/4838/4566 4501/4837/4565
f 4502/4838/4566 4495/4831/4559 4496/4832/4560
f 4496/4832/4560 4503/4839/4567 4502/4838/4566
f 4503/4839/4567 4496/4832/4560 4497/4833/4561
f 4497/4833/4561 4504/4840/4568 4503/4839/4567
f 4504/4840/4568 4497/4833/4561 4498/4834/4562
f 4498/4834/4562 4505/4841/4569 4504/4840/4568
f 4505/4841/4569 4498/4834/4562 4440/4776/4504
f 4440/4776/4504 4448/4784/4512 4505/4841/4569
f 4342/4678/4406 4333/4669/4397 4499/4835/4563
f 4499/4835/4563 4506/4842/4570 4342/4678/4406
f 4506/4842/4570 4499/4835/4563 4500/4836/4564
f 4500/4836/4564 4507/4843/4571 4506/4842/4570
f 4507/4843/4571 4500/4836/4564 4501/4837/4565
f 4501/4837/4565 4508/4844/4572 4507/4843/4571
f 4508/4844/4572 4501/4837/4565 4502/4838/4566
f 4502/4838/4566 4509/4845/4573 4508/4844/4572
f 4509/4845/4573 4502/4838/4566 4503/4839/4567
f 4503/4839/4567 4510/4846/4574 4509/4845/4573
f 4510/4846/4574 4503/4839/4567 4504/4840/4568
f 4504/4840/4568 4511/4847/4575 4510/4846/4574
f 4511/4847/4575 4504/4840/4568 4505/4841/4569
f 4505/4841/4569 4512/4848/4576 4511/4847/4575
f 4512/4848/4576 4505/4841/4569 4448/4784/4512
f 4448/4784/4512 4456/4792/4520 4512/4848/4576
f 4342/4678/4406 4506/4842/4570 4351/4687/4415
f 4506/4842/4570 4507/4843/4571 4351/4687/4415
f 4507/4843/4571 4508/4844/4572 4351/4687/4415
f 4508/4844/4572 4509/4845/4573 4351/4687/4415
f 4509/4845/4573 4510/4846/4574 4351/4687/4415
f 4510/4846/4574 4511/4847/4575 4351/4687/4415
f 4511/4847/4575 4512/4848/4576 4351/4687/4415
f 4512/4848/4576 4456/4792/4520 4351/4687/4415
